<?xml version="1.0" encoding="UTF-8" ?>
<weblogic-application xmlns="http://www.bea.com/ns/weblogic/weblogic-application"
                      xmlns:xsi="http://www.w3.org/2001/XMLSchema-instance"
                      xsi:schemaLocation="http://www.bea.com/ns/weblogic/weblogic-application.xsd">
  <library-ref>
    <library-name>adf.1013.oracle.domain</library-name>
    <implementation-version>10.1.3</implementation-version>
  </library-ref>
  <library-ref>
    <library-name>oracle.1013.xml</library-name>
    <implementation-version>10.1.3</implementation-version>
  </library-ref>


  <security>
    <realm-name>myrealm</realm-name>
    <security-role-assignment>
      <role-name>IWEB_USERS</role-name>
      <principal-name>IWEB Users</principal-name>
    </security-role-assignment>
  </security>

  <prefer-application-packages>
   <package-name>HTTPClient.*</package-name>
   <package-name>HTTPClient.http.*</package-name>
   <package-name>HTTPClient.https.*</package-name>
   <package-name>HTTPClient.ntlm.*</package-name>
   <package-name>HTTPClient.shttp.*</package-name>
   <package-name>KeyStoreTest</package-name>
   <package-name>OracleXML</package-name>
   <package-name>OracleXMLStore</package-name>
   <package-name>antlr.*</package-name>
   <package-name>antlr.collections.*</package-name>
   <package-name>antlr.collections.impl.*</package-name>
   <package-name>antlr.debug.misc.*</package-name>
   <package-name>com.sun.msv.*</package-name>
   <package-name>com.sun.xml.*</package-name>
   <package-name>javax.wsdl.*</package-name>
   <package-name>javax.wsdl.extensions.*</package-name>
   <package-name>javax.wsdl.factory.*</package-name>
   <package-name>javax.wsdl.xml.*</package-name>
   <package-name>javax.xml.*</package-name>
   <package-name>javax.xml.bind.*</package-name>
   <package-name>javax.xml.namespace.*</package-name>
   <package-name>javax.xml.parsers.*</package-name>
   <package-name>javax.xml.transform.*</package-name>
   <package-name>javax.xml.xpath.*</package-name>
   <package-name>oracle.adf.model.*</package-name>
   <package-name>oracle.adf.share.*</package-name>
   <package-name>oracle.bali.share.*</package-name>
   <package-name>oracle.bali.xml.*</package-name>
   <package-name>oracle.core.lmx.*</package-name>
   <package-name>oracle.core.lvf.*</package-name>
   <package-name>oracle.core.ojdl.*</package-name>
   <package-name>oracle.dms.clock.*</package-name>
   <package-name>oracle.dms.console.*</package-name>
   <package-name>oracle.dms.http.*</package-name>
   <package-name>oracle.dms.instrument.*</package-name>
   <package-name>oracle.dms.reporter.*</package-name>
   <package-name>oracle.dms.spy.*</package-name>
   <package-name>oracle.dms.util.*</package-name>
   <package-name>oracle.ias.cache.*</package-name>
   <package-name>oracle.ide.*</package-name>
   <package-name>oracle.ide.model.*</package-name>
   <package-name>oracle.ide.net.*</package-name>
   <package-name>oracle.ide.nulls.*</package-name>
   <package-name>oracle.ide.performance.*</package-name>
   <package-name>oracle.ide.resource.*</package-name>
   <package-name>oracle.ide.util.*</package-name>
   <package-name>oracle.j2ee.ws.*</package-name>
   <package-name>oracle.javatools.buffer.*</package-name>
   <package-name>oracle.javatools.compare.*</package-name>
   <package-name>oracle.javatools.data.*</package-name>
   <package-name>oracle.javatools.editor.*</package-name>
   <package-name>oracle.javatools.jndi.*</package-name>
   <package-name>oracle.javatools.logging.*</package-name>
   <package-name>oracle.javatools.net.*</package-name>
   <package-name>oracle.javatools.parser.*</package-name>
   <package-name>oracle.javatools.patch.*</package-name>
   <package-name>oracle.javatools.util.*</package-name>
   <package-name>oracle.jdeveloper.xml.*</package-name>
   <package-name>oracle.jdevimpl.xml.*</package-name>
   <package-name>oracle.jpub.runtime.*</package-name>
   <package-name>oracle.jsp.el.*</package-name>
   <package-name>oracle.mds.config.*</package-name>
   <package-name>oracle.mds.core.*</package-name>
   <package-name>oracle.mds.cust.*</package-name>
   <package-name>oracle.mds.el.*</package-name>
   <package-name>oracle.mds.exception.*</package-name>
   <package-name>oracle.mds.internal.*</package-name>
   <package-name>oracle.mds.jsp.*</package-name>
   <package-name>oracle.mds.melement.*</package-name>
   <package-name>oracle.mds.persistence.*</package-name>
   <package-name>oracle.mds.query.*</package-name>
   <package-name>oracle.mds.tools.*</package-name>
   <package-name>oracle.mds.transfer.*</package-name>
   <package-name>oracle.mds.type.*</package-name>
   <package-name>oracle.mds.util.*</package-name>
   <package-name>oracle.mds.xml.*</package-name>
   <package-name>oracle.net.ano.*</package-name>
   <package-name>oracle.net.jndi.*</package-name>
   <package-name>oracle.net.ns.*</package-name>
   <package-name>oracle.net.nt.*</package-name>
   <package-name>oracle.net.resolver.*</package-name>
   <package-name>oracle.portlet.client.*</package-name>
   <package-name>oracle.security.crypto.*</package-name>
   <package-name>oracle.security.misc.*</package-name>
   <package-name>oracle.security.o3logon.*</package-name>
   <package-name>oracle.security.pki.*</package-name>
   <package-name>oracle.security.wss.*</package-name>
   <package-name>oracle.security.xmlsec.*</package-name>
   <package-name>oracle.toplink.*</package-name>
   <package-name>oracle.toplink.changesets.*</package-name>
   <package-name>oracle.toplink.descriptors.*</package-name>
   <package-name>oracle.toplink.eis.*</package-name>
   <package-name>oracle.toplink.ejb.*</package-name>
   <package-name>oracle.toplink.exceptions.*</package-name>
   <package-name>oracle.toplink.expressions.*</package-name>
   <package-name>oracle.toplink.history.*</package-name>
   <package-name>oracle.toplink.indirection.*</package-name>
   <package-name>oracle.toplink.internal.*</package-name>
   <package-name>oracle.toplink.jndi.*</package-name>
   <package-name>oracle.toplink.logging.*</package-name>
   <package-name>oracle.toplink.mappings.*</package-name>
   <package-name>oracle.toplink.objectrelational.*</package-name>
   <package-name>oracle.toplink.ox.*</package-name>
   <package-name>oracle.toplink.platform.*</package-name>
   <package-name>oracle.toplink.publicinterface.*</package-name>
   <package-name>oracle.toplink.queryframework.*</package-name>
   <package-name>oracle.toplink.querykeys.*</package-name>
   <package-name>oracle.toplink.remote.*</package-name>
   <package-name>oracle.toplink.remotecommand.*</package-name>
   <package-name>oracle.toplink.sdk.*</package-name>
   <package-name>oracle.toplink.sequencing.*</package-name>
   <package-name>oracle.toplink.services.*</package-name>
   <package-name>oracle.toplink.sessionbroker.*</package-name>
   <package-name>oracle.toplink.sessions.*</package-name>
   <package-name>oracle.toplink.threetier.*</package-name>
   <package-name>oracle.toplink.tools.*</package-name>
   <package-name>oracle.toplink.transaction.*</package-name>
   <package-name>oracle.toplink.transform.*</package-name>
   <package-name>oracle.toplink.util.*</package-name>
   <package-name>oracle.toplink.xdb.*</package-name>
   <package-name>oracle.toplink.xml.*</package-name>
   <package-name>oracle.webservices.*</package-name>
   <package-name>oracle.webservices.attachments.*</package-name>
   <package-name>oracle.webservices.databinding.*</package-name>
   <package-name>oracle.webservices.management.*</package-name>
   <package-name>oracle.webservices.mdds.*</package-name>
   <package-name>oracle.webservices.model.*</package-name>
   <package-name>oracle.webservices.portability.*</package-name>
   <package-name>oracle.webservices.provider.*</package-name>
   <package-name>oracle.webservices.soap.*</package-name>
   <package-name>oracle.webservices.transport.*</package-name>
   <package-name>oracle.webservices.wsdl.*</package-name>
   <package-name>oracle.xml.async.*</package-name>
   <package-name>oracle.xml.comp.*</package-name>
   <package-name>oracle.xml.dbaccess.*</package-name>
   <package-name>oracle.xml.differ.*</package-name>
   <package-name>oracle.xml.io.*</package-name>
   <package-name>oracle.xml.jaxb.*</package-name>
   <package-name>oracle.xml.jaxp.*</package-name>
   <package-name>oracle.xml.jdwp.*</package-name>
   <package-name>oracle.xml.mesg.*</package-name>
   <package-name>oracle.xml.parser.*</package-name>
   <package-name>oracle.xml.pipeline.*</package-name>
   <package-name>oracle.xml.schemavalidator.*</package-name>
   <package-name>oracle.xml.sql.*</package-name>
   <package-name>oracle.xml.transviewer.*</package-name>
   <package-name>oracle.xml.transx.*</package-name>
   <package-name>oracle.xml.util.*</package-name>
   <package-name>oracle.xml.xmlcomp.*</package-name>
   <package-name>oracle.xml.xmldbaccess.*</package-name>
   <package-name>oracle.xml.xpath.*</package-name>
   <package-name>oracle.xml.xqxp.*</package-name>
   <package-name>oracle.xml.xslt.*</package-name>
   <package-name>oracle.xml.xsql.*</package-name>
   <package-name>oracle.xquery.*</package-name>
   <package-name>oracle.xquery.comp.*</package-name>
   <package-name>oracle.xquery.exec.*</package-name>
   <package-name>oracle.xquery.func.*</package-name>
   <package-name>oracle.xquery.parser.*</package-name>
   <package-name>oracle.xquery.servlet.*</package-name>
   <package-name>org.apache.commons.*</package-name>
   <package-name>org.apache.xerces.*</package-name>
   <package-name>org.opensaml.*</package-name>
   <package-name>org.w3c.dom.*</package-name>
   <package-name>org.xml.sax.*</package-name>
  </prefer-application-packages>


</weblogic-application>
