<?xml version = '1.0' encoding = 'windows-1252'?>
<weblogic-application xmlns:xsi="http://www.w3.org/2001/XMLSchema-instance"
                      xsi:schemaLocation="http://xmlns.oracle.com/weblogic/weblogic-application http://xmlns.oracle.com/weblogic/weblogic-application/1.1/weblogic-application.xsd"
                      xmlns="http://xmlns.oracle.com/weblogic/weblogic-application">
  <security>
        <realm-name>myrealm</realm-name>
        <security-role-assignment>
            <role-name>IWEB_USERS</role-name>
            <principal-name>IWEB Users</principal-name>
        </security-role-assignment>
  </security>
  <listener>
    <listener-class>oracle.adf.share.weblogic.listeners.ADFApplicationLifecycleListener</listener-class>
  </listener>
  <listener>
    <listener-class>oracle.mds.lcm.weblogic.WLLifecycleListener</listener-class>
  </listener>
  <library-ref>
    <library-name>adf.oracle.domain</library-name>
  </library-ref>
</weblogic-application>