<?xml version="1.0" encoding="UTF-8" ?>
<pageDefinition xmlns="http://xmlns.oracle.com/adfm/uimodel" version="12.2.1.22.48" id="contactsPageDef" Package="raca">
 <parameters/>
 <executables>
    <iterator id="ContactsLinksViewIterator" RangeSize="10" Binds="ContactsLinksView"
              DataControl="GACommonServiceDataControl" Refresh="ifNeeded"/>
    <iterator Binds="ContactAddressesView" RangeSize="25" DataControl="GACommonServiceDataControl"
              id="ContactAddressesViewIterator"/>
    <searchRegion Binds="ContactAddressesViewIterator" Criteria=""
                  Customizer="oracle.jbo.uicli.binding.JUSearchBindingCustomizer" id="ContactAddressesViewQuery"/>
    <iterator Binds="ContactPhonesView" RangeSize="25" DataControl="GACommonServiceDataControl"
              id="ContactPhonesViewIterator"/>
    <iterator Binds="GrantView" RangeSize="25" DataControl="GACommonServiceDataControl" id="GrantViewIterator"/>
    <searchRegion Binds="GrantViewIterator" Criteria="" Customizer="oracle.jbo.uicli.binding.JUSearchBindingCustomizer"
                  id="GrantViewQuery"/>
    <iterator Binds="RacaAgmtView" RangeSize="10" DataControl="GACommonServiceDataControl" id="RacaAgmtViewIterator"/>
  </executables>
  <bindings>
    <table id="AccInstrumentsViewContactsLinksView" IterBinding="ContactsLinksViewIterator">
      <AttrNames>
        <Item Value="AccinstCn"/>
        <Item Value="ContCn"/>
        <Item Value="LinkTypeName"/>
        <Item Value="LinkSubType"/>
        <Item Value="Cn"/>
        <Item Value="Remarks"/>
        <Item Value="Id"/>
        <Item Value="Name"/>
      </AttrNames>
    </table>
    <action id="Create" IterBinding="ContactsLinksViewIterator"
            InstanceName="GACommonServiceDataControl.ContactsLinksView"
            DataControl="GACommonServiceDataControl" RequiresUpdateModel="true" Action="createInsertRow"/>
    <action id="Delete" IterBinding="ContactsLinksViewIterator"
            InstanceName="GACommonServiceDataControl.ContactsLinksView"
            DataControl="GACommonServiceDataControl" RequiresUpdateModel="false" Action="removeCurrentRow"/>
    <tree IterBinding="ContactsLinksViewIterator" id="ContactsLinksView">
      <nodeDefinition DefName="gov.usda.fs.nrm.gacommon.model.dataaccess.raca.contacts.ContactsLinksView"
                      Name="ContactsLinksView0">
        <AttrNames>
          <Item Value="LinkSubType"/>
          <Item Value="Name"/>
        </AttrNames>
      </nodeDefinition>
    </tree>
    <attributeValues IterBinding="ContactsLinksViewIterator" id="LinkSubType">
      <AttrNames>
        <Item Value="LinkSubType"/>
      </AttrNames>
    </attributeValues>
    <attributeValues IterBinding="ContactsLinksViewIterator" id="Id">
      <AttrNames>
        <Item Value="Id"/>
      </AttrNames>
    </attributeValues>
    <attributeValues IterBinding="ContactsLinksViewIterator" id="Name">
      <AttrNames>
        <Item Value="Name"/>
      </AttrNames>
    </attributeValues>
    <attributeValues IterBinding="ContactsLinksViewIterator" id="Remarks">
      <AttrNames>
        <Item Value="Remarks"/>
      </AttrNames>
    </attributeValues>
    <tree IterBinding="ContactAddressesViewIterator" id="ContactAddressesView">
      <nodeDefinition DefName="gov.usda.fs.nrm.gacommon.model.dataaccess.raca.contacts.AddressesView"
                      Name="ContactAddressesView0">
        <AttrNames>
          <Item Value="ContCn"/>
          <Item Value="AddressType"/>
          <Item Value="Line1"/>
          <Item Value="Line2"/>
          <Item Value="Line3"/>
          <Item Value="CityName"/>
          <Item Value="StateCode"/>
          <Item Value="PostalCode"/>
          <Item Value="ElectronicAddress"/>
          <Item Value="Restrictions"/>
          <Item Value="CountryName"/>
          <Item Value="CongressionalDistrict"/>
          <Item Value="County"/>
          <Item Value="ProgramArea"/>
          <Item Value="SecurityId"/>
          <Item Value="Zip4"/>
          <Item Value="AddrCn"/>
        </AttrNames>
      </nodeDefinition>
    </tree>
    <tree IterBinding="ContactPhonesViewIterator" id="ContactPhonesView">
      <nodeDefinition DefName="gov.usda.fs.nrm.gacommon.model.dataaccess.raca.contacts.PhoneNumbersView"
                      Name="ContactPhonesView0">
        <AttrNames>
          <Item Value="PnCn"/>
          <Item Value="ContCn"/>
          <Item Value="PhoneNumberType"/>
          <Item Value="InternationalCode"/>
          <Item Value="AreaCode"/>
          <Item Value="PhoneNumber"/>
          <Item Value="Extension"/>
          <Item Value="Restrictions"/>
          <Item Value="Comments"/>
          <Item Value="ProgramArea"/>
          <Item Value="SecurityId"/>
        </AttrNames>
      </nodeDefinition>
    </tree>
    <attributeValues IterBinding="ContactsLinksViewIterator" id="AccinstCn">
      <AttrNames>
        <Item Value="AccinstCn"/>
      </AttrNames>
    </attributeValues>
    <attributeValues IterBinding="ContactsLinksViewIterator" id="Cn">
      <AttrNames>
        <Item Value="Cn"/>
      </AttrNames>
    </attributeValues>
    <attributeValues IterBinding="ContactsLinksViewIterator" id="ContCn">
      <AttrNames>
        <Item Value="ContCn"/>
      </AttrNames>
    </attributeValues>
    <tree IterBinding="GrantViewIterator" id="GrantView">
      <nodeDefinition DefName="gov.usda.fs.nrm.gacommon.model.dataaccess.raca.GrantView" Name="GrantView0">
        <AttrNames>
          <Item Value="Cn"/>
          <Item Value="Id"/>
          <Item Value="Name"/>
          <Item Value="ObjTech"/>
          <Item Value="ObjName"/>
          <Item Value="ObjClass"/>
          <Item Value="Description"/>
          <Item Value="ManagingContCn"/>
          <Item Value="GaCn"/>
          <Item Value="FedIdFy"/>
          <Item Value="FedIdType"/>
          <Item Value="FedIdAgency"/>
          <Item Value="FedIdRegion"/>
          <Item Value="FedIdUnit"/>
          <Item Value="FedIdSubunit"/>
          <Item Value="FedIdSeq"/>
          <Item Value="ProjTitle"/>
          <Item Value="ProjStatus"/>
          <Item Value="ApplicationId"/>
          <Item Value="ApplicationType"/>
          <Item Value="AppSubmissionType"/>
          <Item Value="AppSubmitDate"/>
          <Item Value="AppReceivedDate"/>
          <Item Value="HhsPaymentInd"/>
          <Item Value="ProposedStartDate"/>
          <Item Value="ProposedEndDate"/>
          <Item Value="ProjDesc"/>
          <Item Value="ProjReceivedDt"/>
          <Item Value="ProjExecutionDt"/>
          <Item Value="ProjStartDt"/>
          <Item Value="ProjObligationDt"/>
          <Item Value="ProjExpirationDt"/>
          <Item Value="ProjRwu"/>
          <Item Value="ProjCloseDt"/>
          <Item Value="ProjCancellationDt"/>
          <Item Value="DateMailed"/>
          <Item Value="DateSigned"/>
          <Item Value="ExtramuralInd"/>
          <Item Value="ProjCfdaNo"/>
          <Item Value="ProjScienceCd"/>
          <Item Value="ResearchType"/>
          <Item Value="JournalInd"/>
          <Item Value="ModNumber"/>
          <Item Value="OrigFedId"/>
          <Item Value="Comments"/>
          <Item Value="MasterFedId"/>
          <Item Value="AopInd"/>
          <Item Value="GeoType"/>
          <Item Value="ManagingStateCounty"/>
          <Item Value="AreasEffected"/>
          <Item Value="Ffin"/>
          <Item Value="StateEoCode"/>
          <Item Value="StateEoDate"/>
          <Item Value="FedEstFund"/>
          <Item Value="ApplicantEstFund"/>
          <Item Value="StateEstFund"/>
          <Item Value="LocalEstFund"/>
          <Item Value="PiEstFund"/>
          <Item Value="OthEstFund"/>
          <Item Value="Status"/>
          <Item Value="StatusDate"/>
          <Item Value="RerouteFrom"/>
          <Item Value="RerouteDate"/>
          <Item Value="ProjectCongressionalDistrict"/>
          <Item Value="FfisDocId"/>
          <Item Value="LockedInd"/>
          <Item Value="ApplicantName"/>
          <Item Value="StateIdentifier"/>
          <Item Value="InternationalActInd"/>
          <Item Value="ProjType"/>
          <Item Value="AdvanceAllowedInd"/>
          <Item Value="CreatedDate"/>
          <Item Value="CreatedBy"/>
          <Item Value="CreatedInInstance"/>
          <Item Value="SecurityId"/>
          <Item Value="ProgrmResponsibilityType"/>
          <Item Value="CooperatorAgreementNumber"/>
        </AttrNames>
      </nodeDefinition>
    </tree>
    <list IterBinding="ContactsLinksViewIterator" StaticList="false" Uses="LOV_LinkSubType" id="LinkSubType1"
          DTSupportsMRU="true" SelectItemValueMode="ListObject"/>
    <tree IterBinding="ContactsLinksViewIterator" id="ContactsLinksView1">
      <nodeDefinition DefName="gov.usda.fs.nrm.gacommon.model.dataaccess.raca.contacts.ContactsLinksView"
                      Name="ContactsLinksView10">
        <AttrNames>
          <Item Value="AccinstCn"/>
          <Item Value="ContCn"/>
          <Item Value="LinkTypeName"/>
          <Item Value="LinkSubType"/>
          <Item Value="Cn"/>
          <Item Value="Remarks"/>
          <Item Value="Id"/>
          <Item Value="Cn1"/>
          <Item Value="Name"/>
        </AttrNames>
      </nodeDefinition>
    </tree>
    <methodAction id="getDomainName" RequiresUpdateModel="true" Action="invokeMethod" MethodName="getDomainName"
                  IsViewObjectMethod="false" DataControl="GACommonServiceDataControl"
                  InstanceName="bindings.getDomainName.dataControl.dataProvider"
                  ReturnName="data.GACommonServiceDataControl.methodResults.getDomainName_getDomainName_dataControl_dataProvider_getDomainName_result"/>
    <attributeValues IterBinding="RacaAgmtViewIterator" id="CnA">
      <AttrNames>
        <Item Value="Cn"/>
      </AttrNames>
    </attributeValues>
  </bindings>
</pageDefinition>
