<?xml version = '1.0' encoding = 'UTF-8'?>
<weblogic-web-app xmlns:xsi="http://www.w3.org/2001/XMLSchema-instance"
                  xsi:schemaLocation="http://xmlns.oracle.com/weblogic/weblogic-web-app http://xmlns.oracle.com/weblogic/weblogic-web-app/1.7/weblogic-web-app.xsd"
                  xmlns="http://xmlns.oracle.com/weblogic/weblogic-web-app">

  <library-ref>
    <library-name>adf.oracle.domain.webapp</library-name>
  </library-ref>

  <library-ref>
    <library-name>jax-rs</library-name>
  </library-ref>
  
</weblogic-web-app>
