<?xml version = '1.0' encoding = 'windows-1252'?>
<application xmlns:xsi="http://www.w3.org/2001/XMLSchema-instance" 
             xsi:schemaLocation="http://java.sun.com/xml/ns/j2ee http://java.sun.com/xml/ns/j2ee/application_1_4.xsd" 
             version="1.4" xmlns="http://java.sun.com/xml/ns/j2ee">
    <display-name>raca</display-name>
    <module>
        <web>
            <web-uri>raca.war</web-uri>
            <context-root>raca</context-root>
        </web>
    </module>
</application>
