<?xml version = '1.0' encoding = 'UTF-8'?>
<orion-application xmlns:xsi="http://www.w3.org/2001/XMLSchema-instance" xsi:noNamespaceSchemaLocation="http://xmlns.oracle.com/oracleas/schema/orion-application-10_0.xsd">
  <jazn provider="LDAP" default-realm="jazn.com">
    <jazn-web-app auth-method="SSO"/>
  </jazn>
  <security-role-mapping name="IWEB_USERS">
    <group name="fs/IWEB"></group>
  </security-role-mapping>

  <imported-shared-libraries>
    <remove-inherited name="apache.commons.logging"></remove-inherited>
  </imported-shared-libraries> 

<!--
  <jazn provider="XML" default-realm="jazn.com" location="./jazn-data.xml"/>
  <data-sources path="./data-sources.xml"></data-sources>
-->
</orion-application>

