<?xml version="1.0" encoding="windows-1252" ?>
<pageTemplateDefs xmlns="http://xmlns.oracle.com/adf/faces/rich/pagetemplate">
    <pagetemplate-jsp-ui-def>/templates/contactreassignmentTemplate.jsf</pagetemplate-jsp-ui-def>
    <pagetemplate-jsp-ui-def>/templates/codesTemplate.jsf</pagetemplate-jsp-ui-def>
    <pagetemplate-jsp-ui-def>/templates/racaTemplate.jsf</pagetemplate-jsp-ui-def>
    <pagetemplate-jsp-ui-def>/templates/landingTemplate.jsf</pagetemplate-jsp-ui-def>
</pageTemplateDefs>
