<?xml version = '1.0' encoding = 'UTF-8'?>
<task-flow-registry xmlns="http://xmlns.oracle.com/adf/controller/rc">
   <task-flow-descriptor path="META-INF/adfc-config.xml" id="" type="" uses-page-fragments="false" library-internal="false" remote-invocable="false" train="false" critical="false" page-type="unspecified"/>
   <task-flow-descriptor path="WEB-INF/contreplace/adf-contact-reassignment.xml" id="adf-contact-reassignment" type="task-flow-definition" uses-page-fragments="true" library-internal="false" remote-invocable="false" train="false" critical="false" page-type="facelets"/>
   <task-flow-descriptor path="WEB-INF/ffatarejects/adf-ffatarejects-flow.xml" id="adf-ffatarejects-flow" type="task-flow-definition" uses-page-fragments="true" library-internal="false" remote-invocable="false" train="false" critical="false" page-type="facelets"/>
   <task-flow-descriptor path="WEB-INF/gacodes/codevalues-task-flow-definition.xml" id="codevalues-task-flow-definition" type="task-flow-definition" uses-page-fragments="true" library-internal="false" remote-invocable="false" train="false" critical="false" page-type="facelets"/>
   <task-flow-descriptor path="WEB-INF/gacodes/gacodemapping-task-flow-definition.xml" id="gacodemapping-task-flow-definition" type="task-flow-definition" uses-page-fragments="true" library-internal="false" remote-invocable="false" train="false" critical="false" page-type="facelets"/>
   <task-flow-descriptor path="WEB-INF/gacodes/zipcodes-task-flow-definition.xml" id="zipcodes-task-flow-definition" type="task-flow-definition" uses-page-fragments="true" library-internal="false" remote-invocable="false" train="false" critical="false" page-type="facelets"/>
   <task-flow-descriptor path="WEB-INF/raca/adf-raca-bills-flow.xml" id="adf-raca-bills-flow" type="task-flow-definition" uses-page-fragments="true" library-internal="false" remote-invocable="false" train="false" critical="false" page-type="facelets"/>
   <task-flow-descriptor path="WEB-INF/raca/adf-raca-collection-flow.xml.xml" id="adf-raca-collection-flow" type="task-flow-definition" uses-page-fragments="true" library-internal="false" remote-invocable="false" train="false" critical="false" page-type="facelets"/>
   <task-flow-descriptor path="WEB-INF/raca/adf-raca-contact-flow.xml" id="adf-raca-contact-flow" type="task-flow-definition" uses-page-fragments="true" library-internal="false" remote-invocable="false" train="false" critical="false" page-type="facelets"/>
   <task-flow-descriptor path="WEB-INF/raca/adf-raca-context.xml" id="gacontext" type="task-flow-definition" uses-page-fragments="true" library-internal="false" remote-invocable="false" train="false" critical="false" page-type="facelets"/>
   <task-flow-descriptor path="WEB-INF/raca/adf-raca-cooperrators-flow.xml" id="adf-raca-cooperrators-flow" type="task-flow-definition" uses-page-fragments="true" library-internal="false" remote-invocable="false" train="false" critical="false" page-type="facelets"/>
   <task-flow-descriptor path="WEB-INF/raca/adfc-raca-flow.xml" id="" type="" uses-page-fragments="false" library-internal="false" remote-invocable="false" train="false" critical="false" page-type="facelets"/>
</task-flow-registry>