<?xml version='1.0' encoding='windows-1252' ?>
<!DOCTYPE Entity SYSTEM "jbo_03_01.dtd">

<Entity
   xmlns="http://xmlns.oracle.com/bc4j"
   Name="FfataMessageLog"
   Version="12.2.1.22.48"
   DBObjectType="synonym"
   DBObjectName="II_FFATA_MESSAGE_LOG"
   AliasName="FfataMessageLog"
   BindingStyle="OracleName"
   RowClass="gov.usda.fs.nrm.gacommon.model.entity.ffatarejects.FfataMessageLogImpl" >
   <DesignTime>
      <Attr Name="_codeGenFlag2" Value="Access" />
      <Attr Name="_isCodegen" Value="true" />
   </DesignTime>
   <Attribute
      Name="Cn"
      IsNotNull="true"
      Precision="34"
      ColumnName="CN"
      SQLType="VARCHAR"
      Type="java.lang.String"
      ColumnType="VARCHAR2"
      TableName="II_FFATA_MESSAGE_LOG"
      PrimaryKey="true" >
      <DesignTime>
         <Attr Name="_DisplaySize" Value="34" />
      </DesignTime>
   </Attribute>
   <Attribute
      Name="Agency"
      Precision="2"
      ColumnName="AGENCY"
      SQLType="VARCHAR"
      Type="java.lang.String"
      ColumnType="VARCHAR2"
      TableName="II_FFATA_MESSAGE_LOG" >
      <DesignTime>
         <Attr Name="_DisplaySize" Value="2" />
      </DesignTime>
   </Attribute>
   <Attribute
      Name="TransmissionNum"
      Precision="4"
      ColumnName="TRANSMISSION_NUM"
      SQLType="NUMERIC"
      Type="java.lang.String"
      ColumnType="VARCHAR2"
      TableName="II_FFATA_MESSAGE_LOG" >
      <DesignTime>
         <Attr Name="_DisplaySize" Value="22" />
      </DesignTime>
      <Properties>
         <SchemaBasedProperties>
            <LABEL
               ResId="gov.usda.fs.nrm.gacommon.model.entity.ffatarejects.FfataMessageLog.TransmissionNum_LABEL" >
            </LABEL>
         </SchemaBasedProperties>
      </Properties>
   </Attribute>
   <Attribute
      Name="ErrorNum"
      Precision="4"
      ColumnName="ERROR_NUM"
      SQLType="VARCHAR"
      Type="java.lang.String"
      ColumnType="VARCHAR2"
      TableName="II_FFATA_MESSAGE_LOG" >
      <DesignTime>
         <Attr Name="_DisplaySize" Value="4" />
      </DesignTime>
      <Properties>
         <SchemaBasedProperties>
            <DISPLAYWIDTH
               Value="4" >
            </DISPLAYWIDTH>
            <LABEL
               ResId="gov.usda.fs.nrm.gacommon.model.entity.ffatarejects.FfataMessageLog.ErrorNum_LABEL" >
            </LABEL>
         </SchemaBasedProperties>
      </Properties>
   </Attribute>
   <Attribute
      Name="Fain"
      Precision="22"
      ColumnName="FAIN"
      SQLType="VARCHAR"
      Type="java.lang.String"
      ColumnType="VARCHAR2"
      TableName="II_FFATA_MESSAGE_LOG" >
      <DesignTime>
         <Attr Name="_DisplaySize" Value="16" />
      </DesignTime>
   </Attribute>
   <Attribute
      Name="ErrorField"
      Precision="40"
      ColumnName="ERROR_FIELD"
      SQLType="VARCHAR"
      Type="java.lang.String"
      ColumnType="VARCHAR2"
      TableName="II_FFATA_MESSAGE_LOG" >
      <DesignTime>
         <Attr Name="_DisplaySize" Value="40" />
      </DesignTime>
      <Properties>
         <SchemaBasedProperties>
            <DISPLAYWIDTH
               Value="30" >
            </DISPLAYWIDTH>
            <LABEL
               ResId="gov.usda.fs.nrm.gacommon.model.entity.ffatarejects.FfataMessageLog.ErrorField_LABEL" >
            </LABEL>
         </SchemaBasedProperties>
      </Properties>
   </Attribute>
   <Attribute
      Name="ErrorFieldData"
      Precision="100"
      ColumnName="ERROR_FIELD_DATA"
      SQLType="VARCHAR"
      Type="java.lang.String"
      ColumnType="VARCHAR2"
      TableName="II_FFATA_MESSAGE_LOG" >
      <DesignTime>
         <Attr Name="_DisplaySize" Value="100" />
      </DesignTime>
      <Properties>
         <SchemaBasedProperties>
            <LABEL
               ResId="gov.usda.fs.nrm.gacommon.model.entity.ffatarejects.FfataMessageLog.ErrorFieldData_LABEL" >
            </LABEL>
            <DISPLAYWIDTH
               Value="30" >
            </DISPLAYWIDTH>
         </SchemaBasedProperties>
      </Properties>
   </Attribute>
   <Attribute
      Name="Status"
      Precision="1"
      ColumnName="STATUS"
      SQLType="VARCHAR"
      Type="java.lang.String"
      ColumnType="VARCHAR2"
      TableName="II_FFATA_MESSAGE_LOG" >
      <DesignTime>
         <Attr Name="_DisplaySize" Value="30" />
      </DesignTime>
      <ListValidationBean
         xmlns="http://xmlns.oracle.com/adfm/validation"
         Name="StatusList0"
         ResId="Status_Rule_0"
         OnAttribute="Status"
         OperandType="LITERAL" >
         <AttrArray Name="List">
            <Item Value="R" />
            <Item Value="W" />
         </AttrArray>
      </ListValidationBean>
   </Attribute>
   <Attribute
      Name="Loc"
      Precision="2"
      ColumnName="LOC"
      SQLType="VARCHAR"
      Type="java.lang.String"
      ColumnType="VARCHAR2"
      TableName="II_FFATA_MESSAGE_LOG" >
      <DesignTime>
         <Attr Name="_DisplaySize" Value="2" />
      </DesignTime>
   </Attribute>
   <Attribute
      Name="FaadsTransCn"
      Precision="34"
      ColumnName="FAADS_TRANS_CN"
      SQLType="VARCHAR"
      Type="java.lang.String"
      ColumnType="VARCHAR2"
      TableName="II_FFATA_MESSAGE_LOG" >
      <DesignTime>
         <Attr Name="_DisplaySize" Value="34" />
      </DesignTime>
   </Attribute>
   <Attribute
      Name="StatusDate"
      ColumnName="STATUS_DATE"
      SQLType="DATE"
      Type="oracle.jbo.domain.Date"
      ColumnType="DATE"
      TableName="II_FFATA_MESSAGE_LOG" >
      <DesignTime>
         <Attr Name="_DisplaySize" Value="7" />
      </DesignTime>
      <Properties>
         <SchemaBasedProperties>
            <DISPLAYWIDTH
               Value="10" >
            </DISPLAYWIDTH>
            <LABEL
               ResId="gov.usda.fs.nrm.gacommon.model.entity.ffatarejects.FfataMessageLog.StatusDate_LABEL" >
            </LABEL>
            <FMT_FORMATTER
               ResId="gov.usda.fs.nrm.gacommon.model.entity.ffatarejects.FfataMessageLog.StatusDate_FMT_FORMATTER" >
            </FMT_FORMATTER>
            <FMT_FORMAT
               ResId="gov.usda.fs.nrm.gacommon.model.entity.ffatarejects.FfataMessageLog.StatusDate_FMT_FORMAT" >
            </FMT_FORMAT>
         </SchemaBasedProperties>
      </Properties>
   </Attribute>
   <Attribute
      Name="InternalMessage"
      Precision="255"
      ColumnName="INTERNAL_MESSAGE"
      SQLType="VARCHAR"
      Type="java.lang.String"
      ColumnType="VARCHAR2"
      TableName="II_FFATA_MESSAGE_LOG" >
      <DesignTime>
         <Attr Name="_DisplaySize" Value="255" />
      </DesignTime>
      <Properties>
         <SchemaBasedProperties>
            <LABEL
               ResId="gov.usda.fs.nrm.gacommon.model.entity.ffatarejects.FfataMessageLog.InternalMessage_LABEL" >
            </LABEL>
         </SchemaBasedProperties>
      </Properties>
   </Attribute>
   <Key
      Name="FfataMlogPk"
      PrimaryKey="true" >
      <AttrArray Name="Attributes">
         <Item Value="gov.usda.fs.nrm.gacommon.model.entity.ffatarejects.FfataMessageLog.Cn" />
      </AttrArray>
      <DesignTime>
         <Attr Name="_DBObjectName" Value="FFATA_MLOG_PK" />
      </DesignTime>
   </Key>
   <Key
      Name="IiFfataMlogCk" >
      <AttrArray Name="Attributes">
         <Item Value="gov.usda.fs.nrm.gacommon.model.entity.ffatarejects.FfataMessageLog.Status" />
      </AttrArray>
      <DesignTime>
         <Attr Name="_checkCondition" Value="STATUS IN (&#39;R&#39;, &#39;W&#39;)" />
         <Attr Name="_isCheck" Value="true" />
         <Attr Name="_DBObjectName" Value="II_FFATA_MLOG_CK" />
      </DesignTime>
   </Key>
   <Key
      Name="FaadsTransCnFk" >
      <AttrArray Name="Attributes">
         <Item Value="gov.usda.fs.nrm.gacommon.model.entity.ffatarejects.FfataMessageLog.FaadsTransCn" />
      </AttrArray>
      <DesignTime>
         <Attr Name="_referencedKey" Value="II_GA_FAADS_TRANS_PK" />
         <Attr Name="_isForeign" Value="true" />
         <Attr Name="_DBObjectName" Value="FAADS_TRANS_CN_FK" />
      </DesignTime>
   </Key>
   <Key
      Name="FkErrorNum" >
      <AttrArray Name="Attributes">
         <Item Value="gov.usda.fs.nrm.gacommon.model.entity.ffatarejects.FfataMessageLog.ErrorNum" />
      </AttrArray>
      <DesignTime>
         <Attr Name="_referencedKey" Value="STATUS_CODE_PK" />
         <Attr Name="_isForeign" Value="true" />
         <Attr Name="_DBObjectName" Value="FK_ERROR_NUM" />
      </DesignTime>
   </Key>
   <ResourceBundle >
      <PropertiesBundle
         PropertiesFile="gov.usda.fs.nrm.ffatarejects.model.ModelBundle" >
      </PropertiesBundle>
   </ResourceBundle>
</Entity>
