<?xml version="1.0" encoding="windows-1252" ?>
<adf-config xmlns="http://xmlns.oracle.com/adf/config"
            xmlns:config="http://xmlns.oracle.com/bc4j/configuration"
            xmlns:adf="http://xmlns.oracle.com/adf/config/properties"
            xmlns:mdsC="http://xmlns.oracle.com/adf/mds/config"
            xmlns:rcs="http://xmlns.oracle.com/adf/rcs/adf-config"
            xmlns:rcv="http://xmlns.oracle.com/adf/rcs/viewer/adf-config"
            xmlns:searchC="http://xmlns.oracle.com/webcenter/search/config"
            xmlns:relC="http://xmlns.oracle.com/webcenter/relationship/config"
            xmlns:portlet="http://xmlns.oracle.com/adf/portlet/config"
            xmlns:collabC="http://xmlns.oracle.com/webcenter/collab/config"
            xmlns:tagC="http://xmlns.oracle.com/webcenter/tagging/config"
            xmlns:pe="http://xmlns.oracle.com/adf/pageeditor/config"
            xmlns:portal="http://xmlns.oracle.com/webcenter/portal/config"
            xmlns:doclibC="http://xmlns.oracle.com/webcenter/doclib/config">
  <adf-adfm-config xmlns="http://xmlns.oracle.com/adfm/config">
    <defaults useBindVarsForViewCriteriaLiterals="true"
              useBindValuesInFindByKey="true" executeEmptyOnException="true"/>
    <startup>
      <amconfig-overrides>
        <config:Database jbo.locking.mode="optimistic"/>
      </amconfig-overrides>
    </startup>
  </adf-adfm-config>
  <adf:adf-properties-child xmlns="http://xmlns.oracle.com/adf/config/properties">
    <adf-property name="adfAppUID" value="MessagingPortal.com.darden.krowd"/>
  </adf:adf-properties-child>
  <adf-security-child xmlns="http://xmlns.oracle.com/adf/security/config">
    <JaasSecurityContext initialContextFactoryClass="oracle.adf.share.security.JAASInitialContextFactory"
                         jaasProviderClass="oracle.adf.share.security.providers.jps.JpsSecurityContext"
                         authorizationEnforce="true"
                         authenticationRequire="true"/>
    <CredentialStoreContext credentialStoreClass="oracle.adf.share.security.providers.jps.CSFCredentialStore"
                            credentialStoreLocation="../../src/META-INF/jps-config.xml"/>
  </adf-security-child>
  <adf-faces-config xmlns="http://xmlns.oracle.com/adf/faces/config">
    <persistent-change-manager>
      <persistent-change-manager-class>
        oracle.adf.view.rich.change.MDSDocumentChangeManager
      </persistent-change-manager-class>
    </persistent-change-manager>
    <taglib-config>
      <taglib uri="http://xmlns.oracle.com/adf/faces/customizable">
        <tag name="showDetailFrame">
          <persist-operations>
            all
          </persist-operations>
          <attribute name="expansionMode">
            <persist-changes>
              true
            </persist-changes>
          </attribute>
          <attribute name="contentStyle">
            <persist-changes>
              true
            </persist-changes>
          </attribute>
        </tag>
        <tag name="panelCustomizable">
          <persist-operations>
            all
          </persist-operations>
        </tag>
      </taglib>
      <taglib uri="http://xmlns.oracle.com/adf/pageeditor">
        <tag name="layoutCustomizable">
          <persist-operations>
            all
          </persist-operations>
          <attribute name="type">
            <persist-changes>
              true
            </persist-changes>
          </attribute>
        </tag>
      </taglib>
    </taglib-config>
  </adf-faces-config>
  <adf-resourcebundle-config xmlns="http://xmlns.oracle.com/adf/resourcebundle/config">
    <applicationBundleName>
      resourcebundles/xliffBundles/MessagingPortalOverrideBundle
    </applicationBundleName>
    <bundleList>
      <bundleId override="true">oracle.adf.view.page.editor.resource.ComposerOverrideBundle</bundleId>
    </bundleList>
  </adf-resourcebundle-config>
  <adf-relationship-config xmlns="http://xmlns.oracle.com/webcenter/relationship/config"/>
  <collabC:adf-collaboration-config>
    <service-config xmlns="http://xmlns.oracle.com/webcenter/collab/config"
                    serviceId="oracle.webcenter.collab.rtc">
      <!-- The currently selected RTC connection -->
      <!--property name="selected.connection" value=""/-->
      <property name="auto.login" value="false"/>
    </service-config>
  </collabC:adf-collaboration-config>
  <adf-tagging-config xmlns="http://xmlns.oracle.com/webcenter/tagging/config"/>
  <doclibC:adf-doclib-config xmlns="http://xmlns.oracle.com/webcenter/doclib/config"
                             primaryConnectionName="UCM"/>
  <searchC:adf-search-config xmlns="http://xmlns.oracle.com/webcenter/search/config">
    <display-properties>
      <common numSavedSearches="5"/>
      <region-specific>
        <usage id="simpleSearchResultUIMetadata" numServiceRows="5"/>
        <usage id="searchResultUIMetadata" numServiceRows="5"/>
        <usage id="localToolbarRegion" numServiceRows="5"/>
      </region-specific>
    </display-properties>
    <execution-properties timeoutMs="3000" prepareTimeoutMs="1000"/>
    <crawl-properties fullCrawlInterval="P5D" enableWcServicesCrawl="true"
                      enableWcDiscussionsCrawl="true" enableWcUcmCrawl="true"/>
    <ses-properties>
      <connection>
        SESConnection
      </connection>
      <data-group/>
    </ses-properties>
  </searchC:adf-search-config>
  <mdsC:adf-mds-config version="11.1.1.000">
    <mds-config xmlns="http://xmlns.oracle.com/mds/config">
      <persistence-config>
        <metadata-namespaces>
          <namespace path="/oracle/adf/share/prefs" metadata-store-usage="WebCenterFileMetadataStore"/>
          <namespace path="/persdef/" metadata-store-usage="WebCenterFileMetadataStore"/>
          <namespace path="/xliffBundles/" metadata-store-usage="WebCenterFileMetadataStore"/>
        </metadata-namespaces>
        <metadata-store-usages>
          <metadata-store-usage id="WebCenterFileMetadataStore" default-cust-store="true" deploy-target="true">
            <metadata-store class-name="oracle.mds.dt.persistence.stores.file.SrcControlFileMetadataStore">
              <property name="metadata-path" value="../../mds"/>
            </metadata-store>
          </metadata-store-usage>
        </metadata-store-usages>
        <retry-connection enabled="true"/>
      </persistence-config>
      <cust-config>
        <match path="/oracle/webcenter/siteresources/scopedMD/"/>
        <match path="/oracle/webcenter/quicklinks/scopedMD/"/>
        <match>
          <customization-class name="oracle.adf.share.config.SiteCC"/>
        </match>
      </cust-config>
      <cache-config>
        <max-size-kb>100000</max-size-kb>
      </cache-config>
    </mds-config>
  </mdsC:adf-mds-config>
  <rcs:adf-rcs-config>
    <rcs:rcs-config>
      <rcs:catalog-config default-scope="/"/>
    </rcs:rcs-config>
  </rcs:adf-rcs-config>
  <rcv:rcv-config>
    <rcv:default-catalog catalog-name="/com/darden/krowd/portal/default-catalog.xml"/>
  </rcv:rcv-config>
</adf-config>
