<?xml version="1.0" encoding="UTF-8" ?>
<pageDefinition xmlns="http://xmlns.oracle.com/adfm/uimodel"
                version="11.1.1.64.93"
                id="loginTaskflow_loginTaskflow_initiateBindingContextPageDef"
                Package="com.darden.krowd.loginflow.flows"
                SkipValidation="true">
  <parameters/>
  <executables>
    <variableIterator id="variables"/>
  </executables>
  <bindings>
    <methodAction id="initiateBindingContext" RequiresUpdateModel="true"
                  Action="invokeMethod" MethodName="isUserAcknowledged"
                  IsViewObjectMethod="false"
                  DataControl="LoginFlowAMDataControl"
                  InstanceName="LoginFlowAMDataControl.dataProvider"
                  ReturnName="data.LoginFlowAMDataControl.methodResults.isUserAcknowledged_LoginFlowAMDataControl_dataProvider_isUserAcknowledged_result">
      <NamedData NDName="userName" NDValue="#{securityContext.userName}"
                 NDType="java.lang.String"/>
    </methodAction>
  </bindings>
</pageDefinition>
