<?xml version="1.0" encoding="windows-1252" ?>
<!DOCTYPE ViewObject SYSTEM "jbo_03_01.dtd">
<!---->
<ViewObject
  xmlns="http://xmlns.oracle.com/bc4j"
  Name="CodeMappingsView"
  Version="12.2.1.22.48"
  InheritPersonalization="merge"
  BindingStyle="OracleName"
  CustomQuery="false"
  PageIterMode="Full"
  AccessMode="DEFAULT"
  ComponentClass="gov.usda.fs.nrm.gacommon.model.dataaccess.gacodeslib.CodeMappingsViewImpl"
  SelectList="CodeMappings.SET_NAME, 
       CodeMappings.SET_KEY, 
       CodeMappings.SET_VALUES, (Select c.description from ii_codes c  Where c.name = CodeMappings.set_values  and c.att_name = substr(CodeMappings.set_name,(instr( CodeMappings.set_name, '_TO_')+4))) Description"
  FromList="II_GA_CODE_MAPPINGS CodeMappings">
  <DesignTime>
    <Attr Name="_codeGenFlag2" Value="Coll"/>
  </DesignTime>
  <ViewAccessor
    Name="SetNameCodeMappingLOV1"
    ViewObjectName="gov.usda.fs.nrm.gacommon.model.dataaccess.gacodeslib.lov.SetNameCodeMappingLOV"
    RowLevelBinds="true"/>
  <ListBinding
    Name="LOV_SetName"
    ListVOName="SetNameCodeMappingLOV1"
    NullValueFlag="start"
    NullValueId="${adfBundle['oracle.javatools.resourcebundle.SystemBundle']['NULL_VALUE_RESID']}"
    MRUCount="0">
    <AttrArray Name="AttrNames">
      <Item Value="SetName"/>
    </AttrArray>
    <AttrArray Name="AttrExpressions"/>
    <AttrArray Name="ListAttrNames">
      <Item Value="SetName"/>
    </AttrArray>
    <AttrArray Name="ListDisplayAttrNames">
      <Item Value="SetName"/>
    </AttrArray>
    <DisplayCriteria/>
  </ListBinding>
  <EntityUsage
    Name="CodeMappings"
    Entity="gov.usda.fs.nrm.gacommon.model.entity.gacodeslib.CodeMappings"/>
  <ViewAttribute
    Name="SetName"
    PrecisionRule="true"
    EntityAttrName="SetName"
    EntityUsage="CodeMappings"
    AliasName="SET_NAME"
    LOVName="LOV_SetName">
    <Properties>
      <SchemaBasedProperties>
        <CONTROLTYPE
          Value="choice"/>
      </SchemaBasedProperties>
    </Properties>
  </ViewAttribute>
  <ViewAttribute
    Name="SetKey"
    PrecisionRule="true"
    EntityAttrName="SetKey"
    EntityUsage="CodeMappings"
    AliasName="SET_KEY"/>
  <ViewAttribute
    Name="SetValues"
    PrecisionRule="true"
    EntityAttrName="SetValues"
    EntityUsage="CodeMappings"
    AliasName="SET_VALUES"/>
  <ViewAttribute
    Name="Description"
    IsUpdateable="false"
    IsSelected="false"
    IsPersistent="false"
    PrecisionRule="true"
    Precision="255"
    Type="java.lang.String"
    ColumnType="VARCHAR2"
    AliasName="VIEW_ATTR"
    SQLType="VARCHAR"/>
</ViewObject>
