<?xml version="1.0" encoding="windows-1252" ?>
<!DOCTYPE ViewLink SYSTEM "jbo_03_01.dtd">
<!---->
<ViewLink
  xmlns="http://xmlns.oracle.com/bc4j"
  Name="GaCodesFilterLk"
  Version="12.2.1.22.48"
  InheritPersonalization="merge">
  <Properties>
    <SchemaBasedProperties>
      <LABEL
        ResId="gov.usda.fs.nrm.gacommon.model.dataaccess.gacodeslib.GaCodesFilterLk_LABEL"/>
    </SchemaBasedProperties>
  </Properties>
  <ViewLinkDefEnd
    Name="GACodesList"
    Cardinality="1"
    Source="true"
    Owner="gov.usda.fs.nrm.gacommon.model.dataaccess.gacodeslib.GACodesList">
    <DesignTime>
      <Attr Name="_isUpdateable" Value="true"/>
      <Attr Name="_finderName" Value="GACodesList"/>
    </DesignTime>
    <AttrArray Name="Attributes">
      <Item Value="gov.usda.fs.nrm.gacommon.model.dataaccess.gacodeslib.GACodesList.AttName"/>
    </AttrArray>
  </ViewLinkDefEnd>
  <ViewLinkDefEnd
    Name="CodesView"
    Cardinality="-1"
    Owner="gov.usda.fs.nrm.gacommon.model.dataaccess.gacodeslib.CodesView">
    <DesignTime>
      <Attr Name="_isUpdateable" Value="true"/>
      <Attr Name="_finderName" Value="CodesView"/>
    </DesignTime>
    <AttrArray Name="Attributes">
      <Item Value="gov.usda.fs.nrm.gacommon.model.dataaccess.gacodeslib.CodesView.AttName"/>
    </AttrArray>
  </ViewLinkDefEnd>
  <ResourceBundle>
    <PropertiesBundle
      PropertiesFile="gov.usda.fs.nrm.gacommon.model.ModelBundle"/>
  </ResourceBundle>
</ViewLink>
