<?xml version = '1.0' encoding = 'UTF-8'?>
<References xmlns="http://xmlns.oracle.com/adf/jndi">
   <Reference name="KrowdDB" className="oracle.jdeveloper.db.adapter.DatabaseProvider" credentialStoreKey="KrowdDB"
              xmlns="">
      <Factory className="oracle.jdeveloper.db.adapter.DatabaseProviderFactory"/>
      <RefAddresses>
         <StringRefAddr addrType="sid">
            <Contents>kwddev1</Contents>
         </StringRefAddr>
         <StringRefAddr addrType="subtype">
            <Contents>oraJDBC</Contents>
         </StringRefAddr>
         <StringRefAddr addrType="port">
            <Contents>1521</Contents>
         </StringRefAddr>
         <StringRefAddr addrType="hostname">
            <Contents>kwddbd1.darden.com</Contents>
         </StringRefAddr>
         <StringRefAddr addrType="user">
            <Contents>krowd_portal</Contents>
         </StringRefAddr>
         <SecureRefAddr addrType="password"/>
         <StringRefAddr addrType="DeployPassword">
            <Contents>true</Contents>
         </StringRefAddr>
         <StringRefAddr addrType="oraDriverType">
            <Contents>thin</Contents>
         </StringRefAddr>
      </RefAddresses>
   </Reference>
   <Reference name="ActivitiesDS" className="oracle.jdeveloper.db.adapter.DatabaseProvider"
              credentialStoreKey="ActivitiesDS" xmlns="">
      <Factory className="oracle.jdeveloper.db.adapter.DatabaseProviderFactory"/>
      <RefAddresses>
         <StringRefAddr addrType="sid">
            <Contents>padbdev</Contents>
         </StringRefAddr>
         <StringRefAddr addrType="oraDriverType">
            <Contents>thin</Contents>
         </StringRefAddr>
         <StringRefAddr addrType="port">
            <Contents>1521</Contents>
         </StringRefAddr>
         <StringRefAddr addrType="DeployPassword">
            <Contents>true</Contents>
         </StringRefAddr>
         <StringRefAddr addrType="user">
            <Contents>dev_activities</Contents>
         </StringRefAddr>
         <StringRefAddr addrType="subtype">
            <Contents>oraJDBC</Contents>
         </StringRefAddr>
         <StringRefAddr addrType="hostname">
            <Contents>padbd1.darden.com</Contents>
         </StringRefAddr>
         <SecureRefAddr addrType="password"/>
      </RefAddresses>
   </Reference>
   <Reference name="WebCenterDS" className="oracle.jdeveloper.db.adapter.DatabaseProvider"
              credentialStoreKey="WebCenterDS" xmlns="">
      <Factory className="oracle.jdeveloper.db.adapter.DatabaseProviderFactory"/>
      <RefAddresses>
         <StringRefAddr addrType="sid">
            <Contents>padbdev</Contents>
         </StringRefAddr>
         <StringRefAddr addrType="oraDriverType">
            <Contents>thin</Contents>
         </StringRefAddr>
         <StringRefAddr addrType="port">
            <Contents>1521</Contents>
         </StringRefAddr>
         <StringRefAddr addrType="DeployPassword">
            <Contents>true</Contents>
         </StringRefAddr>
         <StringRefAddr addrType="user">
            <Contents>dev_webcenter</Contents>
         </StringRefAddr>
         <StringRefAddr addrType="role">
            <Contents></Contents>
         </StringRefAddr>
         <StringRefAddr addrType="subtype">
            <Contents>oraJDBC</Contents>
         </StringRefAddr>
         <StringRefAddr addrType="hostname">
            <Contents>padbd1.darden.com</Contents>
         </StringRefAddr>
         <SecureRefAddr addrType="password"/>
      </RefAddresses>
   </Reference>
   <Reference name="EmployeeOnTheMovesService"
              className="oracle.adf.model.connection.webservice.impl.WebServiceConnectionImpl"
              credentialStoreKey="EmployeeOnTheMovesService" manageInOracleEnterpriseManager="true" deployable="true"
              xmlns="">
      <Factory className="oracle.adf.model.connection.webservice.api.WebServiceConnectionFactory"/>
      <RefAddresses>
         <XmlRefAddr addrType="WebServiceConnection">
            <Contents>
               <wsconnection description="https://osbtest.darden.com/osb/EmployeeOnTheMoveServiceV2?wsdl"
                             service="{http://www.darden.com/OSB-Service/EmployeeOnTheMoves}EmployeeOnTheMovesService">
                  <model name="{http://www.darden.com/OSB-Service/EmployeeOnTheMoves}EmployeeOnTheMovesService"
                         xmlns="http://oracle.com/ws/model">
                     <service name="{http://www.darden.com/OSB-Service/EmployeeOnTheMoves}EmployeeOnTheMovesService">
                        <port name="OnTheMovesPort"
                              binding="{http://www.darden.com/OSB-Service/EmployeeOnTheMoves}OnTheMovesBinding">
                           <call-properties xmlns="http://oracle.com/adf">
                              <call-property id="javax.xml.ws.security.auth.password" xmlns="">
                                 <name>javax.xml.ws.security.auth.password</name>
                                 <value>ws.auth.password</value>
                              </call-property>
                              <call-property id="javax.xml.ws.security.auth.username" xmlns="">
                                 <name>javax.xml.ws.security.auth.username</name>
                                 <value>ws.auth.username</value>
                              </call-property>
                           </call-properties>
                           <policy-references xmlns="http://oracle.com/adf">
                              <policy-reference category="management" uri="oracle/log_policy" enabled="true"
                                                id="oracle/log_policy" xmlns=""/>
                              <policy-reference category="security"
                                                uri="darden/wss_username_token_id_propagation_over_ssl_client_policy"
                                                enabled="true"
                                                id="darden/wss_username_token_id_propagation_over_ssl_client_policy"
                                                xmlns=""/>
                           </policy-references>
                           <soap addressUrl="https://osbtest.darden.com/osb/EmployeeOnTheMoveServiceV2"
                                 xmlns="http://schemas.xmlsoap.org/wsdl/soap/"/>
                           <operation name="GetOnTheMoves">
                              <soap xmlns="http://schemas.xmlsoap.org/wsdl/soap/"/>
                              <input name=""/>
                              <output name=""/>
                           </operation>
                        </port>
                     </service>
                  </model>
               </wsconnection>
            </Contents>
         </XmlRefAddr>
         <SecureRefAddr addrType="ws.auth.username"/>
         <SecureRefAddr addrType="ws.auth.password"/>
      </RefAddresses>
   </Reference>
   <Reference name="UCM" className="oracle.vcr.jam.JamRepository" manageInOracleEnterpriseManager="true"
              deployable="true" xmlns="">
      <Factory className="oracle.vcr.jam.JamRepositoryFactory"/>
      <RefAddresses>
         <StringRefAddr addrType="oracle.vcr.jam.factoryClassName">
            <Contents>oracle.jcr.OracleRepositoryFactory</Contents>
         </StringRefAddr>
         <StringRefAddr addrType="oracle.vcr.jam.repositoryClassName">
            <Contents>oracle.jcr.OracleRepository</Contents>
         </StringRefAddr>
         <StringRefAddr addrType="oracle.vcr.jam.authenticationMethod">
            <Contents>IDENTITY_PROPAGATION</Contents>
         </StringRefAddr>
         <StringRefAddr addrType="oracle.vcr.jam.repositoryTypeID">
            <Contents>oracle.stellent.jcr</Contents>
         </StringRefAddr>
         <StringRefAddr addrType="oracle.stellent.jcr.configuration.cis.config.socket.type">
            <Contents>socket</Contents>
         </StringRefAddr>
         <StringRefAddr addrType="oracle.stellent.jcr.configuration.server.host">
            <Contents>krowdtst1.darden.com</Contents>
         </StringRefAddr>
         <StringRefAddr addrType="oracle.stellent.jcr.configuration.server.port">
            <Contents>4444</Contents>
         </StringRefAddr>
         <StringRefAddr addrType="oracle.stellent.jcr.configuration.server.web.url">
            <Contents>http://content-tst.darden.com</Contents>
         </StringRefAddr>
         <StringRefAddr addrType="oracle.stellent.jcr.configuration.server.web.contextRoot">
            <Contents>/cs</Contents>
         </StringRefAddr>
         <StringRefAddr addrType="com.oracle.content.spi.ucm.CacheInvalidationInterval">
            <Contents>1440</Contents>
         </StringRefAddr>
         <StringRefAddr addrType="com.bea.content.federated.binaryCacheMaxEntrySize">
            <Contents>1024</Contents>
         </StringRefAddr>
         <StringRefAddr addrType="oracle.stellent.jcr.configuration.server.admin.username">
            <Contents>sysadmin</Contents>
         </StringRefAddr>
         <StringRefAddr addrType="oracle.jcr.configuration.factoryClassName">
            <Contents>oracle.stellent.jcr.IdcRepositoryConfigurationFactory</Contents>
         </StringRefAddr>
         <StringRefAddr addrType="oracle.jcr.configuration.className">
            <Contents>oracle.stellent.jcr.IdcRepositoryConfiguration</Contents>
         </StringRefAddr>
         <StringRefAddr addrType="oracle.jcr.framework.version">
            <Contents>11.1.0.0.0</Contents>
         </StringRefAddr>
         <StringRefAddr addrType="jcr.repository.version">
            <Contents>10.1.3.2.0</Contents>
         </StringRefAddr>
      </RefAddresses>
   </Reference>
   <Reference name="ESSLinks" className="oracle.adf.model.connection.webservice.impl.WebServiceConnectionImpl"
              manageInOracleEnterpriseManager="true" deployable="true" xmlns="">
      <Factory className="oracle.adf.model.connection.webservice.api.WebServiceConnectionFactory"/>
      <RefAddresses>
         <XmlRefAddr addrType="WebServiceConnection">
            <Contents>
               <wsconnection description="https://pssoadev1.darden.com/PSIGW/PeopleSoftServiceListeningConnector/ESSLinks.1.wsdl"
                             service="{http://xmlns.oracle.com/Enterprise/Tools/services}ESSLinks">
                  <model name="{http://xmlns.oracle.com/Enterprise/Tools/services}ESSLinks"
                         xmlns="http://oracle.com/ws/model">
                     <service name="{http://xmlns.oracle.com/Enterprise/Tools/services}ESSLinks">
                        <port name="ESSLinks_Port"
                              binding="{http://xmlns.oracle.com/Enterprise/Tools/services}ESSLinks_Binding">
                           <policy-references xmlns="http://oracle.com/adf">
                              <policy-reference category="management" uri="oracle/log_policy" enabled="true"
                                                id="oracle/log_policy" xmlns=""/>
                           </policy-references>
                           <soap addressUrl="https://pssoadev1.darden.com/PSIGW/PeopleSoftServiceListeningConnector"
                                 xmlns="http://schemas.xmlsoap.org/wsdl/soap/"/>
                           <operation name="GetESSLinks">
                              <soap soapAction="GetESSLinks.v1" xmlns="http://schemas.xmlsoap.org/wsdl/soap/"/>
                              <input name="PSESSLinksRequest.v1"/>
                              <output name="PSESSLinksResponse.v1"/>
                           </operation>
                        </port>
                     </service>
                  </model>
               </wsconnection>
            </Contents>
         </XmlRefAddr>
      </RefAddresses>
   </Reference>
   <Reference name="ManagerLinks" className="oracle.adf.model.connection.webservice.impl.WebServiceConnectionImpl"
              manageInOracleEnterpriseManager="true" deployable="true" xmlns="">
      <Factory className="oracle.adf.model.connection.webservice.api.WebServiceConnectionFactory"/>
      <RefAddresses>
         <XmlRefAddr addrType="WebServiceConnection">
            <Contents>
               <wsconnection description="https://pssoadev1.darden.com/PSIGW/PeopleSoftServiceListeningConnector/ManagerLinks.1.wsdl"
                             service="{http://xmlns.oracle.com/Enterprise/Tools/services}ManagerLinks">
                  <model name="{http://xmlns.oracle.com/Enterprise/Tools/services}ManagerLinks"
                         xmlns="http://oracle.com/ws/model">
                     <service name="{http://xmlns.oracle.com/Enterprise/Tools/services}ManagerLinks">
                        <port name="ManagerLinks_Port"
                              binding="{http://xmlns.oracle.com/Enterprise/Tools/services}ManagerLinks_Binding">
                           <policy-references xmlns="http://oracle.com/adf">
                              <policy-reference category="management" uri="oracle/log_policy" enabled="true"
                                                id="oracle/log_policy" xmlns=""/>
                           </policy-references>
                           <soap addressUrl="https://pssoadev1.darden.com/PSIGW/PeopleSoftServiceListeningConnector"
                                 xmlns="http://schemas.xmlsoap.org/wsdl/soap/"/>
                           <operation name="GetMgrLinks">
                              <soap soapAction="GetMgrLinks.v1" xmlns="http://schemas.xmlsoap.org/wsdl/soap/"/>
                              <output name="PSMgrLinksResponse.v1"/>
                              <input name="PSMgrLinksRequest.v1"/>
                           </operation>
                        </port>
                     </service>
                  </model>
               </wsconnection>
            </Contents>
         </XmlRefAddr>
      </RefAddresses>
   </Reference>
   <Reference name="GiftCardServiceV3" className="oracle.adf.model.connection.webservice.impl.WebServiceConnectionImpl"
              credentialStoreKey="GiftCardServiceV3" manageInOracleEnterpriseManager="true" deployable="true" xmlns="">
      <Factory className="oracle.adf.model.connection.webservice.api.WebServiceConnectionFactory"/>
      <RefAddresses>
         <XmlRefAddr addrType="WebServiceConnection">
            <Contents>
               <wsconnection description="https://osbtest.darden.com/osb/GiftCardServiceV3?wsdl"
                             service="{http://www.darden.com/Global/GiftCardService/V1}GiftCardServiceSOAP11BindingQSService1">
                  <model name="{http://www.darden.com/Global/GiftCardService/V1}GiftCardServiceSOAP11BindingQSService1"
                         xmlns="http://oracle.com/ws/model">
                     <service name="{http://www.darden.com/Global/GiftCardService/V1}GiftCardServiceSOAP11BindingQSService1">
                        <port name="GiftCardServiceSOAP11BindingQSPort1"
                              binding="{http://www.darden.com/Global/GiftCardService/V1}GiftCardServiceSOAP11Binding"
                              portType="{http://www.darden.com/Global/GiftCardService/V1}GiftCardServicePortType">
                           <call-properties xmlns="http://oracle.com/adf">
                              <call-property id="oracle.webservices.httpReadTimeout" xmlns="">
                                 <name>oracle.webservices.httpReadTimeout</name>
                                 <value>3000</value>
                              </call-property>
                              <call-property id="javax.xml.ws.security.auth.password" xmlns="">
                                 <name>javax.xml.ws.security.auth.password</name>
                                 <value>ws.auth.password</value>
                              </call-property>
                              <call-property id="oracle.webservices.httpConnTimeout" xmlns="">
                                 <name>oracle.webservices.httpConnTimeout</name>
                                 <value>3000</value>
                              </call-property>
                              <call-property id="javax.xml.ws.security.auth.username" xmlns="">
                                 <name>javax.xml.ws.security.auth.username</name>
                                 <value>ws.auth.username</value>
                              </call-property>
                           </call-properties>
                           <policy-references xmlns="http://oracle.com/adf">
                              <policy-reference category="management" uri="oracle/log_policy" enabled="true"
                                                id="oracle/log_policy" xmlns=""/>
                           </policy-references>
                           <soap addressUrl="https://osbtest.darden.com/osb/GiftCardServiceV3?wsdl"
                                 xmlns="http://schemas.xmlsoap.org/wsdl/soap/"/>
                           <operation name="CheckBalance">
                              <soap soapAction="http://www.darden.com/Global/GiftCardService/V1/CheckBalance"
                                    xmlns="http://schemas.xmlsoap.org/wsdl/soap/"/>
                              <input name=""/>
                              <output name=""/>
                           </operation>
                           <operation name="GetTransactionHistory">
                              <soap soapAction="http://www.darden.com/Global/GiftCardService/V1/TransactionHistory"
                                    xmlns="http://schemas.xmlsoap.org/wsdl/soap/"/>
                              <input name=""/>
                              <output name=""/>
                           </operation>
                        </port>
                     </service>
                  </model>
               </wsconnection>
            </Contents>
         </XmlRefAddr>
         <SecureRefAddr addrType="ws.auth.username"/>
         <SecureRefAddr addrType="ws.auth.password"/>
      </RefAddresses>
   </Reference>
   <Reference name="Discussions" className="oracle.adf.mbean.share.connection.webcenter.forum.ForumConnection"
              manageInOracleEnterpriseManager="true" deployable="true" xmlns="">
      <Factory className="oracle.adf.mbean.share.connection.webcenter.forum.ForumConnectionFactory"/>
      <RefAddresses>
         <StringRefAddr addrType="forum.url">
            <Contents>http://kwdwebd1a.darden.com:9002/owc_discussions</Contents>
         </StringRefAddr>
         <StringRefAddr addrType="admin.user">
            <Contents>oracleldap</Contents>
         </StringRefAddr>
         <StringRefAddr addrType="connection.time.out">
            <Contents>-1</Contents>
         </StringRefAddr>
         <StringRefAddr addrType="policy.uri.for.auth.access">
            <Contents>oracle/wss10_saml_token_client_policy</Contents>
         </StringRefAddr>
         <StringRefAddr addrType="policy.uri.for.public.access">
            <Contents></Contents>
         </StringRefAddr>
         <StringRefAddr addrType="recipient.key.alias">
            <Contents></Contents>
         </StringRefAddr>
         <StringRefAddr addrType="adapter.name">
            <Contents>Jive</Contents>
         </StringRefAddr>
      </RefAddresses>
   </Reference>
   <Reference name="EmployeeBirthdayAndAnniversaryService"
              className="oracle.adf.model.connection.webservice.impl.WebServiceConnectionImpl"
              credentialStoreKey="EmployeeBirthdayAndAnniversaryService" manageInOracleEnterpriseManager="true"
              deployable="true" xmlns="">
      <Factory className="oracle.adf.model.connection.webservice.api.WebServiceConnectionFactory"/>
      <RefAddresses>
         <XmlRefAddr addrType="WebServiceConnection">
            <Contents>
               <wsconnection description="https://osbtest.darden.com/osb/EmployeeBirthdayAndAnniversaryServiceV2?wsdl"
                             service="{http://www.darden.com/OSB-Service/EmployeeGetBADates}EmployeeBirthdayAndAnniversaryService">
                  <model name="{http://www.darden.com/OSB-Service/EmployeeGetBADates}EmployeeBirthdayAndAnniversaryService"
                         xmlns="http://oracle.com/ws/model">
                     <service name="{http://www.darden.com/OSB-Service/EmployeeGetBADates}EmployeeBirthdayAndAnniversaryService">
                        <port name="BADatesPort"
                              binding="{http://www.darden.com/OSB-Service/EmployeeGetBADates}BADatesBinding">
                           <call-properties xmlns="http://oracle.com/adf">
                              <call-property id="javax.xml.ws.security.auth.password" xmlns="">
                                 <name>javax.xml.ws.security.auth.password</name>
                                 <value>ws.auth.password</value>
                              </call-property>
                              <call-property id="javax.xml.ws.security.auth.username" xmlns="">
                                 <name>javax.xml.ws.security.auth.username</name>
                                 <value>ws.auth.username</value>
                              </call-property>
                           </call-properties>
                           <policy-references xmlns="http://oracle.com/adf">
                              <policy-reference category="management" uri="oracle/log_policy" enabled="true"
                                                id="oracle/log_policy" xmlns=""/>
                              <policy-reference category="security"
                                                uri="darden/wss_username_token_id_propagation_over_ssl_client_policy"
                                                enabled="true"
                                                id="darden/wss_username_token_id_propagation_over_ssl_client_policy"
                                                xmlns=""/>
                           </policy-references>
                           <soap addressUrl="https://osbtest.darden.com/osb/EmployeeBirthdayAndAnniversaryServiceV2"
                                 xmlns="http://schemas.xmlsoap.org/wsdl/soap/"/>
                           <operation name="GetBADates">
                              <soap xmlns="http://schemas.xmlsoap.org/wsdl/soap/"/>
                              <output name=""/>
                              <input name=""/>
                           </operation>
                        </port>
                     </service>
                  </model>
               </wsconnection>
            </Contents>
         </XmlRefAddr>
         <SecureRefAddr addrType="ws.auth.username"/>
         <SecureRefAddr addrType="ws.auth.password"/>
      </RefAddresses>
   </Reference>
   <Reference name="EmployeeProfileService"
              className="oracle.adf.model.connection.webservice.impl.WebServiceConnectionImpl"
              manageInOracleEnterpriseManager="true" deployable="true" xmlns="">
      <Factory className="oracle.adf.model.connection.webservice.api.WebServiceConnectionFactory"/>
      <RefAddresses>
         <XmlRefAddr addrType="WebServiceConnection">
            <Contents>
               <wsconnection description="https://osbtest.darden.com/osb/EmployeeProfileService?Wsdl"
                             service="{http://www.darden.com/OSB-Service/EmployeeProfile}EmployeeProfileService">
                  <model name="{http://www.darden.com/OSB-Service/EmployeeProfile}EmployeeProfileService"
                         xmlns="http://oracle.com/ws/model">
                     <service name="{http://www.darden.com/OSB-Service/EmployeeProfile}EmployeeProfileService">
                        <port name="EmployeeProfilePort"
                              binding="{http://www.darden.com/OSB-Service/EmployeeProfile}EmployeeProfileBinding">
                           <policy-references xmlns="http://oracle.com/adf">
                              <policy-reference category="management" uri="oracle/log_policy" enabled="true"
                                                id="oracle/log_policy" xmlns=""/>
                              <policy-reference category="security"
                                                uri="darden/wss_username_token_id_propagation_over_ssl_client_policy"
                                                enabled="true"
                                                id="darden/wss_username_token_id_propagation_over_ssl_client_policy"
                                                xmlns=""/>
                           </policy-references>
                           <soap addressUrl="https://osbtest.darden.com/osb/EmployeeProfileService"
                                 xmlns="http://schemas.xmlsoap.org/wsdl/soap/"/>
                           <operation name="ProcessEmpProfile">
                              <soap xmlns="http://schemas.xmlsoap.org/wsdl/soap/"/>
                              <input name=""/>
                              <output name=""/>
                           </operation>
                           <operation name="GetEmpProfile">
                              <soap xmlns="http://schemas.xmlsoap.org/wsdl/soap/"/>
                              <input name=""/>
                              <output name=""/>
                           </operation>
                        </port>
                     </service>
                  </model>
               </wsconnection>
            </Contents>
         </XmlRefAddr>
      </RefAddresses>
   </Reference>
   <Reference name="SesConnection"
              className="oracle.adf.mbean.share.connection.webcenter.search.SesConnectionReferenceable"
              credentialStoreKey="SesConnection" manageInOracleEnterpriseManager="true" deployable="true" xmlns="">
      <Factory className="oracle.adf.mbean.share.connection.webcenter.search.SesConnectionFactory"/>
      <RefAddresses>
         <XmlRefAddr addrType="SesConfig">
            <Contents>
               <SesConfig>
                  <AttributeMap>
                     <Attribute name="date">
                        <SesAttribute>LastModifiedDate</SesAttribute>
                     </Attribute>
                     <Attribute name="person">
                        <SesAttribute>Author</SesAttribute>
                     </Attribute>
                  </AttributeMap>
                  <SoapUrl>http://seswebd1.darden.com:8888/search/query/OracleSearch</SoapUrl>
               </SesConfig>
            </Contents>
         </XmlRefAddr>
         <StringRefAddr addrType="appUsername">
            <Contents>wcsearch</Contents>
         </StringRefAddr>
         <SecureRefAddr addrType="appPassword"/>
      </RefAddresses>
   </Reference>
   <Reference name="RestaurantInformationService"
              className="oracle.adf.model.connection.webservice.impl.WebServiceConnectionImpl"
              credentialStoreKey="RestaurantInformationService" manageInOracleEnterpriseManager="true" deployable="true"
              xmlns="">
      <Factory className="oracle.adf.model.connection.webservice.api.WebServiceConnectionFactory"/>
      <RefAddresses>
         <XmlRefAddr addrType="WebServiceConnection">
            <Contents>
               <wsconnection description="https://osbtest.darden.com/osb/RestaurantInformationServiceV2?wsdl"
                             service="{http://darden.com/Global/RestaurantInformationService/V1}RestaurantInformationService">
                  <model name="{http://darden.com/Global/RestaurantInformationService/V1}RestaurantInformationService"
                         xmlns="http://oracle.com/ws/model">
                     <service name="{http://darden.com/Global/RestaurantInformationService/V1}RestaurantInformationService">
                        <port name="RestaurantInformationServicePort"
                              binding="{http://darden.com/Global/RestaurantInformationService/V1}RestaurantInformationBinding">
                           <call-properties xmlns="http://oracle.com/adf">
                              <call-property id="oracle.webservices.httpReadTimeout" xmlns="">
                                 <name>oracle.webservices.httpReadTimeout</name>
                                 <value>3000</value>
                              </call-property>
                              <call-property id="javax.xml.ws.security.auth.password" xmlns="">
                                 <name>javax.xml.ws.security.auth.password</name>
                                 <value>ws.auth.password</value>
                              </call-property>
                              <call-property id="oracle.webservices.httpConnTimeout" xmlns="">
                                 <name>oracle.webservices.httpConnTimeout</name>
                                 <value>3000</value>
                              </call-property>
                              <call-property id="javax.xml.ws.security.auth.username" xmlns="">
                                 <name>javax.xml.ws.security.auth.username</name>
                                 <value>ws.auth.username</value>
                              </call-property>
                           </call-properties>
                           <policy-references xmlns="http://oracle.com/adf">
                              <policy-reference category="management" uri="oracle/log_policy" enabled="true"
                                                id="oracle/log_policy" xmlns=""/>
                           </policy-references>
                           <soap addressUrl="https://osbtest.darden.com/osb/RestaurantInformationServiceV2"
                                 xmlns="http://schemas.xmlsoap.org/wsdl/soap/"/>
                           <operation name="GetCorporations">
                              <soap xmlns="http://schemas.xmlsoap.org/wsdl/soap/"/>
                              <input name=""/>
                              <output name=""/>
                           </operation>
                           <operation name="GetDivisions">
                              <soap xmlns="http://schemas.xmlsoap.org/wsdl/soap/"/>
                              <input name=""/>
                              <output name=""/>
                           </operation>
                           <operation name="GetRegions">
                              <soap xmlns="http://schemas.xmlsoap.org/wsdl/soap/"/>
                              <input name=""/>
                              <output name=""/>
                           </operation>
                           <operation name="GetLocations">
                              <soap xmlns="http://schemas.xmlsoap.org/wsdl/soap/"/>
                              <input name=""/>
                              <output name=""/>
                           </operation>
                           <operation name="GetAreas">
                              <soap xmlns="http://schemas.xmlsoap.org/wsdl/soap/"/>
                              <input name=""/>
                              <output name=""/>
                           </operation>
                        </port>
                     </service>
                  </model>
               </wsconnection>
            </Contents>
         </XmlRefAddr>
         <SecureRefAddr addrType="ws.auth.username"/>
         <SecureRefAddr addrType="ws.auth.password"/>
      </RefAddresses>
   </Reference>
   <Reference name="Worklist" className="oracle.adf.mbean.share.connection.webcenter.bpel.BPELConnection"
              manageInOracleEnterpriseManager="true" deployable="true" xmlns="">
      <Factory className="oracle.webcenter.bpel.config.BPELConnectionFactory"/>
      <RefAddresses>
         <StringRefAddr addrType="URL">
            <Contents>https://soawlsdev1.darden.com</Contents>
         </StringRefAddr>
         <StringRefAddr addrType="PolicyURI">
            <Contents>oracle/wss10_saml_token_client_policy</Contents>
         </StringRefAddr>
         <StringRefAddr addrType="RecipientKeyAlias">
            <Contents></Contents>
         </StringRefAddr>
         <StringRefAddr addrType="LinkURL">
            <Contents>https://soawlsdev1.darden.com</Contents>
         </StringRefAddr>
      </RefAddresses>
   </Reference>
   <Reference name="SpacesWebServiceEndpoint" className="oracle.adf.model.connection.url.HttpURLConnection" xmlns="">
      <Factory className="oracle.adf.model.connection.url.URLConnectionFactory"/>
      <RefAddresses>
         <XmlRefAddr addrType="SpacesWebServiceEndpoint">
            <Contents>
               <urlconnection name="SpacesWebServiceEndpoint"
                              url="http://pawebd1.darden.com:8888/webcenter/SpacesWebService"/>
            </Contents>
         </XmlRefAddr>
      </RefAddresses>
   </Reference>
   <Reference name="RestaurantEmployeeTimeOffService"
              className="oracle.adf.model.connection.webservice.impl.WebServiceConnectionImpl" xmlns="">
      <Factory className="oracle.adf.model.connection.webservice.api.WebServiceConnectionFactory"/>
      <RefAddresses>
         <XmlRefAddr addrType="WebServiceConnection">
            <Contents>
               <wsconnection description="https://osbtest.darden.com/osb/RestaurantEmployeeTimeOffService?Wsdl"
                             service="{http://www.darden.com/OSB-Service/RestaurantEmployeeTimeOff}RestaurantEmployeeTimeOffService">
                  <model name="{http://www.darden.com/OSB-Service/RestaurantEmployeeTimeOff}RestaurantEmployeeTimeOffService"
                         xmlns="http://oracle.com/ws/model">
                     <service name="{http://www.darden.com/OSB-Service/RestaurantEmployeeTimeOff}RestaurantEmployeeTimeOffService">
                        <port name="RestaurantEmployeeTimeOffPort"
                              binding="{http://www.darden.com/OSB-Service/RestaurantEmployeeTimeOff}RestaurantEmployeeTimeOffBinding">
                           <policy-references xmlns="http://oracle.com/adf">
                              <policy-reference category="management" uri="oracle/log_policy" enabled="true"
                                                id="oracle/log_policy" xmlns=""/>
                              <policy-reference category="security"
                                                uri="darden/wss_username_token_id_propagation_over_ssl_client_policy"
                                                enabled="true"
                                                id="darden/wss_username_token_id_propagation_over_ssl_client_policy"
                                                xmlns=""/>
                           </policy-references>
                           <soap addressUrl="https://osbtest.darden.com/osb/RestaurantEmployeeTimeOffService"
                                 xmlns="http://schemas.xmlsoap.org/wsdl/soap/"/>
                           <operation name="GetTimeOffBlockedDates">
                              <soap xmlns="http://schemas.xmlsoap.org/wsdl/soap/"/>
                              <input name=""/>
                              <output name=""/>
                           </operation>
                           <operation name="ProcessTimeOff">
                              <soap xmlns="http://schemas.xmlsoap.org/wsdl/soap/"/>
                              <input name=""/>
                              <output name=""/>
                           </operation>
                        </port>
                     </service>
                  </model>
               </wsconnection>
            </Contents>
         </XmlRefAddr>
      </RefAddresses>
   </Reference>
   <Reference name="GetEmployeesByJobClassBindingQSService"
              className="oracle.adf.model.connection.webservice.impl.WebServiceConnectionImpl" xmlns="">
      <Factory className="oracle.adf.model.connection.webservice.api.WebServiceConnectionFactory"/>
      <RefAddresses>
         <XmlRefAddr addrType="WebServiceConnection">
            <Contents>
               <wsconnection description="https://osbtest.darden.com/osb/RestaurantStaffService?Wsdl"
                             service="{http://www.darden.com/OSB-Service/EmployeeRegistration}GetEmployeesByJobClassBindingQSService">
                  <model name="{http://www.darden.com/OSB-Service/EmployeeRegistration}GetEmployeesByJobClassBindingQSService"
                         xmlns="http://oracle.com/ws/model">
                     <service name="{http://www.darden.com/OSB-Service/EmployeeRegistration}GetEmployeesByJobClassBindingQSService">
                        <port name="GetEmployeesByJobClassBindingQSPort"
                              binding="{http://www.darden.com/OSB-Service/EmployeeRegistration}GetEmployeesByJobClassBinding">
                           <policy-references xmlns="http://oracle.com/adf">
                              <policy-reference category="management" uri="oracle/log_policy" enabled="true"
                                                id="oracle/log_policy" xmlns=""/>
                              <policy-reference category="security"
                                                uri="darden/wss_username_token_id_propagation_over_ssl_client_policy"
                                                enabled="true"
                                                id="darden/wss_username_token_id_propagation_over_ssl_client_policy"
                                                xmlns=""/>
                           </policy-references>
                           <soap addressUrl="https://osbtest.darden.com/osb/RestaurantStaffService"
                                 xmlns="http://schemas.xmlsoap.org/wsdl/soap/"/>
                           <operation name="GetEmployeesByJobClass">
                              <soap soapAction="http://www.darden.com/OSB-Service/EmployeeRegistration/GetEmployeesByJobClass"
                                    xmlns="http://schemas.xmlsoap.org/wsdl/soap/"/>
                              <output name=""/>
                              <input name=""/>
                           </operation>
                        </port>
                     </service>
                  </model>
               </wsconnection>
            </Contents>
         </XmlRefAddr>
      </RefAddresses>
   </Reference>
   <Reference name="RestaurantEmployeeLaborService"
              className="oracle.adf.model.connection.webservice.impl.WebServiceConnectionImpl" xmlns="">
      <Factory className="oracle.adf.model.connection.webservice.api.WebServiceConnectionFactory"/>
      <RefAddresses>
         <XmlRefAddr addrType="WebServiceConnection">
            <Contents>
               <wsconnection description="https://osbtest.darden.com/osb/RestaurantEmployeeLaborService?Wsdl"
                             service="{http://www.darden.com/OSB-Service/RestaurantEmployeeLabor}RestaurantEmployeeLaborService">
                  <model name="{http://www.darden.com/OSB-Service/RestaurantEmployeeLabor}RestaurantEmployeeLaborService"
                         xmlns="http://oracle.com/ws/model">
                     <service name="{http://www.darden.com/OSB-Service/RestaurantEmployeeLabor}RestaurantEmployeeLaborService">
                        <port name="RestaurantEmployeeLaborPort"
                              binding="{http://www.darden.com/OSB-Service/RestaurantEmployeeLabor}RestaurantEmployeeLaborBinding">
                           <policy-references xmlns="http://oracle.com/adf">
                              <policy-reference category="management" uri="oracle/log_policy" enabled="true"
                                                id="oracle/log_policy" xmlns=""/>
                              <policy-reference category="security"
                                                uri="darden/wss_username_token_id_propagation_over_ssl_client_policy"
                                                enabled="true"
                                                id="darden/wss_username_token_id_propagation_over_ssl_client_policy"
                                                xmlns=""/>
                           </policy-references>
                           <soap addressUrl="https://osbtest.darden.com/osb/RestaurantEmployeeLaborService"
                                 xmlns="http://schemas.xmlsoap.org/wsdl/soap/"/>
                           <operation name="CancelShift">
                              <soap xmlns="http://schemas.xmlsoap.org/wsdl/soap/"/>
                              <output name=""/>
                              <input name=""/>
                           </operation>
                           <operation name="GetEmployeeSchedule">
                              <soap xmlns="http://schemas.xmlsoap.org/wsdl/soap/"/>
                              <output name=""/>
                              <input name=""/>
                           </operation>
                           <operation name="ProcessShift">
                              <soap xmlns="http://schemas.xmlsoap.org/wsdl/soap/"/>
                              <output name=""/>
                              <input name=""/>
                           </operation>
                           <operation name="ProcessInitiateShift">
                              <soap xmlns="http://schemas.xmlsoap.org/wsdl/soap/"/>
                              <output name=""/>
                              <input name=""/>
                           </operation>
                           <operation name="GetEmployeeDashboard">
                              <soap xmlns="http://schemas.xmlsoap.org/wsdl/soap/"/>
                              <output name=""/>
                              <input name=""/>
                           </operation>
                        </port>
                     </service>
                  </model>
               </wsconnection>
            </Contents>
         </XmlRefAddr>
      </RefAddresses>
   </Reference>
   <Reference name="EmployeeRegistrationBindingQSService"
              className="oracle.adf.model.connection.webservice.impl.WebServiceConnectionImpl" xmlns="">
      <Factory className="oracle.adf.model.connection.webservice.api.WebServiceConnectionFactory"/>
      <RefAddresses>
         <XmlRefAddr addrType="WebServiceConnection">
            <Contents>
               <wsconnection description="https://osbtest.darden.com/osb/RestaurantEmployeeRegistrationService?wsdl"
                             service="{http://www.darden.com/OSB-Service/EmployeeRegistration}EmployeeRegistrationBindingQSService">
                  <model name="{http://www.darden.com/OSB-Service/EmployeeRegistration}EmployeeRegistrationBindingQSService"
                         xmlns="http://oracle.com/ws/model">
                     <service name="{http://www.darden.com/OSB-Service/EmployeeRegistration}EmployeeRegistrationBindingQSService">
                        <port name="EmployeeRegistrationBindingQSPort"
                              binding="{http://www.darden.com/OSB-Service/EmployeeRegistration}EmployeeRegistrationBinding">
                           <policy-references xmlns="http://oracle.com/adf">
                              <policy-reference category="management" uri="oracle/log_policy" enabled="true"
                                                id="oracle/log_policy" xmlns=""/>
                              <policy-reference category="security"
                                                uri="darden/wss_username_token_id_propagation_over_ssl_client_policy"
                                                enabled="true"
                                                id="darden/wss_username_token_id_propagation_over_ssl_client_policy"
                                                xmlns=""/>
                           </policy-references>
                           <soap addressUrl="https://osbtest.darden.com/osb/RestaurantEmployeeRegistrationService"
                                 xmlns="http://schemas.xmlsoap.org/wsdl/soap/"/>
                           <operation name="GetEmployeeRegistrationInfo">
                              <soap soapAction="http://www.darden.com/OSB-Service/EmployeeRegistration/GetEmployeeRegistrationInfo"
                                    xmlns="http://schemas.xmlsoap.org/wsdl/soap/"/>
                              <output name=""/>
                              <input name=""/>
                           </operation>
                           <operation name="ProcessEmpRegistration">
                              <soap soapAction="http://www.darden.com/OSB-Service/EmployeeRegistration/ProcessEmpRegistration"
                                    xmlns="http://schemas.xmlsoap.org/wsdl/soap/"/>
                              <output name=""/>
                              <input name=""/>
                           </operation>
                        </port>
                     </service>
                  </model>
               </wsconnection>
            </Contents>
         </XmlRefAddr>
      </RefAddresses>
   </Reference>
   <Reference name="SESConnection"
              className="oracle.adf.mbean.share.connection.webcenter.search.SesConnectionReferenceable" partial="true"
              manageInOracleEnterpriseManager="true" deployable="true" xmlns="">
      <Factory className="oracle.adf.mbean.share.connection.webcenter.search.SesConnectionFactory"/>
      <RefAddresses>
         <XmlRefAddr addrType="SesConfig">
            <Contents>
               <SesConfig>
                  
                  
                  <AttributeMap>
                     
                     
                     <Attribute name="date">
                        
                        
                        <SesAttribute>LastModifiedDate</SesAttribute>
                        
                     
                     </Attribute>
                     
                     
                     <Attribute name="person">
                        
                        
                        <SesAttribute>Author</SesAttribute>
                        
                     
                     </Attribute>
                     
                  
                  </AttributeMap>
                  
                  
                  <SoapUrl>http://seswebt1.darden.com:7777/search/query/OracleSearch</SoapUrl>
                  
               
               </SesConfig>
            </Contents>
         </XmlRefAddr>
         <StringRefAddr addrType="appUsername">
            <Contents>wcsearch</Contents>
         </StringRefAddr>
      </RefAddresses>
   </Reference>
   <Reference name="webcenter/OperationsReport" className="oracle.jdeveloper.db.adapter.DatabaseProvider"
              partial="false" manageInOracleEnterpriseManager="true" deployable="true" xmlns="">
      <Factory className="oracle.jdeveloper.db.adapter.DatabaseProviderFactory"/>
      <RefAddresses>
         <StringRefAddr addrType="sid">
            <Contents>PADBDEV</Contents>
         </StringRefAddr>
         <StringRefAddr addrType="oraDriverType">
            <Contents>thin</Contents>
         </StringRefAddr>
         <StringRefAddr addrType="port">
            <Contents>1521</Contents>
         </StringRefAddr>
         <StringRefAddr addrType="DeployPassword">
            <Contents>true</Contents>
         </StringRefAddr>
         <StringRefAddr addrType="user">
            <Contents>portal_read</Contents>
         </StringRefAddr>
         <StringRefAddr addrType="subtype">
            <Contents>oraJDBC</Contents>
         </StringRefAddr>
         <StringRefAddr addrType="hostname">
            <Contents>172.20.210.41</Contents>
         </StringRefAddr>
         <StringRefAddr addrType="SavePassword">
            <Contents>false</Contents>
         </StringRefAddr>
      </RefAddresses>
   </Reference>
   <Reference name="LocationQueryService"
              className="oracle.adf.model.connection.webservice.impl.WebServiceConnectionImpl" partial="false"
              manageInOracleEnterpriseManager="true" deployable="true" xmlns="">
      <Factory className="oracle.adf.model.connection.webservice.api.WebServiceConnectionFactory"/>
      <RefAddresses>
         <XmlRefAddr addrType="WebServiceConnection">
            <Contents>
               <wsconnection description="https://osbtest.darden.com/osb/LocationQueryServiceV1?wsdl"
                             service="{http://www.darden.com/LocationQueryService}LocationQueryService">
                  
                  
                  <model name="{http://www.darden.com/LocationQueryService}LocationQueryService"
                         xmlns="http://oracle.com/ws/model">
                     
                     
                     <service name="{http://www.darden.com/LocationQueryService}LocationQueryService">
                        
                        
                        <port name="LocationQueryServicePort"
                              binding="{http://www.darden.com/LocationQueryService}LocationQueryService_SOAPBinding"
                              portType="{http://www.darden.com/LocationQueryService}LocationQueryServiceInterface">
                           
                           
                           <soap addressUrl="https://osbtest.darden.com:443/osb/LocationQueryServiceV1"
                                 xmlns="http://schemas.xmlsoap.org/wsdl/soap/"/>
                           
                           
                           <operation name="Search">
                              
                              
                              <soap soapAction="Search" xmlns="http://schemas.xmlsoap.org/wsdl/soap/"/>
                              
                              
                              <input name="Search"/>
                              
                              
                              <output name="SearchResponse"/>
                              
                           
                           </operation>
                           
                        
                        </port>
                        
                     
                     </service>
                     
                  
                  </model>
                  
               
               </wsconnection>
            </Contents>
         </XmlRefAddr>
      </RefAddresses>
   </Reference>
   <Reference name="GiftCardServiceSOAP11BindingQSService"
              className="oracle.adf.model.connection.webservice.impl.WebServiceConnectionImpl" partial="false"
              manageInOracleEnterpriseManager="true" deployable="true" xmlns="">
      <Factory className="oracle.adf.model.connection.webservice.api.WebServiceConnectionFactory"/>
      <RefAddresses>
         <XmlRefAddr addrType="WebServiceConnection">
            <Contents>
               <wsconnection description="https://osbtest.darden.com/osb/GiftCardServiceV3?wsdl"
                             service="{http://www.darden.com/Global/GiftCardService/V1}GiftCardServiceSOAP11BindingQSService">
                  
                  
                  <model name="{http://www.darden.com/Global/GiftCardService/V1}GiftCardServiceSOAP11BindingQSService"
                         xmlns="http://oracle.com/ws/model">
                     
                     
                     <service name="{http://www.darden.com/Global/GiftCardService/V1}GiftCardServiceSOAP11BindingQSService">
                        
                        
                        <port name="GiftCardServiceSOAP11BindingQSPort"
                              binding="{http://www.darden.com/Global/GiftCardService/V1}GiftCardServiceSOAP11Binding"
                              portType="{http://www.darden.com/Global/GiftCardService/V1}GiftCardServicePortType">
                           
                           
                           <soap addressUrl="https://osbtest.darden.com:443/osb/GiftCardServiceV3"
                                 xmlns="http://schemas.xmlsoap.org/wsdl/soap/"/>
                           
                           
                           <operation name="CheckBalance">
                              
                              
                              <soap soapAction="http://www.darden.com/Global/GiftCardService/V1/CheckBalance"
                                    xmlns="http://schemas.xmlsoap.org/wsdl/soap/"/>
                              
                              
                              <input name=""/>
                              
                              
                              <output name=""/>
                              
                           
                           </operation>
                           
                           
                           <operation name="GetTransactionHistory">
                              
                              
                              <soap soapAction="http://www.darden.com/Global/GiftCardService/V1/TransactionHistory"
                                    xmlns="http://schemas.xmlsoap.org/wsdl/soap/"/>
                              
                              
                              <input name=""/>
                              
                              
                              <output name=""/>
                              
                           
                           </operation>
                           
                        
                        </port>
                        
                     
                     </service>
                     
                  
                  </model>
                  
               
               </wsconnection>
            </Contents>
         </XmlRefAddr>
      </RefAddresses>
   </Reference>
   <Reference name="DishDB" className="oracle.jdeveloper.db.adapter.DatabaseProvider" partial="true"
              manageInOracleEnterpriseManager="true" deployable="true" xmlns="">
      <Factory className="oracle.jdeveloper.db.adapter.DatabaseProviderFactory"/>
   </Reference>
</References>