<?xml version="1.0" encoding="UTF-8" ?>
<definitions xmlns="http://xmlns.oracle.com/webcenter/framework/service">
    <service-definition id="com.darden.krowd.content.announcement"
                        version="11.1.1.0.0">
        <name>Announcement</name>
        <description>Announcement Service</description>
        <name-key>ANNOUNCEMENT_SVC_NAME</name-key>
        <description-key>ANNOUNCEMENT_SVC_DESC</description-key>
        <resource-type-key>ANNOUNCEMENT</resource-type-key>
        <resource-bundle-class>com.darden.krowd.lcs.beans.LcsMessageBundle</resource-bundle-class>
        <resource-view taskFlowId="/WEB-INF/flows/custom-resource-viewer#custom-resource-viewer"/>
        <icon>/adf/webcenter/search_qualifier.png</icon>
        <activity-types>
            <generic-activity-category name="SHARE">
                <activity-type name="share-announcement-activity"
                               displayNameKey="ACTIVITY_SHARE_ANNOUNCEMENTENTRY_NAME"
                               descriptionKey="ACTIVITY_SHARE_ANNOUNCEMENTENTRY_DESC"
                               messageFormatKey="ACTIVITY_SHARE_ANNOUNCEMENTENTRY_MSG"
                               summaryByListMessageFormatKey="ACTIVITY_SHARE_ANNOUNCEMENTENTRY_MSG_SUMMARY_BY_LIST"
                               summaryByCountMessageFormatKey="ACTIVITY_SHARE_ANNOUNCEMENTENTRY_MSG_SUMMARY_BY_COUNT"
                               notificationsEnabled="false"
                               defaultPermissionLevel="NONE"></activity-type>
                <activity-type name="expressLike"
                               messageFormatKey="ACTIVITY_ANNOUNCEMENT_LIKE_OBJ"/>
                <activity-type name="postComment"
                               messageFormatKey="ACTIVITY_ANNOUNCEMENT_COMMENT_OBJ"/>
            </generic-activity-category>
        </activity-types>
        <object-types>
            <object-type name="announcement-object"
                         displayName="Announcement Entry"
                         displayNameKey="ANNOUNCEMENTENTRY_RESOURCE"
                         description="Announcement Description Entry"
                         descriptionKey="ANNOUNCEMENTENTRY_RESOURCE"/>
        </object-types>
    </service-definition>
    <service-definition id="com.darden.krowd.content.dardentv"
                        version="11.1.1.0.0">
        <name>DARDENTV</name>
        <description>Krowd DARDENTV Service</description>
        <name-key>DARDENTV_SVC_NAME</name-key>
        <description-key>DARDENTV_SVC_DESC</description-key>
        <resource-type-key>DARDENTV</resource-type-key>
        <resource-bundle-class>com.darden.krowd.lcs.beans.LcsMessageBundle</resource-bundle-class>
        <resource-view taskFlowId="/WEB-INF/flows/custom-resource-viewer#custom-resource-viewer"/>
        <icon>/adf/webcenter/search_qualifier.png</icon>
        <activity-types>
            <generic-activity-category name="SHARE">
                <activity-type name="share-dardentv-activity"
                               displayNameKey="ACTIVITY_SHARE_DARDENTVENTRY_NAME"
                               descriptionKey="ACTIVITY_SHARE_DARDENTVENTRY_DESC"
                               messageFormatKey="ACTIVITY_SHARE_DARDENTVENTRY_MSG"
                               summaryByListMessageFormatKey="ACTIVITY_SHARE_DARDENTVENTRY_MSG_SUMMARY_BY_LIST"
                               summaryByCountMessageFormatKey="ACTIVITY_SHARE_DARDENTVENTRY_MSG_SUMMARY_BY_COUNT"
                               notificationsEnabled="false"
                               defaultPermissionLevel="NONE"></activity-type>
                <activity-type name="expressLike"
                               messageFormatKey="ACTIVITY_DARDENTV_LIKE_OBJ"/>
                <activity-type name="postComment"
                               messageFormatKey="ACTIVITY_DARDENTV_COMMENT_OBJ"/>
            </generic-activity-category>
        </activity-types>
        <object-types>
            <object-type name="dardentv-object" displayName="dardentv Entry"
                         displayNameKey="DARDENTVENTRY_RESOURCE"
                         description="dardentv Description Entry"
                         descriptionKey="DARDENTVENTRY_RESOURCE"/>
        </object-types>
    </service-definition>
    <service-definition id="com.darden.krowd.content.spotlight"
                        version="11.1.1.0.0">
        <name>Spotlight</name>
        <description>Krowd Spotlight Service</description>
        <name-key>SPOTLIGHT_SVC_NAME</name-key>
        <description-key>SPOTLIGHT_SVC_DESC</description-key>
        <resource-type-key>SPOTLIGHT</resource-type-key>
        <resource-bundle-class>com.darden.krowd.lcs.beans.LcsMessageBundle</resource-bundle-class>
        <resource-view taskFlowId="/WEB-INF/flows/custom-resource-viewer#custom-resource-viewer"/>
        <icon>/adf/webcenter/search_qualifier.png</icon>
        <activity-types>
            <generic-activity-category name="SHARE">
                <activity-type name="share-spotlight-activity"
                               displayNameKey="ACTIVITY_SHARE_SPOTLIGHTENTRY_NAME"
                               descriptionKey="ACTIVITY_SHARE_SPOTLIGHTENTRY_DESC"
                               messageFormatKey="ACTIVITY_SHARE_SPOTLIGHTENTRY_MSG"
                               summaryByListMessageFormatKey="ACTIVITY_SHARE_SPOTLIGHTENTRY_MSG_SUMMARY_BY_LIST"
                               summaryByCountMessageFormatKey="ACTIVITY_SHARE_SPOTLIGHTENTRY_MSG_SUMMARY_BY_COUNT"
                               notificationsEnabled="false"
                               defaultPermissionLevel="NONE"></activity-type>
                <activity-type name="expressLike"
                               messageFormatKey="ACTIVITY_SPOTLIGHT_LIKE_OBJ"/>
                <activity-type name="postComment"
                               messageFormatKey="ACTIVITY_SPOTLIGHT_COMMENT_OBJ"/>
            </generic-activity-category>
        </activity-types>
        <object-types>
            <object-type name="spotlight-object" displayName="spotlight Entry"
                         displayNameKey="SPOTLIGHTENTRY_RESOURCE"
                         description="Spotlight Description Entry"
                         descriptionKey="SPOTLIGHTENTRY_RESOURCE"/>
        </object-types>
    </service-definition>
    <service-definition id="com.darden.krowd.content.news" version="11.1.1.0.0">
        <name>News</name>
        <description>Krowd News Service</description>
        <name-key>NEWS_SVC_NAME</name-key>
        <description-key>NEWS_SVC_DESC</description-key>
        <resource-type-key>NEWS</resource-type-key>
        <resource-bundle-class>com.darden.krowd.lcs.beans.LcsMessageBundle</resource-bundle-class>
        <resource-view taskFlowId="/WEB-INF/flows/custom-resource-viewer#custom-resource-viewer"/>
        <icon>/adf/webcenter/search_qualifier.png</icon>
        <activity-types>
            <generic-activity-category name="SHARE">
                <activity-type name="share-news-activity"
                               displayNameKey="ACTIVITY_SHARE_NEWSENTRY_NAME"
                               descriptionKey="ACTIVITY_SHARE_NEWSENTRY_DESC"
                               messageFormatKey="ACTIVITY_SHARE_NEWSENTRY_MSG"
                               summaryByListMessageFormatKey="ACTIVITY_SHARE_NEWSENTRY_MSG_SUMMARY_BY_LIST"
                               summaryByCountMessageFormatKey="ACTIVITY_SHARE_NEWSENTRY_MSG_SUMMARY_BY_COUNT"
                               notificationsEnabled="false"
                               defaultPermissionLevel="NONE"></activity-type>
                <activity-type name="expressLike"
                               messageFormatKey="ACTIVITY_NEWS_LIKE_OBJ"/>
                <activity-type name="postComment"
                               messageFormatKey="ACTIVITY_NEWS_COMMENT_OBJ"/>
            </generic-activity-category>
        </activity-types>
        <object-types>
            <object-type name="news-object" displayName="News Entry"
                         displayNameKey="NEWSENTRY_RESOURCE"
                         description="News Description Entry"
                         descriptionKey="NEWSENTRY_RESOURCE"/>
        </object-types>
    </service-definition>
    <service-definition id="com.darden.krowd.content.brandtv"
                        version="11.1.1.0.0">
        <name>BRANDTV</name>
        <description>Krowd BRANDTV Service</description>
        <name-key>BRANDTV_SVC_NAME</name-key>
        <description-key>BRANDTV_SVC_DESC</description-key>
        <resource-type-key>BRANDTV</resource-type-key>
        <resource-bundle-class>com.darden.krowd.lcs.beans.LcsMessageBundle</resource-bundle-class>
        <resource-view taskFlowId="/WEB-INF/flows/custom-resource-viewer#custom-resource-viewer"/>
        <icon>/adf/webcenter/search_qualifier.png</icon>
        <activity-types>
            <generic-activity-category name="SHARE">
                <activity-type name="share-brandtv-activity"
                               displayNameKey="ACTIVITY_SHARE_BRANDTVENTRY_NAME"
                               descriptionKey="ACTIVITY_SHARE_BRANDTVENTRY_DESC"
                               messageFormatKey="ACTIVITY_SHARE_BRANDTVENTRY_MSG"
                               summaryByListMessageFormatKey="ACTIVITY_SHARE_BRANDTVENTRY_MSG_SUMMARY_BY_LIST"
                               summaryByCountMessageFormatKey="ACTIVITY_SHARE_BRANDTVENTRY_MSG_SUMMARY_BY_COUNT"
                               notificationsEnabled="false"
                               defaultPermissionLevel="NONE"></activity-type>
                <activity-type name="expressLike"
                               messageFormatKey="ACTIVITY_BRANDTV_LIKE_OBJ"/>
                <activity-type name="postComment"
                               messageFormatKey="ACTIVITY_BRANDTV_COMMENT_OBJ"/>
            </generic-activity-category>
        </activity-types>
        <object-types>
            <object-type name="brandtv-object" displayName="brandtv Entry"
                         displayNameKey="BRANDTVENTRY_RESOURCE"
                         description="brandtv Description Entry"
                         descriptionKey="BRANDTVENTRY_RESOURCE"/>
        </object-types>
    </service-definition>
</definitions>

