<?xml version='1.0' encoding='windows-1252' ?>
<!DOCTYPE ViewObject SYSTEM "jbo_03_01.dtd">
<!---->

<ViewObject
   xmlns="http://xmlns.oracle.com/bc4j"
   Name="LovBudgetOrg"
   Version="12.2.1.22.48"
   OrderBy="BUDGET_ORG_CODE"
   BindingStyle="OracleName"
   CustomQuery="true"
   ComponentClass="gov.usda.fs.nrm.gacommon.model.dataaccess.raca.lov.LovBudgetOrgImpl"
   PageIterMode="Partial" >
   <DesignTime>
      <Attr Name="_codeGenFlag2" Value="Coll" />
      <Attr Name="_isExpertMode" Value="true" />
   </DesignTime>
   <Variable
      Name="budgetOrgId"
      Kind="where"
      Type="java.lang.String"
      DefaultValue="%" >
      <Properties >
         <SchemaBasedProperties >
            <LABEL
               ResId="gov.usda.fs.nrm.gacommon.model.dataaccess.raca.lov.LovBudgetOrg.budgetOrgId_LABEL" >
            </LABEL>
         </SchemaBasedProperties>
      </Properties>
   </Variable>
   <SQLQuery><![CDATA[SELECT distinct BUDGET_ORG_CODE FROM II_FFIS_JOB_CODES 
where upper(BUDGET_ORG_CODE) like upper(:budgetOrgId)]]></SQLQuery>
   <ViewAttribute
      Name="BudgetOrgCode"
      IsUpdateable="false"
      IsPersistent="false"
      IsNotNull="true"
      Precision="4"
      Type="java.lang.String"
      ColumnType="VARCHAR2"
      AliasName="BUDGET_ORG_CODE"
      Expression="BUDGET_ORG_CODE"
      SQLType="VARCHAR" >
      <DesignTime>
         <Attr Name="_DisplaySize" Value="4" />
      </DesignTime>
   </ViewAttribute>
</ViewObject>
