<?xml version='1.0' encoding='windows-1252' ?>
<!DOCTYPE ViewObject SYSTEM "jbo_03_01.dtd">
<!---->

<ViewObject
   xmlns="http://xmlns.oracle.com/bc4j"
   Name="LovFund"
   Version="12.2.1.22.48"
   OrderBy="DISPLAY_SEQ"
   BindingStyle="OracleName"
   CustomQuery="true"
   ComponentClass="gov.usda.fs.nrm.gacommon.model.dataaccess.raca.lov.LovFundImpl"
   PageIterMode="Partial" >
   <DesignTime>
      <Attr Name="_codeGenFlag2" Value="Coll"/>
      <Attr Name="_isExpertMode" Value="true"/>
   </DesignTime>
   <SQLQuery><![CDATA[SELECT Codes.NAME,
       Codes.DESCRIPTION,
       Codes.DISPLAY_SEQ 
FROM II_CODES Codes
WHERE Codes.ATT_NAME = 'GA_RACA_FUND_CODE']]></SQLQuery>
   <ViewAttribute
      Name="Name"
      IsUpdateable="false"
      IsPersistent="false"
      IsNotNull="true"
      Precision="40"
      Type="java.lang.String"
      ColumnType="VARCHAR2"
      AliasName="NAME"
      Expression="NAME"
      SQLType="VARCHAR" >
      <DesignTime>
         <Attr Name="_DisplaySize" Value="40" />
      </DesignTime>
   </ViewAttribute>
   <ViewAttribute
      Name="Description"
      IsUpdateable="false"
      IsPersistent="false"
      Precision="2000"
      Type="java.lang.String"
      ColumnType="VARCHAR2"
      AliasName="DESCRIPTION"
      Expression="DESCRIPTION"
      SQLType="VARCHAR" >
      <DesignTime>
         <Attr Name="_DisplaySize" Value="2000" />
      </DesignTime>
   </ViewAttribute>
   <ViewAttribute
      Name="DisplaySeq"
      IsUpdateable="false"
      IsPersistent="false"
      Precision="4"
      Scale="0"
      Type="oracle.jbo.domain.Number"
      ColumnType="NUMBER"
      AliasName="DISPLAY_SEQ"
      Expression="DISPLAY_SEQ"
      SQLType="NUMERIC" >
      <DesignTime>
         <Attr Name="_DisplaySize" Value="22" />
      </DesignTime>
   </ViewAttribute>
   <ViewLinkAccessor
      Name="LovFundProgram"
      ViewLink="gov.usda.fs.nrm.gacommon.model.dataaccess.raca.lov.LovFundFundProgramLk"
      Type="oracle.jbo.RowIterator"
      IsUpdateable="false" >
   </ViewLinkAccessor>
</ViewObject>
