<?xml version='1.0' encoding='windows-1252' ?>
<!DOCTYPE ViewObject SYSTEM "jbo_03_01.dtd">
<!---->

<ViewObject
   xmlns="http://xmlns.oracle.com/bc4j"
   Name="LovFFISVendors"
   Version="12.2.1.22.48"
   BindingStyle="OracleName"
   CustomQuery="true"
   ComponentClass="gov.usda.fs.nrm.gacommon.model.dataaccess.raca.lov.LovFFISVendorsImpl"
   PageIterMode="Partial" >
   <DesignTime>
      <Attr Name="_codeGenFlag2" Value="Coll" />
      <Attr Name="_isExpertMode" Value="true" />
   </DesignTime>
   <Variable
      Name="vendId"
      Kind="where"
      Type="java.lang.String"
      DefaultValue="%" >
      <Properties >
         <SchemaBasedProperties >
            <LABEL
               ResId="gov.usda.fs.nrm.gacommon.model.dataaccess.raca.lov.LovFFISVendors.vendId_LABEL" >
            </LABEL>
         </SchemaBasedProperties>
      </Properties>
   </Variable>
   <SQLQuery><![CDATA[SELECT FfisVendors.VENDOR_ID, 
       FfisVendors.VENDOR_NAME, 
       FfisVendors.VENDOR_ADDR_1, 
       FfisVendors.VENDOR_ADDR_2, 
       FfisVendors.VENDOR_CITY, 
       FfisVendors.VENDOR_STATE, 
       FfisVendors.VENDOR_ZIP, 
       FfisVendors.VENDOR_PHONE, 
       FfisVendors.COMMENTS
FROM II_FFIS_VENDORS FfisVendors
WHERE FfisVendors.ACTIVE_IND = 'A' 
and upper(VENDOR_ID) like upper(:vendId)]]></SQLQuery>
   <ViewAttribute
      Name="VendorId"
      IsUpdateable="false"
      IsPersistent="false"
      IsNotNull="true"
      Precision="11"
      Type="java.lang.String"
      ColumnType="VARCHAR2"
      AliasName="VENDOR_ID"
      Expression="VENDOR_ID"
      SQLType="VARCHAR" >
      <DesignTime>
         <Attr Name="_DisplaySize" Value="11" />
      </DesignTime>
   </ViewAttribute>
   <ViewAttribute
      Name="VendorName"
      IsUpdateable="false"
      IsPersistent="false"
      IsNotNull="true"
      Precision="30"
      Type="java.lang.String"
      ColumnType="VARCHAR2"
      AliasName="VENDOR_NAME"
      Expression="VENDOR_NAME"
      SQLType="VARCHAR" >
      <DesignTime>
         <Attr Name="_DisplaySize" Value="30" />
      </DesignTime>
   </ViewAttribute>
   <ViewAttribute
      Name="VendorAddr1"
      IsUpdateable="false"
      IsPersistent="false"
      Precision="30"
      Type="java.lang.String"
      ColumnType="VARCHAR2"
      AliasName="VENDOR_ADDR_1"
      Expression="VENDOR_ADDR_1"
      SQLType="VARCHAR" >
      <DesignTime>
         <Attr Name="_DisplaySize" Value="30" />
      </DesignTime>
   </ViewAttribute>
   <ViewAttribute
      Name="VendorAddr2"
      IsUpdateable="false"
      IsPersistent="false"
      Precision="30"
      Type="java.lang.String"
      ColumnType="VARCHAR2"
      AliasName="VENDOR_ADDR_2"
      Expression="VENDOR_ADDR_2"
      SQLType="VARCHAR" >
      <DesignTime>
         <Attr Name="_DisplaySize" Value="30" />
      </DesignTime>
   </ViewAttribute>
   <ViewAttribute
      Name="VendorCity"
      IsUpdateable="false"
      IsPersistent="false"
      Precision="19"
      Type="java.lang.String"
      ColumnType="VARCHAR2"
      AliasName="VENDOR_CITY"
      Expression="VENDOR_CITY"
      SQLType="VARCHAR" >
      <DesignTime>
         <Attr Name="_DisplaySize" Value="19" />
      </DesignTime>
   </ViewAttribute>
   <ViewAttribute
      Name="VendorState"
      IsUpdateable="false"
      IsPersistent="false"
      Precision="2"
      Type="java.lang.String"
      ColumnType="VARCHAR2"
      AliasName="VENDOR_STATE"
      Expression="VENDOR_STATE"
      SQLType="VARCHAR" >
      <DesignTime>
         <Attr Name="_DisplaySize" Value="2" />
      </DesignTime>
   </ViewAttribute>
   <ViewAttribute
      Name="VendorZip"
      IsUpdateable="false"
      IsPersistent="false"
      Precision="9"
      Type="java.lang.String"
      ColumnType="VARCHAR2"
      AliasName="VENDOR_ZIP"
      Expression="VENDOR_ZIP"
      SQLType="VARCHAR" >
      <DesignTime>
         <Attr Name="_DisplaySize" Value="9" />
      </DesignTime>
   </ViewAttribute>
   <ViewAttribute
      Name="VendorPhone"
      IsUpdateable="false"
      IsPersistent="false"
      Precision="11"
      Type="java.lang.String"
      ColumnType="VARCHAR2"
      AliasName="VENDOR_PHONE"
      Expression="VENDOR_PHONE"
      SQLType="VARCHAR" >
      <DesignTime>
         <Attr Name="_DisplaySize" Value="11" />
      </DesignTime>
   </ViewAttribute>
   <ViewAttribute
      Name="Comments"
      IsUpdateable="false"
      IsPersistent="false"
      Precision="2000"
      Type="java.lang.String"
      ColumnType="VARCHAR2"
      AliasName="COMMENTS"
      Expression="COMMENTS"
      SQLType="VARCHAR" >
      <DesignTime>
         <Attr Name="_DisplaySize" Value="2000" />
      </DesignTime>
   </ViewAttribute>
</ViewObject>
