<?xml version='1.0' encoding='windows-1252' ?>
<!DOCTYPE ViewObject SYSTEM "jbo_03_01.dtd">
<!---->
<ViewObject
   xmlns="http://xmlns.oracle.com/bc4j"
   Name="LovSUDSAgmts"
   Version="12.2.1.22.48"
   BindingStyle="OracleName"
   CustomQuery="true"
    ComponentClass="gov.usda.fs.nrm.gacommon.model.dataaccess.raca.lov.LovSUDSAgmtsImpl"
   PageIterMode="Partial">
    <DesignTime>
        <Attr Name="_codeGenFlag2" Value="Coll"/>
        <Attr Name="_isExpertMode" Value="true"/>
    </DesignTime>
    <Variable
       Name="agreementId"
       Kind="where"
       Type="java.lang.String"
       DefaultValue="%">
        <Properties>
            <SchemaBasedProperties>
                <LABEL
                    ResId="gov.usda.fs.nrm.gacommon.model.dataaccess.raca.lov.LovSUDSAgmts.agreementId_LABEL"></LABEL>
            </SchemaBasedProperties>
        </Properties>
    </Variable>
    <SQLQuery><![CDATA[select ai.cn, ai.id, ai.DESCRIPTION, 
ai.SECURITY_ID, ai.MANAGING_CONT_CN 
from ACCPLISHMENT_INSTRUMENTS ai 
where ai.obj_name = 'SPECIAL_USE_AUTHORIZATION' 
and upper(ai.id) like upper(:agreementId)]]></SQLQuery>
    <ViewAttribute
       Name="Cn"
       IsUpdateable="false"
       IsPersistent="false"
       IsNotNull="true"
       Precision="34"
       Type="java.lang.String"
       ColumnType="VARCHAR2"
       AliasName="CN"
       Expression="CN"
       SQLType="VARCHAR">
        <DesignTime>
            <Attr Name="_DisplaySize" Value="34"/>
        </DesignTime>
    </ViewAttribute>
    <ViewAttribute
       Name="Id"
       IsUpdateable="false"
       IsPersistent="false"
       IsNotNull="true"
       Precision="40"
       Type="java.lang.String"
       ColumnType="VARCHAR2"
       AliasName="ID"
       Expression="ID"
       SQLType="VARCHAR">
        <DesignTime>
            <Attr Name="_DisplaySize" Value="40"/>
        </DesignTime>
        <Properties>
            <SchemaBasedProperties>
                <LABEL
                    ResId="gov.usda.fs.nrm.gacommon.model.dataaccess.raca.lov.LovSUDSAgmts.Id_LABEL"></LABEL>
            </SchemaBasedProperties>
        </Properties>
    </ViewAttribute>
    <ViewAttribute
       Name="Description"
       IsUpdateable="false"
       IsPersistent="false"
       Precision="2000"
       Type="java.lang.String"
       ColumnType="VARCHAR2"
       AliasName="DESCRIPTION"
       Expression="DESCRIPTION"
       SQLType="VARCHAR">
        <DesignTime>
            <Attr Name="_DisplaySize" Value="2000"/>
        </DesignTime>
    </ViewAttribute>
    <ViewAttribute
       Name="SecurityId"
       IsUpdateable="false"
       IsPersistent="false"
       IsNotNull="true"
       Precision="30"
       Type="java.lang.String"
       ColumnType="VARCHAR2"
       AliasName="SECURITY_ID"
       Expression="SECURITY_ID"
       SQLType="VARCHAR">
        <DesignTime>
            <Attr Name="_DisplaySize" Value="30"/>
        </DesignTime>
        <Properties>
            <SchemaBasedProperties>
                <LABEL
                    ResId="gov.usda.fs.nrm.gacommon.model.dataaccess.raca.lov.LovSUDSAgmts.SecurityId_LABEL"></LABEL>
            </SchemaBasedProperties>
        </Properties>
    </ViewAttribute>
    <ViewAttribute
       Name="ManagingContCn"
       IsUpdateable="false"
       IsPersistent="false"
       Precision="34"
       Type="java.lang.String"
       ColumnType="VARCHAR2"
       AliasName="MANAGING_CONT_CN"
       Expression="MANAGING_CONT_CN"
       SQLType="VARCHAR">
        <DesignTime>
            <Attr Name="_DisplaySize" Value="34"/>
        </DesignTime>
    </ViewAttribute>
    <AttrArray Name="KeyAttributes">
        <Item Value="Cn"/>
    </AttrArray>
</ViewObject>
