<?xml version="1.0" encoding="windows-1252" ?>
<adfc-config xmlns="http://xmlns.oracle.com/adf/controller" version="1.2">
  <task-flow-definition id="adf-contact-reassignment">
    <default-activity>contact-replace</default-activity>
    <data-control-scope>
      <shared/>
    </data-control-scope>
    <managed-bean id="__1">
      <managed-bean-name>contactGrantBean</managed-bean-name>
      <managed-bean-class>gov.usda.fs.nrm.gacommon.view.bean.contreplace.ContactGrantBean</managed-bean-class>
      <managed-bean-scope>session</managed-bean-scope>
    </managed-bean>
    <managed-bean id="__2">
      <managed-bean-name>contactDialogBean</managed-bean-name>
      <managed-bean-class>gov.usda.fs.nrm.gacommon.view.bean.contreplace.ContactDialogBean</managed-bean-class>
      <managed-bean-scope>request</managed-bean-scope>
    </managed-bean>
    <view id="contact-replace">
      <page>/contReplace/regions/contact-replace.jsff</page>
    </view>
    <view id="contactlov">
      <page>/contReplace/lov/contactlov.jsf</page>
    </view>
    <view id="filteredGrantsContent">
      <page>/contReplace/regions/filteredGrantsContent.jsff</page>
    </view>
    <control-flow-rule id="__5">
      <from-activity-id>*</from-activity-id>
      <control-flow-case id="__6">
        <from-outcome>dialog:selectContSourceId</from-outcome>
        <to-activity-id>contactlov</to-activity-id>
      </control-flow-case>
      <control-flow-case id="__3">
        <from-outcome>filteredGrantsPage</from-outcome>
        <to-activity-id>filteredGrantsContent</to-activity-id>
      </control-flow-case>
    </control-flow-rule>
    <control-flow-rule id="__4">
      <from-activity-id>filteredGrantsContent</from-activity-id>
      <control-flow-case id="__7">
        <from-outcome>contactGrantsPage</from-outcome>
        <to-activity-id>contact-replace</to-activity-id>
      </control-flow-case>
    </control-flow-rule>
    <use-page-fragments/>
  </task-flow-definition>
</adfc-config>
