<?xml version = '1.0' encoding = 'windows-1252'?>
<data-sources xmlns:xsi="http://www.w3.org/2001/XMLSchema-instance" xsi:noNamespaceSchemaLocation="http://xmlns.oracle.com/oracleas/schema/data-sources-10_1.xsd" xmlns="http://xmlns.oracle.com/oracleas/schema">
    <connection-pool name="jdev-connection-pool-iwebtest">
        <connection-factory factory-class="oracle.jdbc.pool.OracleDataSource" user="iweb_app_user" password="->DataBase_User_ojvTWwnPVwnNTlBxlGtSkwgoswUlJD1Q" url="jdbc:oracle:thin:@infratdb.fs.usda.gov:1521:iwebtest"/>
    </connection-pool>
    <managed-data-source name="jdev-connection-managed-iwebtest" jndi-name="jdbc/iwebtestDS" connection-pool-name="jdev-connection-pool-iwebtest"/>
    <native-data-source name="jdev-connection-native-iwebtest" jndi-name="jdbc/iwebtestCoreDS" url="jdbc:oracle:thin:@infratdb.fs.usda.gov:1521:iwebtest" user="iweb_app_user" password="->DataBase_User_hOjwmKZgFX1M7CUuuqpvlFo4lFMgK7aP" data-source-class="oracle.jdbc.pool.OracleDataSource"/>
    <connection-pool name="jdev-connection-pool-iweb">
        <connection-factory factory-class="oracle.jdbc.pool.OracleDataSource" user="iweb_app_user" password="->DataBase_User_PfvUwiPZ1nJUDRZ5yYAzYG8iFN1I_BW-" url="jdbc:oracle:thin:@//nrmyedb.fs.usda.gov:1521/nrmdevn.fs.usda.gov"/>
    </connection-pool>
    <managed-data-source name="jdev-connection-managed-iweb" jndi-name="jdbc/iwebDS" connection-pool-name="jdev-connection-pool-iweb"/>
    <native-data-source name="jdev-connection-native-iweb" jndi-name="jdbc/iwebCoreDS" url="jdbc:oracle:thin:@//nrmyedb.fs.usda.gov:1521/nrmdevn.fs.usda.gov" user="iweb_app_user" password="->DataBase_User_nWiqyUhosWkd8e9k6OS7gF0lFyZPzRZw" data-source-class="oracle.jdbc.pool.OracleDataSource"/>
    <connection-pool name="jdev-connection-pool-tracker">
        <connection-factory factory-class="oracle.jdbc.pool.OracleDataSource" user="fsdba" password="->DataBase_User_B9jVyy1ixHvkKIQ9cYhtAIuyaVnEbyj8" url="jdbc:oracle:thin:@infraddb.fs.usda.gov:1521:iwebdevn"/>
    </connection-pool>
    <managed-data-source name="jdev-connection-managed-tracker" jndi-name="jdbc/trackerDS" connection-pool-name="jdev-connection-pool-tracker"/>
    <native-data-source name="jdev-connection-native-tracker" jndi-name="jdbc/trackerCoreDS" url="jdbc:oracle:thin:@infraddb.fs.usda.gov:1521:iwebdevn" user="fsdba" password="->DataBase_User_QGv_o6GdUBjoQkDfHfeLExnOc5R_z7fJ" data-source-class="oracle.jdbc.pool.OracleDataSource"/>
    <connection-pool name="jdev-connection-pool-iwebprod">
        <connection-factory factory-class="oracle.jdbc.pool.OracleDataSource" user="iweb_app_user" password="->DataBase_User_IDU6vskQQL7N_y8eCgM2RXrdgM0TB-D7" url="jdbc:oracle:thin:@infradb.fs.usda.gov:1521:iwebdb"/>
    </connection-pool>
    <managed-data-source name="jdev-connection-managed-iwebprod" jndi-name="jdbc/iwebprodDS" connection-pool-name="jdev-connection-pool-iwebprod"/>
    <native-data-source name="jdev-connection-native-iwebprod" jndi-name="jdbc/iwebprodCoreDS" url="jdbc:oracle:thin:@infradb.fs.usda.gov:1521:iwebdb" user="iweb_app_user" password="->DataBase_User_O01EYAFok6WnJUcVClOLS5thLilP1lTO" data-source-class="oracle.jdbc.pool.OracleDataSource"/>
    <connection-pool name="jdev-connection-pool-iwebdevn">
        <connection-factory factory-class="oracle.jdbc.pool.OracleDataSource" user="fsdba" password="->DataBase_User_N1G9vpoNgIdrH3pdnbHCk3tCOUgdSzUM" url="jdbc:oracle:thin:@199.134.229.37:1521:iwebdevn"/>
    </connection-pool>
    <managed-data-source name="jdev-connection-managed-iwebdevn" jndi-name="jdbc/iwebdevnDS" connection-pool-name="jdev-connection-pool-iwebdevn"/>
    <native-data-source name="jdev-connection-native-iwebdevn" jndi-name="jdbc/iwebdevnCoreDS" url="jdbc:oracle:thin:@199.134.229.37:1521:iwebdevn" user="fsdba" password="->DataBase_User_524_Y9WSSp-7vmqQ1pVxV-8Lgcju-c6t" data-source-class="oracle.jdbc.pool.OracleDataSource"/>
    <connection-pool name="jdev-connection-pool-fs2000">
        <connection-factory factory-class="oracle.jdbc.pool.OracleDataSource" user="fsdba" password="->DataBase_User_izdCl6ykl28PahYDs3PCGAQg2aCyndb_" url="jdbc:oracle:thin:@fs2000:1521:DDB"/>
    </connection-pool>
    <managed-data-source name="jdev-connection-managed-fs2000" jndi-name="jdbc/fs2000DS" connection-pool-name="jdev-connection-pool-fs2000"/>
    <native-data-source name="jdev-connection-native-fs2000" jndi-name="jdbc/fs2000CoreDS" url="jdbc:oracle:thin:@fs2000:1521:DDB" user="fsdba" password="->DataBase_User_GMFX_09AiLFMBLNuw49A6Il-ZGfmw4Ef" data-source-class="oracle.jdbc.pool.OracleDataSource"/>
    <connection-pool name="jdev-connection-pool-hr">
        <connection-factory factory-class="oracle.jdbc.pool.OracleDataSource" user="hr" password="->DataBase_User_xLne3E8q1q85kECSQIgHWVise-YsFtXk" url="jdbc:oracle:thin:@localhost:1521:XE"/>
    </connection-pool>
    <managed-data-source name="jdev-connection-managed-hr" jndi-name="jdbc/hrDS" connection-pool-name="jdev-connection-pool-hr"/>
    <native-data-source name="jdev-connection-native-hr" jndi-name="jdbc/hrCoreDS" url="jdbc:oracle:thin:@localhost:1521:XE" user="hr" password="->DataBase_User_ailqAOeh1s9ZHNrs9A86W09Cx8rb52lx" data-source-class="oracle.jdbc.pool.OracleDataSource"/>
    <connection-pool name="jdev-connection-pool-locallt">
        <connection-factory factory-class="oracle.jdbc.pool.OracleDataSource" user="ga_dev" password="->DataBase_User_HjcQSN8eWflWN_ndjFlzfnZD62vsL5Xx" url="jdbc:oracle:thin:@LTHNUNEZ.wo.fs.fed.us:1521:ORCL"/>
    </connection-pool>
    <managed-data-source name="jdev-connection-managed-locallt" jndi-name="jdbc/localltDS" connection-pool-name="jdev-connection-pool-locallt"/>
    <native-data-source name="jdev-connection-native-locallt" jndi-name="jdbc/localltCoreDS" url="jdbc:oracle:thin:@LTHNUNEZ.wo.fs.fed.us:1521:ORCL" user="ga_dev" password="->DataBase_User_k1PtADGpg-LSHNyjETzi3ZYS4yB1664L" data-source-class="oracle.jdbc.pool.OracleDataSource"/>
    <connection-pool name="jdev-connection-pool-iwebcon">
        <connection-factory factory-class="oracle.jdbc.pool.OracleDataSource" user="fsdba" password="->DataBase_User_6OH4RYA1hyWleeas_xGuXZtg9qkzjc3d" url="jdbc:oracle:thin:@199.134.229.37:1521:iwebcon"/>
    </connection-pool>
    <managed-data-source name="jdev-connection-managed-iwebcon" jndi-name="jdbc/iwebconDS" connection-pool-name="jdev-connection-pool-iwebcon"/>
    <native-data-source name="jdev-connection-native-iwebcon" jndi-name="jdbc/iwebconCoreDS" url="jdbc:oracle:thin:@199.134.229.37:1521:iwebcon" user="fsdba" password="->DataBase_User_WoIZ9yMJ8t9m3TH8omyftPGivY0hOIYb" data-source-class="oracle.jdbc.pool.OracleDataSource"/>
    <connection-pool name="jdev-connection-pool-ora92">
        <connection-factory factory-class="oracle.jdbc.pool.OracleDataSource" user="fsdba" password="->DataBase_User_AGFd5SaoFIuNdmNUvsHcTXFO-zpYmS1M" url="jdbc:oracle:thin:@199.131.146.176:1521:ORA92"/>
    </connection-pool>
    <managed-data-source name="jdev-connection-managed-ora92" jndi-name="jdbc/ora92DS" connection-pool-name="jdev-connection-pool-ora92"/>
    <native-data-source name="jdev-connection-native-ora92" jndi-name="jdbc/ora92CoreDS" url="jdbc:oracle:thin:@199.131.146.176:1521:ORA92" user="fsdba" password="->DataBase_User_t0qC6d1ghHhx6KBCcmOnw0QtHJrSCFLY" data-source-class="oracle.jdbc.pool.OracleDataSource"/>
    <connection-pool name="jdev-connection-pool-hrORA92">
        <connection-factory factory-class="oracle.jdbc.pool.OracleDataSource" user="hr" password="->DataBase_User_aZImm7VgkpVeDMCd9xRW_pGiU4-oqv9a" url="jdbc:oracle:thin:@pchnunez:1521:ORA92"/>
    </connection-pool>
    <managed-data-source name="jdev-connection-managed-hrORA92" jndi-name="jdbc/hrORA92DS" connection-pool-name="jdev-connection-pool-hrORA92"/>
    <native-data-source name="jdev-connection-native-hrORA92" jndi-name="jdbc/hrORA92CoreDS" url="jdbc:oracle:thin:@pchnunez:1521:ORA92" user="hr" password="->DataBase_User_aVGKLdsm-sA7jPaCcHHaPaNlWQLqFnl5" data-source-class="oracle.jdbc.pool.OracleDataSource"/>
    <connection-pool name="jdev-connection-pool-oe">
        <connection-factory factory-class="oracle.jdbc.pool.OracleDataSource" user="oe1" password="->DataBase_User_Lq32an5MO4GcN4zHzHueBxVKN5jds8US" url="jdbc:oracle:thin:@localhost:1521:XE"/>
    </connection-pool>
    <managed-data-source name="jdev-connection-managed-oe" jndi-name="jdbc/oeDS" connection-pool-name="jdev-connection-pool-oe"/>
    <native-data-source name="jdev-connection-native-oe" jndi-name="jdbc/oeCoreDS" url="jdbc:oracle:thin:@localhost:1521:XE" user="oe1" password="->DataBase_User_UHREmDUxIgWU2W0IvpwkyHU9rWMQfTbZ" data-source-class="oracle.jdbc.pool.OracleDataSource"/>
    <connection-pool name="jdev-connection-pool-facts">
        <connection-factory factory-class="oracle.jdbc.pool.OracleDataSource" user="FACTS_APP_USER" password="->DataBase_User_FOKQjVwn-79Fa6CBoP3PDyFg8W2iuwAG_iOle3ei1bY=" url="jdbc:oracle:thin:@//nrmyedb.fs.usda.gov:1521/nrmdevn.fs.usda.gov"/>
    </connection-pool>
    <managed-data-source name="jdev-connection-managed-facts" jndi-name="jdbc/factsDS" connection-pool-name="jdev-connection-pool-facts"/>
    <native-data-source name="jdev-connection-native-facts" jndi-name="jdbc/factsCoreDS" url="jdbc:oracle:thin:@//nrmyedb.fs.usda.gov:1521/nrmdevn.fs.usda.gov" user="FACTS_APP_USER" password="->DataBase_User_3GrjQmd-TahxSYISptbHd7D1F8d2dVaWjTGqvTxL5gk=" data-source-class="oracle.jdbc.pool.OracleDataSource"/>
    <connection-pool name="jdev-connection-pool-uma">
        <connection-factory factory-class="oracle.jdbc.pool.OracleDataSource" user="uma" password="->DataBase_User_0a6PzHNiQ5Zvn0ykbVD49tA0RDfS3ijg" url="jdbc:oracle:thin:@//nrmyedb.fs.usda.gov:1521/nrmdevn.fs.usda.gov"/>
    </connection-pool>
    <managed-data-source name="jdev-connection-managed-uma" jndi-name="jdbc/umaDS" connection-pool-name="jdev-connection-pool-uma"/>
    <native-data-source name="jdev-connection-native-uma" jndi-name="jdbc/umaCoreDS" url="jdbc:oracle:thin:@//nrmyedb.fs.usda.gov:1521/nrmdevn.fs.usda.gov" user="uma" password="->DataBase_User_pzG6gmrg36bgt3lV4new0SLAtZaAgZra" data-source-class="oracle.jdbc.pool.OracleDataSource"/>
    <connection-pool name="jdev-connection-pool-IWRO_TEST">
        <connection-factory factory-class="oracle.jdbc.pool.OracleDataSource" user="iweb_read_only" password="->DataBase_User_H1xjUos316n-_Af5scL9iQRwzS9Sjja3jNXxamFqQxY=" url="jdbc:oracle:thin:@//infratdb.fs.usda.gov:1521/nrmtest.fs.usda.gov"/>
    </connection-pool>
    <managed-data-source name="jdev-connection-managed-IWRO_TEST" jndi-name="jdbc/IWRO_TESTDS" connection-pool-name="jdev-connection-pool-IWRO_TEST"/>
    <native-data-source name="jdev-connection-native-IWRO_TEST" jndi-name="jdbc/IWRO_TESTCoreDS" url="jdbc:oracle:thin:@//infratdb.fs.usda.gov:1521/nrmtest.fs.usda.gov" user="iweb_read_only" password="->DataBase_User_LPGAlLC2rBDCURbwg5md__ldiimbT9O7estxibpHbnc=" data-source-class="oracle.jdbc.pool.OracleDataSource"/>
    <connection-pool name="jdev-connection-pool-fsdba">
        <connection-factory factory-class="oracle.jdbc.pool.OracleDataSource" user="fsdba" password="->DataBase_User_HZ3IEbO-SiXSBmE7_iM9khBon9E6b2X1rZ3SZ976Prc=" url="jdbc:oracle:thin:@//nrmyedb.fs.usda.gov:1521/nrmdevn.fs.usda.gov"/>
    </connection-pool>
    <managed-data-source name="jdev-connection-managed-fsdba" jndi-name="jdbc/fsdbaDS" connection-pool-name="jdev-connection-pool-fsdba"/>
    <native-data-source name="jdev-connection-native-fsdba" jndi-name="jdbc/fsdbaCoreDS" url="jdbc:oracle:thin:@//nrmyedb.fs.usda.gov:1521/nrmdevn.fs.usda.gov" user="fsdba" password="->DataBase_User_OkwKJ6u8t2jVANfG9f4x6IdnNllbuAlzHTmuYqnaNck=" data-source-class="oracle.jdbc.pool.OracleDataSource"/>
</data-sources>
