<?xml version = '1.0' encoding = 'windows-1252'?>
<weblogic-application xmlns:xsi="http://www.w3.org/2001/XMLSchema-instance"
                      xsi:schemaLocation="http://www.bea.com/ns/weblogic/weblogic-application http://www.bea.com/ns/weblogic/weblogic-application/1.0/weblogic-application.xsd"
                      xmlns="http://www.bea.com/ns/weblogic/weblogic-application">
  <xml>
    <parser-factory>
      <saxparser-factory>oracle.xml.jaxp.JXSAXParserFactory</saxparser-factory>
      <document-builder-factory>oracle.xml.jaxp.JXDocumentBuilderFactory</document-builder-factory>
      <transformer-factory>oracle.xml.jaxp.JXSAXTransformerFactory</transformer-factory>
    </parser-factory>
  </xml>
  <listener>
    <listener-class>oracle.adf.share.weblogic.listeners.ADFApplicationLifecycleListener</listener-class>
  </listener>
  <listener>
    <listener-class>oracle.mds.lcm.weblogic.WLLifecycleListener</listener-class>
  </listener>
 
  <library-ref>
    <library-name>adf.oracle.domain</library-name>
  </library-ref>
  <library-ref>
    <library-name>oracle.jsp.next</library-name>
  </library-ref>
  <!--library-ref>
    <library-name>oracle.webcenter.portal.wccore</library-name>
  </library-ref-->
  <library-ref>
    <library-name>oracle.webcenter.framework</library-name>
  </library-ref>
  <!--library-ref>
    <library-name>oracle.webcenter.skin</library-name>
  </library-ref-->
</weblogic-application>
