<?xml version='1.0' encoding='windows-1252' ?>
<!DOCTYPE ViewObject SYSTEM "jbo_03_01.dtd">
<!---->

<ViewObject
   xmlns="http://xmlns.oracle.com/bc4j"
   Name="AddressesView"
   Version="12.2.1.22.48"
   SelectList="Addresses.CONT_CN, 
       Addresses.ADDRESS_TYPE, 
       Addresses.LINE_1, 
       Addresses.LINE_2, 
       Addresses.LINE_3, 
       Addresses.CITY_NAME, 
       Addresses.STATE_CODE, 
       Addresses.POSTAL_CODE, 
       Addresses.ELECTRONIC_ADDRESS, 
       Addresses.RESTRICTIONS, 
       Addresses.COUNTRY_NAME, 
       Addresses.CONGRESSIONAL_DISTRICT, 
       Addresses.COUNTY, 
       Addresses.PROGRAM_AREA, 
       Addresses.SECURITY_ID, 
       Addresses.ZIP4, 
       Addresses.ADDR_CN"
   FromList="II_ADDRESSES Addresses"
   BindingStyle="OracleName"
   CustomQuery="false"
   ComponentClass="gov.usda.fs.nrm.gacommon.model.dataaccess.raca.contacts.AddressesViewImpl"
   PageIterMode="Partial" >
   <DesignTime>
      <Attr Name="_codeGenFlag2" Value="Coll" />
   </DesignTime>
   <EntityUsage
      Name="Addresses"
      Entity="gov.usda.fs.nrm.gacommon.model.entity.raca.Addresses" >
   </EntityUsage>
   <ViewAttribute
      Name="ContCn"
      IsNotNull="true"
      EntityAttrName="ContCn"
      EntityUsage="Addresses"
      AliasName="CONT_CN" >
   </ViewAttribute>
   <ViewAttribute
      Name="AddressType"
      IsNotNull="true"
      EntityAttrName="AddressType"
      EntityUsage="Addresses"
      AliasName="ADDRESS_TYPE" >
      <Properties>
         <SchemaBasedProperties>
            <LABEL
               ResId="gov.usda.fs.nrm.gacommon.model.dataaccess.raca.contacts.AddressesView.AddressType_LABEL"/>
         </SchemaBasedProperties>
      </Properties>
   </ViewAttribute>
   <ViewAttribute
      Name="Line1"
      EntityAttrName="Line1"
      EntityUsage="Addresses"
      AliasName="LINE_1" >
      <Properties>
         <SchemaBasedProperties>
            <LABEL
               ResId="Line1_LABEL"/>
         </SchemaBasedProperties>
      </Properties>
   </ViewAttribute>
   <ViewAttribute
      Name="Line2"
      EntityAttrName="Line2"
      EntityUsage="Addresses"
      AliasName="LINE_2" >
      <Properties>
         <SchemaBasedProperties>
            <LABEL
               ResId="Line2_LABEL"/>
         </SchemaBasedProperties>
      </Properties>
   </ViewAttribute>
   <ViewAttribute
      Name="Line3"
      EntityAttrName="Line3"
      EntityUsage="Addresses"
      AliasName="LINE_3" >
      <Properties>
         <SchemaBasedProperties>
            <LABEL
               ResId="Line3_LABEL"/>
         </SchemaBasedProperties>
      </Properties>
   </ViewAttribute>
   <ViewAttribute
      Name="CityName"
      EntityAttrName="CityName"
      EntityUsage="Addresses"
      AliasName="CITY_NAME" >
      <Properties>
         <SchemaBasedProperties>
            <LABEL
               ResId="CityName_LABEL"/>
         </SchemaBasedProperties>
      </Properties>
   </ViewAttribute>
   <ViewAttribute
      Name="StateCode"
      EntityAttrName="StateCode"
      EntityUsage="Addresses"
      AliasName="STATE_CODE" >
      <Properties>
         <SchemaBasedProperties>
            <LABEL
               ResId="StateCode_LABEL"/>
         </SchemaBasedProperties>
      </Properties>
   </ViewAttribute>
   <ViewAttribute
      Name="PostalCode"
      EntityAttrName="PostalCode"
      EntityUsage="Addresses"
      AliasName="POSTAL_CODE" >
      <Properties>
         <SchemaBasedProperties>
            <LABEL
               ResId="PostalCode_LABEL"/>
         </SchemaBasedProperties>
      </Properties>
   </ViewAttribute>
   <ViewAttribute
      Name="ElectronicAddress"
      EntityAttrName="ElectronicAddress"
      EntityUsage="Addresses"
      AliasName="ELECTRONIC_ADDRESS" >
      <Properties>
         <SchemaBasedProperties>
            <LABEL
               ResId="ElectronicAddress_LABEL"/>
         </SchemaBasedProperties>
      </Properties>
   </ViewAttribute>
   <ViewAttribute
      Name="Restrictions"
      EntityAttrName="Restrictions"
      EntityUsage="Addresses"
      AliasName="RESTRICTIONS" >
   </ViewAttribute>
   <ViewAttribute
      Name="CountryName"
      EntityAttrName="CountryName"
      EntityUsage="Addresses"
      AliasName="COUNTRY_NAME" >
   </ViewAttribute>
   <ViewAttribute
      Name="CongressionalDistrict"
      EntityAttrName="CongressionalDistrict"
      EntityUsage="Addresses"
      AliasName="CONGRESSIONAL_DISTRICT" >
      <Properties>
         <SchemaBasedProperties>
            <LABEL
               ResId="CongressionalDistrict_LABEL"/>
         </SchemaBasedProperties>
      </Properties>
   </ViewAttribute>
   <ViewAttribute
      Name="County"
      EntityAttrName="County"
      EntityUsage="Addresses"
      AliasName="COUNTY" >
   </ViewAttribute>
   <ViewAttribute
      Name="ProgramArea"
      IsNotNull="true"
      EntityAttrName="ProgramArea"
      EntityUsage="Addresses"
      AliasName="PROGRAM_AREA" >
   </ViewAttribute>
   <ViewAttribute
      Name="SecurityId"
      IsNotNull="true"
      EntityAttrName="SecurityId"
      EntityUsage="Addresses"
      AliasName="SECURITY_ID" >
   </ViewAttribute>
   <ViewAttribute
      Name="Zip4"
      EntityAttrName="Zip4"
      EntityUsage="Addresses"
      AliasName="ZIP4" >
      <Properties>
         <SchemaBasedProperties>
            <LABEL
               ResId="Zip4_LABEL"/>
         </SchemaBasedProperties>
      </Properties>
   </ViewAttribute>
   <ViewAttribute
      Name="AddrCn"
      IsNotNull="true"
      EntityAttrName="AddrCn"
      EntityUsage="Addresses"
      AliasName="ADDR_CN" >
   </ViewAttribute>
   <ResourceBundle>
      <PropertiesBundle
         PropertiesFile="gov.usda.fs.nrm.gacommon.model.ModelBundle"/>
   </ResourceBundle>
</ViewObject>
