<?xml version='1.0' encoding='windows-1252' ?>
<!DOCTYPE ViewObject SYSTEM "jbo_03_01.dtd">
<!---->

<ViewObject
   xmlns="http://xmlns.oracle.com/bc4j"
   Name="ContactsLinksView"
   Version="12.2.1.22.48"
   SelectList="AccinstContLinks.ACCINST_CN, 
       AccinstContLinks.CONT_CN, 
       AccinstContLinks.LINK_TYPE_NAME, 
       AccinstContLinks.LINK_SUB_TYPE, 
       AccinstContLinks.CN, 
       AccinstContLinks.REMARKS, 
       Contacts.ID, 
       Contacts.CN AS CN1, 
       Contacts.NAME"
   FromList="II_ACCINST_CONT_LINKS AccinstContLinks, II_CONTACTS Contacts"
   Where="AccinstContLinks.CONT_CN = Contacts.CN(+)  and AccinstContLinks.LINK_TYPE_NAME = &#39;GA-CONTACT&#39;"
   OrderBy="AccinstContLinks.CN desc"
   BindingStyle="OracleName"
   CustomQuery="false"
   ComponentClass="gov.usda.fs.nrm.gacommon.model.dataaccess.raca.contacts.ContactsLinksViewImpl"
   PageIterMode="Partial"
   AccessMode="DEFAULT">
   <DesignTime>
      <Attr Name="_codeGenFlag2" Value="Coll" />
   </DesignTime>
   <ViewAccessor
      Name="LovContSubType1"
      ViewObjectName="gov.usda.fs.nrm.gacommon.model.dataaccess.raca.lov.LovContSubType"
      RowLevelBinds="true"/>
   <ListBinding
      Name="LOV_LinkSubType"
      ListVOName="LovContSubType1"
      NullValueFlag="start"
      NullValueId="${adfBundle['oracle.javatools.resourcebundle.SystemBundle']['NULL_VALUE_RESID']}"
      MRUCount="0">
      <AttrArray Name="AttrNames">
         <Item Value="LinkSubType"/>
      </AttrArray>
      <AttrArray Name="AttrExpressions"/>
      <AttrArray Name="ListAttrNames">
         <Item Value="Name"/>
      </AttrArray>
      <AttrArray Name="ListDisplayAttrNames">
         <Item Value="Name"/>
         <Item Value="Description"/>
      </AttrArray>
      <DisplayCriteria/>
   </ListBinding>
   <EntityUsage
      Name="AccinstContLinks"
      Entity="gov.usda.fs.nrm.gacommon.model.entity.raca.AccinstContLinks" >
   </EntityUsage>
   <EntityUsage
      Name="Contacts"
      Entity="gov.usda.fs.nrm.gacommon.model.entity.raca.Contacts"
      Association="gov.usda.fs.nrm.gacommon.model.entity.raca.AccinstClContFkAssoc"
      AssociationEnd="gov.usda.fs.nrm.gacommon.model.entity.raca.AccinstClContFkAssoc.Contacts"
      SourceUsage="gov.usda.fs.nrm.gacommon.model.dataaccess.raca.contacts.ContactsLinksView.AccinstContLinks"
      ReadOnly="true"
      Reference="true" >
      <DesignTime>
         <AttrArray Name="_dstAttributes">
            <Item Value="gov.usda.fs.nrm.gacommon.model.entity.raca.Contacts.Cn" />
         </AttrArray>
         <AttrArray Name="_srcAttributes">
            <Item Value="gov.usda.fs.nrm.gacommon.model.entity.raca.AccinstContLinks.ContCn" />
         </AttrArray>
      </DesignTime>
   </EntityUsage>
   <ViewAttribute
      Name="AccinstCn"
      IsNotNull="true"
      EntityAttrName="AccinstCn"
      EntityUsage="AccinstContLinks"
      AliasName="ACCINST_CN" >
   </ViewAttribute>
   <ViewAttribute
      Name="ContCn"
      IsUnique="true"
      IsNotNull="true"
      EntityAttrName="ContCn"
      EntityUsage="AccinstContLinks"
      AliasName="CONT_CN" >
   </ViewAttribute>
   <ViewAttribute
      Name="LinkTypeName"
      IsUnique="true"
      IsNotNull="true"
      EntityAttrName="LinkTypeName"
      EntityUsage="AccinstContLinks"
      AliasName="LINK_TYPE_NAME" >
   </ViewAttribute>
   <ViewAttribute
      Name="LinkSubType"
      IsUnique="true"
      EntityAttrName="LinkSubType"
      EntityUsage="AccinstContLinks"
      AliasName="LINK_SUB_TYPE"
      LOVName="LOV_LinkSubType">
      <Properties>
         <SchemaBasedProperties>
            <CONTROLTYPE
               Value="choice"/>
         </SchemaBasedProperties>
      </Properties>
   </ViewAttribute>
   <ViewAttribute
      Name="Cn"
      IsNotNull="true"
      EntityAttrName="Cn"
      EntityUsage="AccinstContLinks"
      AliasName="CN" >
   </ViewAttribute>
   <ViewAttribute
      Name="Remarks"
      EntityAttrName="Remarks"
      EntityUsage="AccinstContLinks"
      AliasName="REMARKS" >
   </ViewAttribute>
   <ViewAttribute
      Name="Id"
      IsUnique="true"
      IsNotNull="true"
      EntityAttrName="Id"
      EntityUsage="Contacts"
      AliasName="ID" >
   </ViewAttribute>
   <ViewAttribute
      Name="Cn1"
      IsNotNull="true"
      EntityAttrName="Cn"
      EntityUsage="Contacts"
      AliasName="CN1" >
   </ViewAttribute>
   <ViewAttribute
      Name="Name"
      EntityAttrName="Name"
      EntityUsage="Contacts"
      AliasName="NAME" >
   </ViewAttribute>
   <ViewLinkAccessor
      Name="AddressesView"
      ViewLink="gov.usda.fs.nrm.gacommon.model.dataaccess.raca.contacts.ContactsLinksAddressesLk"
      Type="oracle.jbo.RowIterator"
      IsUpdateable="false" >
   </ViewLinkAccessor>
   <ViewLinkAccessor
      Name="PhoneNumbersView"
      ViewLink="gov.usda.fs.nrm.gacommon.model.dataaccess.raca.contacts.ContactsLinksPhoneNumbersLk"
      Type="oracle.jbo.RowIterator"
      IsUpdateable="false" >
   </ViewLinkAccessor>
</ViewObject>
