<?xml version='1.0' encoding='windows-1252' ?>
<!DOCTYPE ViewLink SYSTEM "jbo_03_01.dtd">

<ViewLink
   xmlns="http://xmlns.oracle.com/bc4j"
   Name="CooperatorsLinksAddressesLk"
   Version="12.2.1.22.48" >
   <DesignTime>
      <Attr Name="_isCodegen" Value="true" />
   </DesignTime>
   <ViewLinkDefEnd
      Name="CooperatorsLinksView"
      Cardinality="1"
      Source="true"
      Owner="gov.usda.fs.nrm.gacommon.model.dataaccess.raca.contacts.CooperatorsLinksView" >
      <AttrArray Name="Attributes">
         <Item Value="gov.usda.fs.nrm.gacommon.model.dataaccess.raca.contacts.CooperatorsLinksView.ContCn" />
      </AttrArray>
      <DesignTime>
         <Attr Name="_isUpdateable" Value="true" />
         <Attr Name="_finderName" Value="CooperatorsLinksView" />
      </DesignTime>
   </ViewLinkDefEnd>
   <ViewLinkDefEnd
      Name="AddressesView1"
      Cardinality="-1"
      Owner="gov.usda.fs.nrm.gacommon.model.dataaccess.raca.contacts.AddressesView" >
      <AttrArray Name="Attributes">
         <Item Value="gov.usda.fs.nrm.gacommon.model.dataaccess.raca.contacts.AddressesView.ContCn" />
      </AttrArray>
      <DesignTime>
         <Attr Name="_isUpdateable" Value="true" />
         <Attr Name="_finderName" Value="AddressesView1" />
      </DesignTime>
   </ViewLinkDefEnd>
</ViewLink>
