<?xml version='1.0' encoding='windows-1252' ?>
<!DOCTYPE ViewObject SYSTEM "jbo_03_01.dtd">
<!---->
<ViewObject
   xmlns="http://xmlns.oracle.com/bc4j"
   Name="CooperatorsLinksView"
   Version="12.2.1.22.48"
   SelectList="AccinstContLinks.ACCINST_CN, 
       AccinstContLinks.CONT_CN, 
       AccinstContLinks.LINK_TYPE_NAME, 
       AccinstContLinks.START_DATE, 
       AccinstContLinks.END_DATE, 
       AccinstContLinks.REMARKS, 
       AccinstContLinks.LEADING_IND, 
       AccinstContLinks.DEPARTMENT, 
       AccinstContLinks.DIVISION, 
       AccinstContLinks.FFIS_VENDOR_ID, 
       AccinstContLinks.FAADS_ADDR_CN, 
       AccinstContLinks.INSTITUTION_CODE, 
       AccinstContLinks.FED_DEBT_DELNQNT_IND, 
       AccinstContLinks.PAYEE_IND, 
       AccinstContLinks.APPLICANT_IND, 
       AccinstContLinks.LINK_SUB_TYPE, 
       AccinstContLinks.CN, 
       Contacts.ID, 
       Contacts.CN AS CN1, 
       Contacts.NAME, 
       Contacts.ALC_CODE, 
       Contacts.DUNS, 
       (SELECT ssn_tin            FROM (SELECT c.cn, p.social_security_number
ssn_tin               FROM ii_contacts c,                   
 ii_persons_v p                                             
                  WHERE p.cont_cn(+) = c.cn                 AND
c.obj_name =  'PERSON'                                      
                 UNION all                                  
                        SELECT c.cn, o.tax_id_number ssn_tin
          FROM ii_contacts c,              ii_organizations_v
o                                              WHERE o.cont_cn(+)
=  c.cn                 AND c.obj_name = 'ORGANIZATION')    
                                      WHERE cn = Contacts.CN) AS ssn_tin, 
       AccinstContLinks.FFIS_CAN_NUMBER_STATUS, 
       AccinstContLinks.PAYER_IND"
   FromList="II_ACCINST_CONT_LINKS AccinstContLinks, II_CONTACTS Contacts"
   Where="AccinstContLinks.CONT_CN = Contacts.CN AND AccinstContLinks.LINK_TYPE_NAME = 'GA-COOPERATOR'"
   OrderBy="AccinstContLinks.CN desc"
   BindingStyle="OracleName"
   CustomQuery="false"
    ComponentClass="gov.usda.fs.nrm.gacommon.model.dataaccess.raca.contacts.CooperatorsLinksViewImpl"
   PageIterMode="Partial">
    <DesignTime>
        <Attr Name="_codeGenFlag2" Value="Coll"/>
    </DesignTime>
    <EntityUsage
       Name="AccinstContLinks"
        Entity="gov.usda.fs.nrm.gacommon.model.entity.raca.AccinstContLinks"></EntityUsage>
    <EntityUsage
       Name="Contacts"
        Entity="gov.usda.fs.nrm.gacommon.model.entity.raca.Contacts"
        Association="gov.usda.fs.nrm.gacommon.model.entity.raca.AccinstClContFkAssoc"
        AssociationEnd="gov.usda.fs.nrm.gacommon.model.entity.raca.AccinstClContFkAssoc.Contacts"
        SourceUsage="gov.usda.fs.nrm.gacommon.model.dataaccess.raca.contacts.CooperatorsLinksView.AccinstContLinks"
       ReadOnly="true"
       Reference="true"/>
    <ViewAttribute
       Name="AccinstCn"
       IsNotNull="true"
       EntityAttrName="AccinstCn"
       EntityUsage="AccinstContLinks"
       AliasName="ACCINST_CN"></ViewAttribute>
    <ViewAttribute
       Name="ContCn"
       IsUnique="true"
       IsNotNull="true"
       EntityAttrName="ContCn"
       EntityUsage="AccinstContLinks"
       AliasName="CONT_CN"></ViewAttribute>
    <ViewAttribute
       Name="LinkTypeName"
       IsUnique="true"
       IsNotNull="true"
       EntityAttrName="LinkTypeName"
       EntityUsage="AccinstContLinks"
       AliasName="LINK_TYPE_NAME"></ViewAttribute>
    <ViewAttribute
       Name="StartDate"
       EntityAttrName="StartDate"
       EntityUsage="AccinstContLinks"
       AliasName="START_DATE"></ViewAttribute>
    <ViewAttribute
       Name="EndDate"
       EntityAttrName="EndDate"
       EntityUsage="AccinstContLinks"
       AliasName="END_DATE"></ViewAttribute>
    <ViewAttribute
       Name="Remarks"
       EntityAttrName="Remarks"
       EntityUsage="AccinstContLinks"
       AliasName="REMARKS"></ViewAttribute>
    <ViewAttribute
       Name="LeadingInd"
       EntityAttrName="LeadingInd"
       EntityUsage="AccinstContLinks"
       AliasName="LEADING_IND"></ViewAttribute>
    <ViewAttribute
       Name="Department"
       EntityAttrName="Department"
       EntityUsage="AccinstContLinks"
       AliasName="DEPARTMENT"></ViewAttribute>
    <ViewAttribute
       Name="Division"
       EntityAttrName="Division"
       EntityUsage="AccinstContLinks"
       AliasName="DIVISION"></ViewAttribute>
    <ViewAttribute
       Name="FfisVendorId"
       EntityAttrName="FfisVendorId"
       EntityUsage="AccinstContLinks"
       AliasName="FFIS_VENDOR_ID"></ViewAttribute>
    <ViewAttribute
       Name="FaadsAddrCn"
       EntityAttrName="FaadsAddrCn"
       EntityUsage="AccinstContLinks"
       AliasName="FAADS_ADDR_CN"></ViewAttribute>
    <ViewAttribute
       Name="InstitutionCode"
       EntityAttrName="InstitutionCode"
       EntityUsage="AccinstContLinks"
       AliasName="INSTITUTION_CODE"></ViewAttribute>
    <ViewAttribute
       Name="FedDebtDelnqntInd"
       EntityAttrName="FedDebtDelnqntInd"
       EntityUsage="AccinstContLinks"
       AliasName="FED_DEBT_DELNQNT_IND"></ViewAttribute>
    <ViewAttribute
       Name="PayeeInd"
       EntityAttrName="PayeeInd"
       EntityUsage="AccinstContLinks"
       AliasName="PAYEE_IND"></ViewAttribute>
    <ViewAttribute
       Name="ApplicantInd"
       EntityAttrName="ApplicantInd"
       EntityUsage="AccinstContLinks"
       AliasName="APPLICANT_IND"></ViewAttribute>
    <ViewAttribute
       Name="LinkSubType"
       IsUnique="true"
       EntityAttrName="LinkSubType"
       EntityUsage="AccinstContLinks"
       AliasName="LINK_SUB_TYPE"></ViewAttribute>
    <ViewAttribute
       Name="Cn"
       IsNotNull="true"
       EntityAttrName="Cn"
       EntityUsage="AccinstContLinks"
       AliasName="CN"></ViewAttribute>
    <ViewAttribute
       Name="Id"
       IsUpdateable="false"
       IsNotNull="true"
       EntityAttrName="Id"
       EntityUsage="Contacts"
       AliasName="ID">
        <Properties>
            <SchemaBasedProperties>
                <LABEL
                    ResId="gov.usda.fs.nrm.gacommon.model.dataaccess.raca.contacts.CooperatorsLinksView.Id_LABEL"></LABEL>
            </SchemaBasedProperties>
        </Properties>
    </ViewAttribute>
    <ViewAttribute
       Name="Cn1"
       IsNotNull="true"
       EntityAttrName="Cn"
       EntityUsage="Contacts"
       AliasName="CN1"></ViewAttribute>
    <ViewAttribute
       Name="Name"
       EntityAttrName="Name"
       EntityUsage="Contacts"
       AliasName="NAME"></ViewAttribute>
    <ViewAttribute
       Name="AlcCode"
       EntityAttrName="AlcCode"
       EntityUsage="Contacts"
       AliasName="ALC_CODE"></ViewAttribute>
    <ViewAttribute
       Name="Duns"
       EntityAttrName="Duns"
       EntityUsage="Contacts"
       AliasName="DUNS"></ViewAttribute>
    <ViewAttribute
       Name="Ein"
       IsUpdateable="false"
       IsPersistent="false"
       Precision="255"
       Type="java.lang.String"
       ColumnType="VARCHAR2"
       AliasName="ssn_tin"
       Expression="(SELECT ssn_tin            FROM (SELECT c.cn, p.social_security_number
ssn_tin               FROM ii_contacts c,                   
 ii_persons_v p                                             
                  WHERE p.cont_cn(+) = c.cn                 AND
c.obj_name =  'PERSON'                                      
                 UNION all                                  
                        SELECT c.cn, o.tax_id_number ssn_tin
          FROM ii_contacts c,              ii_organizations_v
o                                              WHERE o.cont_cn(+)
=  c.cn                 AND c.obj_name = 'ORGANIZATION')    
                                      WHERE cn = Contacts.CN)"
       SQLType="VARCHAR">
        <Properties>
            <SchemaBasedProperties>
                <LABEL
                    ResId="gov.usda.fs.nrm.gacommon.model.dataaccess.raca.contacts.CooperatorsLinksView.Ein_LABEL"></LABEL>
            </SchemaBasedProperties>
        </Properties>
    </ViewAttribute>
    <ViewAttribute
       Name="FfisCanNumberStatus"
       EntityAttrName="FfisCanNumberStatus"
       EntityUsage="AccinstContLinks"
       AliasName="FFIS_CAN_NUMBER_STATUS"></ViewAttribute>
    <ViewAttribute
       Name="PayerInd"
       EntityAttrName="PayerInd"
       EntityUsage="AccinstContLinks"
       AliasName="PAYER_IND"></ViewAttribute>
    <ViewLinkAccessor
       Name="AddressesView1"
        ViewLink="gov.usda.fs.nrm.gacommon.model.dataaccess.raca.contacts.CooperatorsLinksAddressesLk"
       Type="oracle.jbo.RowIterator"
       IsUpdateable="false">
   </ViewLinkAccessor>
    <ViewLinkAccessor
       Name="PhoneNumbersView1"
        ViewLink="gov.usda.fs.nrm.gacommon.model.dataaccess.raca.contacts.CooperatorsLinksPhoneNumbersLk"
       Type="oracle.jbo.RowIterator"
       IsUpdateable="false">
   </ViewLinkAccessor>
    <ViewLinkAccessor
       Name="CooperatorView"
        ViewLink="gov.usda.fs.nrm.gacommon.model.dataaccess.raca.contacts.CooperatorLinksCooperatorLk"
       Type="oracle.jbo.RowIterator"
       IsUpdateable="false">
   </ViewLinkAccessor>
    <ViewLinkAccessor
       Name="LovFFISVendors"
        ViewLink="gov.usda.fs.nrm.gacommon.model.dataaccess.raca.contacts.CooperatorLinksFFISVendorFilterLk"
       Type="oracle.jbo.RowIterator"
       IsUpdateable="false">
   </ViewLinkAccessor>
</ViewObject>
