<?xml version='1.0' encoding='windows-1252' ?>
<!DOCTYPE ViewLink SYSTEM "jbo_03_01.dtd">

<ViewLink
   xmlns="http://xmlns.oracle.com/bc4j"
   Name="CooperatorLinksFFISVendorFilterLk"
   Version="12.2.1.22.48"
   Where="VENDOR_ID like &#39;%&#39; || nvl ( trim(replace(:Bind_Ein, &#39;-&#39;, &#39;&#39;)), VENDOR_ID) || &#39;%&#39;" >
   <DesignTime>
      <Attr Name="_isCodegen" Value="true" />
   </DesignTime>
   <ViewLinkDefEnd
      Name="CooperatorsLinksView"
      Cardinality="1"
      Source="true"
      Owner="gov.usda.fs.nrm.gacommon.model.dataaccess.raca.contacts.CooperatorsLinksView" >
      <AttrArray Name="Attributes">
         <Item Value="gov.usda.fs.nrm.gacommon.model.dataaccess.raca.contacts.CooperatorsLinksView.Ein" />
      </AttrArray>
      <DesignTime>
         <Attr Name="_isUpdateable" Value="true" />
         <Attr Name="_finderName" Value="CooperatorsLinksView" />
      </DesignTime>
   </ViewLinkDefEnd>
   <ViewLinkDefEnd
      Name="LovFFISVendors"
      Cardinality="-1"
      Owner="gov.usda.fs.nrm.gacommon.model.dataaccess.raca.lov.LovFFISVendors" >
      <AttrArray Name="Attributes">
         <Item Value="gov.usda.fs.nrm.gacommon.model.dataaccess.raca.lov.LovFFISVendors.VendorId" />
      </AttrArray>
      <DesignTime>
         <Attr Name="_isUpdateable" Value="true" />
         <Attr Name="_finderName" Value="LovFFISVendors" />
      </DesignTime>
   </ViewLinkDefEnd>
</ViewLink>
