<?xml version='1.0' encoding='windows-1252' ?>
<!DOCTYPE ViewObject SYSTEM "jbo_03_01.dtd">
<!---->

<ViewObject
   xmlns="http://xmlns.oracle.com/bc4j"
   Name="RacaBillLinesView"
   Version="12.2.1.22.48"
   SelectList="RacaBillLines.BILL_CN, 
       RacaBillLines.LINE_NO, 
       RacaBillLines.REFERENCE_INFO, 
       RacaBillLines.AMOUNT, 
       RacaBillLines.JOB_CODE, 
       RacaBillLines.BOC, 
       RacaBillLines.LINE_ACTION, 
       RacaBillLines.ROWID"
   FromList="II_RACA_BILL_LINES RacaBillLines"
   BindingStyle="OracleName"
   CustomQuery="false"
   ComponentClass="gov.usda.fs.nrm.gacommon.model.dataaccess.raca.bills.RacaBillLinesViewImpl"
   PageIterMode="Partial" >
   <DesignTime>
      <Attr Name="_codeGenFlag2" Value="Coll" />
   </DesignTime>
   <EntityUsage
      Name="RacaBillLines"
      Entity="gov.usda.fs.nrm.gacommon.model.entity.raca.RacaBillLines" >
   </EntityUsage>
   <ViewAttribute
      Name="BillCn"
      EntityAttrName="BillCn"
      EntityUsage="RacaBillLines"
      AliasName="BILL_CN" >
   </ViewAttribute>
   <ViewAttribute
      Name="LineNo"
      EntityAttrName="LineNo"
      EntityUsage="RacaBillLines"
      AliasName="LINE_NO" >
   </ViewAttribute>
   <ViewAttribute
      Name="ReferenceInfo"
      EntityAttrName="ReferenceInfo"
      EntityUsage="RacaBillLines"
      AliasName="REFERENCE_INFO" >
   </ViewAttribute>
   <ViewAttribute
      Name="Amount"
      EntityAttrName="Amount"
      EntityUsage="RacaBillLines"
      AliasName="AMOUNT" >
   </ViewAttribute>
   <ViewAttribute
      Name="JobCode"
      EntityAttrName="JobCode"
      EntityUsage="RacaBillLines"
      AliasName="JOB_CODE" >
   </ViewAttribute>
   <ViewAttribute
      Name="Boc"
      EntityAttrName="Boc"
      EntityUsage="RacaBillLines"
      AliasName="BOC" >
   </ViewAttribute>
   <ViewAttribute
      Name="LineAction"
      EntityAttrName="LineAction"
      EntityUsage="RacaBillLines"
      AliasName="LINE_ACTION" >
   </ViewAttribute>
   <ViewAttribute
      Name="RowID"
      IsUpdateable="false"
      EntityAttrName="RowID"
      EntityUsage="RacaBillLines"
      AliasName="ROWID" >
   </ViewAttribute>
</ViewObject>
