<?xml version='1.0' encoding='windows-1252' ?>
<!DOCTYPE ViewObject SYSTEM "jbo_03_01.dtd">
<!---->

<ViewObject
   xmlns="http://xmlns.oracle.com/bc4j"
   Name="RacaBillsView"
   Version="12.2.1.22.48"
   SelectList="RacaBills.CN, 
       RacaBills.GRANT_CN, 
       RacaBills.AGREEMENT_NUMBER, 
       RacaBills.TRANS_CODE, 
       RacaBills.TRANS_TYPE, 
       RacaBills.DOC_ID, 
       RacaBills.DOC_DATE, 
       RacaBills.DESCRIPTION"
   FromList="II_RACA_BILLS RacaBills"
   BindingStyle="OracleName"
   CustomQuery="false"
   ComponentClass="gov.usda.fs.nrm.gacommon.model.dataaccess.raca.bills.RacaBillsViewImpl"
   PageIterMode="Partial" >
   <DesignTime>
      <Attr Name="_codeGenFlag2" Value="Coll" />
   </DesignTime>
   <EntityUsage
      Name="RacaBills"
      Entity="gov.usda.fs.nrm.gacommon.model.entity.raca.RacaBills" >
   </EntityUsage>
   <ViewAttribute
      Name="Cn"
      IsNotNull="true"
      EntityAttrName="Cn"
      EntityUsage="RacaBills"
      AliasName="CN" >
   </ViewAttribute>
   <ViewAttribute
      Name="GrantCn"
      EntityAttrName="GrantCn"
      EntityUsage="RacaBills"
      AliasName="GRANT_CN" >
   </ViewAttribute>
   <ViewAttribute
      Name="AgreementNumber"
      EntityAttrName="AgreementNumber"
      EntityUsage="RacaBills"
      AliasName="AGREEMENT_NUMBER" >
   </ViewAttribute>
   <ViewAttribute
      Name="TransCode"
      EntityAttrName="TransCode"
      EntityUsage="RacaBills"
      AliasName="TRANS_CODE" >
   </ViewAttribute>
   <ViewAttribute
      Name="TransType"
      EntityAttrName="TransType"
      EntityUsage="RacaBills"
      AliasName="TRANS_TYPE" >
   </ViewAttribute>
   <ViewAttribute
      Name="DocId"
      IsUnique="true"
      EntityAttrName="DocId"
      EntityUsage="RacaBills"
      AliasName="DOC_ID" >
   </ViewAttribute>
   <ViewAttribute
      Name="DocDate"
      IsUnique="true"
      EntityAttrName="DocDate"
      EntityUsage="RacaBills"
      AliasName="DOC_DATE" >
   </ViewAttribute>
   <ViewAttribute
      Name="Description"
      EntityAttrName="Description"
      EntityUsage="RacaBills"
      AliasName="DESCRIPTION" >
   </ViewAttribute>
   <ViewLinkAccessor
      Name="RacaBillLinesView"
      ViewLink="gov.usda.fs.nrm.gacommon.model.dataaccess.raca.bills.RacaBillsRacaBillLinesLk"
      Type="oracle.jbo.RowIterator"
      IsUpdateable="false" >
   </ViewLinkAccessor>
   <ViewLinkAccessor
      Name="RacaBillTextLinesView"
      ViewLink="gov.usda.fs.nrm.gacommon.model.dataaccess.raca.bills.RacaBillsRacaBillTextLinesLk"
      Type="oracle.jbo.RowIterator"
      IsUpdateable="false" >
   </ViewLinkAccessor>
</ViewObject>
