<?xml version='1.0' encoding='windows-1252' ?>
<!DOCTYPE ViewObject SYSTEM "jbo_03_01.dtd">
<!---->

<ViewObject
   xmlns="http://xmlns.oracle.com/bc4j"
   Name="RacaBillTextLinesView"
   Version="12.2.1.22.48"
   SelectList="RacaBillTextLines.CN, 
       RacaBillTextLines.GRANT_CN, 
       RacaBillTextLines.AGREEMENT_NUMBER, 
       RacaBillTextLines.VENDOR_CODE, 
       RacaBillTextLines.FMMI_CUSTOMER_NUMBER, 
       RacaBillTextLines.LINE_NUMBER, 
       RacaBillTextLines.TEXT_LINE"
   FromList="II_RACA_BILL_TEXT_LINES RacaBillTextLines"
   BindingStyle="OracleName"
   CustomQuery="false"
   ComponentClass="gov.usda.fs.nrm.gacommon.model.dataaccess.raca.bills.RacaBillTextLinesViewImpl"
   PageIterMode="Partial" >
   <DesignTime>
      <Attr Name="_codeGenFlag2" Value="Coll" />
   </DesignTime>
   <EntityUsage
      Name="RacaBillTextLines"
      Entity="gov.usda.fs.nrm.gacommon.model.entity.raca.RacaBillTextLines" >
   </EntityUsage>
   <ViewAttribute
      Name="Cn"
      IsNotNull="true"
      EntityAttrName="Cn"
      EntityUsage="RacaBillTextLines"
      AliasName="CN" >
   </ViewAttribute>
   <ViewAttribute
      Name="GrantCn"
      EntityAttrName="GrantCn"
      EntityUsage="RacaBillTextLines"
      AliasName="GRANT_CN" >
   </ViewAttribute>
   <ViewAttribute
      Name="AgreementNumber"
      EntityAttrName="AgreementNumber"
      EntityUsage="RacaBillTextLines"
      AliasName="AGREEMENT_NUMBER" >
   </ViewAttribute>
   <ViewAttribute
      Name="VendorCode"
      EntityAttrName="VendorCode"
      EntityUsage="RacaBillTextLines"
      AliasName="VENDOR_CODE" >
   </ViewAttribute>
   <ViewAttribute
      Name="FmmiCustomerNumber"
      EntityAttrName="FmmiCustomerNumber"
      EntityUsage="RacaBillTextLines"
      AliasName="FMMI_CUSTOMER_NUMBER" >
      <Properties >
         <SchemaBasedProperties >
            <LABEL
               ResId="gov.usda.fs.nrm.gacommon.model.dataaccess.raca.bills.RacaBillTextLinesView.FmmiCustomerNumber_LABEL" >
            </LABEL>
         </SchemaBasedProperties>
      </Properties>
   </ViewAttribute>
   <ViewAttribute
      Name="LineNumber"
      EntityAttrName="LineNumber"
      EntityUsage="RacaBillTextLines"
      AliasName="LINE_NUMBER" >
   </ViewAttribute>
   <ViewAttribute
      Name="TextLine"
      EntityAttrName="TextLine"
      EntityUsage="RacaBillTextLines"
      AliasName="TEXT_LINE" >
   </ViewAttribute>
   <ResourceBundle >
      <PropertiesBundle
         PropertiesFile="gov.usda.fs.nrm.gacommon.model.ModelBundle" >
      </PropertiesBundle>
   </ResourceBundle>
</ViewObject>
