<?xml version="1.0" encoding="UTF-8" ?>
<pageDefinition xmlns="http://xmlns.oracle.com/adfm/uimodel" version="12.2.1.22.48" id="racabillsPageDef"
                Package="fragments.raca">
  <parameters/>
  <executables>
    <variableIterator id="variables"/>
    <iterator Binds="RacaBillLinesView" RangeSize="25" DataControl="GACommonServiceDataControl"
              id="RacaBillLinesViewIterator"/>
    <searchRegion Binds="RacaBillLinesViewIterator" Criteria=""
                  Customizer="oracle.jbo.uicli.binding.JUSearchBindingCustomizer" id="RacaBillLinesViewQuery"/>
    <iterator Binds="RacaBillTextLinesView" RangeSize="25" DataControl="GACommonServiceDataControl"
              id="RacaBillTextLinesViewIterator"/>
    <searchRegion Binds="RacaBillTextLinesViewIterator" Criteria=""
                  Customizer="oracle.jbo.uicli.binding.JUSearchBindingCustomizer" id="RacaBillTextLinesViewQuery"/>
  </executables>
  <bindings>
    <tree IterBinding="RacaBillLinesViewIterator" id="RacaBillLinesView">
      <nodeDefinition DefName="gov.usda.fs.nrm.gacommon.model.dataaccess.raca.bills.RacaBillLinesView"
                      Name="RacaBillLinesView0">
        <AttrNames>
          <Item Value="LineNo"/>
          <Item Value="ReferenceInfo"/>
          <Item Value="Amount"/>
          <Item Value="JobCode"/>
          <Item Value="Boc"/>
          <Item Value="LineAction"/>
        </AttrNames>
      </nodeDefinition>
    </tree>
    <tree IterBinding="RacaBillTextLinesViewIterator" id="RacaBillTextLinesView">
      <nodeDefinition DefName="gov.usda.fs.nrm.gacommon.model.dataaccess.raca.bills.RacaBillTextLinesView"
                      Name="RacaBillTextLinesView0">
        <AttrNames>
          <Item Value="AgreementNumber"/>
          <Item Value="VendorCode"/>
          <Item Value="FmmiCustomerNumber"/>
          <Item Value="LineNumber"/>
          <Item Value="TextLine"/>
        </AttrNames>
      </nodeDefinition>
    </tree>
  </bindings>
</pageDefinition>
