<?xml version="1.0" encoding="UTF-8" ?>
<pageDefinition xmlns="http://xmlns.oracle.com/adfm/uimodel" version="12.2.1.22.48" id="racacooperatorsPageDef"
                Package="fragments.raca">
  <parameters/>
  <executables>
    <variableIterator id="variables"/>
    <iterator Binds="CooperatorsLinksView" RangeSize="25" DataControl="GACommonServiceDataControl"
              id="CooperatorsLinksViewIterator"/>
    <iterator Binds="CooperatorAddressesView" RangeSize="25" DataControl="GACommonServiceDataControl"
              id="CooperatorAddressesViewIterator"/>
    <iterator Binds="CooperatorPhoneNumbersView" RangeSize="25" DataControl="GACommonServiceDataControl"
              id="CooperatorPhoneNumbersViewIterator"/>
  </executables>
  <bindings>
    <attributeValues IterBinding="CooperatorsLinksViewIterator" id="AccinstCn">
      <AttrNames>
        <Item Value="AccinstCn"/>
      </AttrNames>
    </attributeValues>
    <attributeValues IterBinding="CooperatorsLinksViewIterator" id="ContCn">
      <AttrNames>
        <Item Value="ContCn"/>
      </AttrNames>
    </attributeValues>
    <attributeValues IterBinding="CooperatorsLinksViewIterator" id="LinkTypeName">
      <AttrNames>
        <Item Value="LinkTypeName"/>
      </AttrNames>
    </attributeValues>
    <attributeValues IterBinding="CooperatorsLinksViewIterator" id="LinkSubType">
      <AttrNames>
        <Item Value="LinkSubType"/>
      </AttrNames>
    </attributeValues>
    <attributeValues IterBinding="CooperatorsLinksViewIterator" id="Name">
      <AttrNames>
        <Item Value="Name"/>
      </AttrNames>
    </attributeValues>
    <attributeValues IterBinding="CooperatorsLinksViewIterator" id="AlcCode">
      <AttrNames>
        <Item Value="AlcCode"/>
      </AttrNames>
    </attributeValues>
    <attributeValues IterBinding="CooperatorsLinksViewIterator" id="Id">
      <AttrNames>
        <Item Value="Id"/>
      </AttrNames>
    </attributeValues>
    <attributeValues IterBinding="CooperatorsLinksViewIterator" id="Ein">
      <AttrNames>
        <Item Value="Ein"/>
      </AttrNames>
    </attributeValues>
    <attributeValues IterBinding="CooperatorsLinksViewIterator" id="FfisVendorId">
      <AttrNames>
        <Item Value="FfisVendorId"/>
      </AttrNames>
    </attributeValues>
    <attributeValues IterBinding="CooperatorsLinksViewIterator" id="Remarks">
      <AttrNames>
        <Item Value="Remarks"/>
      </AttrNames>
    </attributeValues>
    <tree IterBinding="CooperatorAddressesViewIterator" id="CooperatorAddressesView">
      <nodeDefinition DefName="gov.usda.fs.nrm.gacommon.model.dataaccess.raca.contacts.AddressesView"
                      Name="CooperatorAddressesView0">
        <AttrNames>
          <Item Value="ContCn"/>
          <Item Value="AddressType"/>
          <Item Value="Line1"/>
          <Item Value="Line2"/>
          <Item Value="Line3"/>
          <Item Value="CityName"/>
          <Item Value="StateCode"/>
          <Item Value="PostalCode"/>
          <Item Value="Zip4"/>
          <Item Value="ElectronicAddress"/>
          <Item Value="Restrictions"/>
          <Item Value="CountryName"/>
          <Item Value="CongressionalDistrict"/>
          <Item Value="County"/>
          <Item Value="ProgramArea"/>
          <Item Value="SecurityId"/>
        </AttrNames>
      </nodeDefinition>
    </tree>
    <tree IterBinding="CooperatorPhoneNumbersViewIterator" id="CooperatorPhoneNumbersView">
      <nodeDefinition DefName="gov.usda.fs.nrm.gacommon.model.dataaccess.raca.contacts.PhoneNumbersView"
                      Name="CooperatorPhoneNumbersView0">
        <AttrNames>
          <Item Value="ContCn"/>
          <Item Value="PhoneNumberType"/>
          <Item Value="InternationalCode"/>
          <Item Value="AreaCode"/>
          <Item Value="PhoneNumber"/>
          <Item Value="Extension"/>
          <Item Value="Restrictions"/>
          <Item Value="Comments"/>
          <Item Value="ProgramArea"/>
        </AttrNames>
      </nodeDefinition>
    </tree>
  </bindings>
</pageDefinition>
