<?xml version='1.0' encoding='windows-1252' ?>
<!DOCTYPE AppModule SYSTEM "jbo_03_01.dtd">
<!---->

<AppModule
   xmlns="http://xmlns.oracle.com/bc4j"
   Name="GACommonService"
   Version="12.2.1.22.48"
   ComponentClass="gov.usda.fs.nrm.gacommon.model.service.GACommonServiceImpl"
   ComponentInterface="gov.usda.fs.nrm.gacommon.model.service.common.GACommonService"
   ClientProxyName="gov.usda.fs.nrm.gacommon.model.service.client.GACommonServiceClient"
   ClearCacheOnRollback="true">
   <DesignTime>
      <Attr Name="_isCodegen" Value="true"/>
   </DesignTime>
   <ViewUsage
      Name="GrantView"
      ViewObjectName="gov.usda.fs.nrm.gacommon.model.dataaccess.raca.GrantView" >
   </ViewUsage>
   <ViewUsage
      Name="AccInstrumentsView"
      ViewObjectName="gov.usda.fs.nrm.gacommon.model.dataaccess.raca.AccInstrumentsView" >
   </ViewUsage>
   <ViewUsage
      Name="LovBillingOptions"
      ViewObjectName="gov.usda.fs.nrm.gacommon.model.dataaccess.raca.lov.LovBillingOptions" >
   </ViewUsage>
   <ViewUsage
      Name="LovBranchHandling"
      ViewObjectName="gov.usda.fs.nrm.gacommon.model.dataaccess.raca.lov.LovBranchHandling" >
   </ViewUsage>
   <ViewUsage
      Name="LovCollectionType"
      ViewObjectName="gov.usda.fs.nrm.gacommon.model.dataaccess.raca.lov.LovCollectionType" >
   </ViewUsage>
<ViewUsage
      Name="LovTransPurpose"
   ViewObjectName="gov.usda.fs.nrm.gacommon.model.dataaccess.raca.lov.LovTransPurpose" >
   </ViewUsage>
   <ViewUsage
      Name="LovFund"
      ViewObjectName="gov.usda.fs.nrm.gacommon.model.dataaccess.raca.lov.LovFund" >
   </ViewUsage>
   <ViewUsage
      Name="LovProgram"
      ViewObjectName="gov.usda.fs.nrm.gacommon.model.dataaccess.raca.lov.LovProgram" >
   </ViewUsage>
   <ViewUsage
      Name="EmailsView"
      ViewObjectName="gov.usda.fs.nrm.gacommon.model.dataaccess.raca.EmailsView" >
   </ViewUsage>
   <ViewUsage
      Name="ReportServer"
      ViewObjectName="gov.usda.fs.nrm.gacommon.model.dataaccess.raca.ReportServer" >
   </ViewUsage>
   <ViewUsage
      Name="RacaAgmtView"
      ViewObjectName="gov.usda.fs.nrm.gacommon.model.dataaccess.raca.RacaAgmtView" >
   </ViewUsage>
   <ViewUsage
      Name="RacaReqsView"
      ViewObjectName="gov.usda.fs.nrm.gacommon.model.dataaccess.raca.RacaReqsView" >
   </ViewUsage>
   <ViewUsage
      Name="RacaReqStatusesView"
      ViewObjectName="gov.usda.fs.nrm.gacommon.model.dataaccess.raca.RacaReqStatusesView" >
   </ViewUsage>
   <ViewUsage
      Name="RacaAgmtStatusesView"
      ViewObjectName="gov.usda.fs.nrm.gacommon.model.dataaccess.raca.RacaAgmtStatusesView" >
   </ViewUsage>
   <ViewUsage
      Name="ContactsLinksView"
      ViewObjectName="gov.usda.fs.nrm.gacommon.model.dataaccess.raca.contacts.ContactsLinksView" >
   </ViewUsage>
   <ViewUsage
      Name="CooperatorsLinksView"
      ViewObjectName="gov.usda.fs.nrm.gacommon.model.dataaccess.raca.contacts.CooperatorsLinksView" >
   </ViewUsage>
   <ViewUsage
      Name="ContactAddressesView"
      ViewObjectName="gov.usda.fs.nrm.gacommon.model.dataaccess.raca.contacts.AddressesView" >
   </ViewUsage>
   <ViewUsage
      Name="ContactPhonesView"
      ViewObjectName="gov.usda.fs.nrm.gacommon.model.dataaccess.raca.contacts.PhoneNumbersView" >
   </ViewUsage>
   <ViewUsage
      Name="CooperatorAddressesView"
      ViewObjectName="gov.usda.fs.nrm.gacommon.model.dataaccess.raca.contacts.AddressesView" >
   </ViewUsage>
   <ViewUsage
      Name="CooperatorPhoneNumbersView"
      ViewObjectName="gov.usda.fs.nrm.gacommon.model.dataaccess.raca.contacts.PhoneNumbersView" >
   </ViewUsage>
   <ViewUsage
      Name="LovFFISVendors"
      ViewObjectName="gov.usda.fs.nrm.gacommon.model.dataaccess.raca.lov.LovFFISVendors" >
   </ViewUsage>
   <ViewUsage
      Name="RacaSpecBillingReqView"
      ViewObjectName="gov.usda.fs.nrm.gacommon.model.dataaccess.raca.RacaSpecBillingReqView" >
   </ViewUsage>
   <ViewUsage
      Name="LovSUDSAgmts"
      ViewObjectName="gov.usda.fs.nrm.gacommon.model.dataaccess.raca.lov.LovSUDSAgmts" >
   </ViewUsage>
   <ViewUsage
      Name="GaSummaryTabView"
      ViewObjectName="gov.usda.fs.nrm.gacommon.model.dataaccess.raca.GaSummaryTabView" >
   </ViewUsage>
   <ViewUsage
      Name="LovBudgetOrg"
      ViewObjectName="gov.usda.fs.nrm.gacommon.model.dataaccess.raca.lov.LovBudgetOrg" >
   </ViewUsage>
   <ViewUsage
      Name="HelpURLView"
      ViewObjectName="gov.usda.fs.nrm.gacommon.model.dataaccess.raca.HelpURLView" >
   </ViewUsage>
<ViewUsage
      Name="RacaJobCodeNotifView"
   ViewObjectName="gov.usda.fs.nrm.gacommon.model.dataaccess.raca.jobcode.RacaJobCodeNotifView" >
   </ViewUsage>
   <ViewUsage
      Name="RacaJobCodeNotifLinesView"
      ViewObjectName="gov.usda.fs.nrm.gacommon.model.dataaccess.raca.jobcode.RacaJobCodeNotifLinesView" >
   </ViewUsage>
   <ViewUsage
      Name="RacaJCNotifStatusesView"
      ViewObjectName="gov.usda.fs.nrm.gacommon.model.dataaccess.raca.jobcode.RacaJCNotifStatusesView" >
   </ViewUsage>
   <ViewUsage
      Name="LovJobCodeSource"
      ViewObjectName="gov.usda.fs.nrm.gacommon.model.dataaccess.raca.lov.LovJobCodeSource" >
   </ViewUsage>
   <ViewUsage
      Name="LovJobCodeFundType"
      ViewObjectName="gov.usda.fs.nrm.gacommon.model.dataaccess.raca.lov.LovJobCodeFundType" >
   </ViewUsage>
   <ViewUsage
      Name="RacaBillsView"
      ViewObjectName="gov.usda.fs.nrm.gacommon.model.dataaccess.raca.bills.RacaBillsView" >
   </ViewUsage>
   <ViewUsage
      Name="RacaBillLinesView"
      ViewObjectName="gov.usda.fs.nrm.gacommon.model.dataaccess.raca.bills.RacaBillLinesView" >
   </ViewUsage>
   <ViewUsage
      Name="RacaBillTextLinesView"
      ViewObjectName="gov.usda.fs.nrm.gacommon.model.dataaccess.raca.bills.RacaBillTextLinesView" >
   </ViewUsage>
   <ViewUsage
      Name="RacaCloseoutReasonsView"
      ViewObjectName="gov.usda.fs.nrm.gacommon.model.dataaccess.raca.RacaCloseoutReasonsView" >
   </ViewUsage>
   <ViewUsage
      Name="lovCloseoutReason"
      ViewObjectName="gov.usda.fs.nrm.gacommon.model.dataaccess.raca.lov.lovCloseoutReason" >
   </ViewUsage>
   <ViewUsage
      Name="LovOrg"
      ViewObjectName="gov.usda.fs.nrm.gacommon.model.dataaccess.raca.lov.LovOrg"/>
   <ViewUsage
      Name="ZipcodesGeoView"
      ViewObjectName="gov.usda.fs.nrm.gacommon.model.dataaccess.gacodeslib.ZipcodesGeoView"/>
   <ViewUsage
      Name="GACodesList"
      ViewObjectName="gov.usda.fs.nrm.gacommon.model.dataaccess.gacodeslib.GACodesList"/>
   <ViewUsage
      Name="CodesView"
      ViewObjectName="gov.usda.fs.nrm.gacommon.model.dataaccess.gacodeslib.CodesView"/>
   <ViewUsage
      Name="CodeMappingsView"
      ViewObjectName="gov.usda.fs.nrm.gacommon.model.dataaccess.gacodeslib.CodeMappingsView"/>
   <ViewUsage
      Name="FaadsFfataMlogSpreadView"
      ViewObjectName="gov.usda.fs.nrm.gacommon.model.dataaccess.ffatarejects.FaadsFfataMlogSpreadView"/>
   <ViewUsage
      Name="FfataMessageLogView"
      ViewObjectName="gov.usda.fs.nrm.gacommon.model.dataaccess.ffatarejects.FfataMessageLogView"/>
   <ViewUsage
      Name="LovFFISBudget1"
      ViewObjectName="gov.usda.fs.nrm.gacommon.model.dataaccess.raca.lov.LovFFISBudget"/>
   <ViewUsage
      Name="LovContacts"
      ViewObjectName="gov.usda.fs.nrm.gacommon.model.dataaccess.contreplace.lov.LovContacts"/>
   <ViewUsage
      Name="LovOrgs"
      ViewObjectName="gov.usda.fs.nrm.gacommon.model.dataaccess.contreplace.lov.LovOrgs"/>
   <ViewUsage
      Name="ContactGrantView"
      ViewObjectName="gov.usda.fs.nrm.gacommon.model.dataaccess.contreplace.ContactGrantView"/>
   <ViewUsage
      Name="FilteredGrantView"
      ViewObjectName="gov.usda.fs.nrm.gacommon.model.dataaccess.contreplace.FilteredGrantView"/>
   <ViewUsage
      Name="ContactsCleanupView"
      ViewObjectName="gov.usda.fs.nrm.gacommon.model.dataaccess.contreplace.ContactsCleanupView"/>
   <ViewUsage
      Name="LovContSubType1"
      ViewObjectName="gov.usda.fs.nrm.gacommon.model.dataaccess.raca.lov.LovContSubType"/>
   <ViewUsage
      Name="SetNameCodeMappingLOV"
      ViewObjectName="gov.usda.fs.nrm.gacommon.model.dataaccess.gacodeslib.lov.SetNameCodeMappingLOV"/>
   <ViewUsage
      Name="DomainNameView1"
      ViewObjectName="gov.usda.fs.nrm.gacommon.model.dataaccess.raca.DomainNameView"/>
   <ViewLinkUsage
      Name="RacaAgmtRacaReqsLk1"
      ViewLinkObjectName="gov.usda.fs.nrm.gacommon.model.dataaccess.raca.RacaAgmtRacaReqsLk"
      SrcViewUsageName="gov.usda.fs.nrm.gacommon.model.service.GACommonService.RacaAgmtView"
      DstViewUsageName="gov.usda.fs.nrm.gacommon.model.service.GACommonService.RacaReqsView"
      Reversed="false">
   </ViewLinkUsage>
   <ViewLinkUsage
      Name="RacaReqsRacaReqStatusesLk1"
      ViewLinkObjectName="gov.usda.fs.nrm.gacommon.model.dataaccess.raca.RacaReqsRacaReqStatusesLk"
      SrcViewUsageName="gov.usda.fs.nrm.gacommon.model.service.GACommonService.RacaReqsView"
      DstViewUsageName="gov.usda.fs.nrm.gacommon.model.service.GACommonService.RacaReqStatusesView"
      Reversed="false">
   </ViewLinkUsage>
   <ViewLinkUsage
      Name="RacaAgmtRacaAgmtStatusesLk1"
      ViewLinkObjectName="gov.usda.fs.nrm.gacommon.model.dataaccess.raca.RacaAgmtRacaAgmtStatusesLk"
      SrcViewUsageName="gov.usda.fs.nrm.gacommon.model.service.GACommonService.RacaAgmtView"
      DstViewUsageName="gov.usda.fs.nrm.gacommon.model.service.GACommonService.RacaAgmtStatusesView"
      Reversed="false">
   </ViewLinkUsage>
   <ViewLinkUsage
      Name="RacaAgmtContactsLinksLk1"
      ViewLinkObjectName="gov.usda.fs.nrm.gacommon.model.dataaccess.raca.contacts.RacaAgmtContactsLinksLk"
      SrcViewUsageName="gov.usda.fs.nrm.gacommon.model.service.GACommonService.RacaAgmtView"
      DstViewUsageName="gov.usda.fs.nrm.gacommon.model.service.GACommonService.ContactsLinksView"
      Reversed="false">
   </ViewLinkUsage>
   <ViewLinkUsage
      Name="RacaAgmtCooperatorsLinksLk1"
      ViewLinkObjectName="gov.usda.fs.nrm.gacommon.model.dataaccess.raca.contacts.RacaAgmtCooperatorsLinksLk"
      SrcViewUsageName="gov.usda.fs.nrm.gacommon.model.service.GACommonService.RacaAgmtView"
      DstViewUsageName="gov.usda.fs.nrm.gacommon.model.service.GACommonService.CooperatorsLinksView"
      Reversed="false">
   </ViewLinkUsage>
   <ViewLinkUsage
      Name="ContactsLinksAddressesLk1"
      ViewLinkObjectName="gov.usda.fs.nrm.gacommon.model.dataaccess.raca.contacts.ContactsLinksAddressesLk"
      SrcViewUsageName="gov.usda.fs.nrm.gacommon.model.service.GACommonService.ContactsLinksView"
      DstViewUsageName="gov.usda.fs.nrm.gacommon.model.service.GACommonService.ContactAddressesView"
      Reversed="false">
   </ViewLinkUsage>
   <ViewLinkUsage
      Name="ContactsLinksPhoneNumbersLk1"
      ViewLinkObjectName="gov.usda.fs.nrm.gacommon.model.dataaccess.raca.contacts.ContactsLinksPhoneNumbersLk"
      SrcViewUsageName="gov.usda.fs.nrm.gacommon.model.service.GACommonService.ContactsLinksView"
      DstViewUsageName="gov.usda.fs.nrm.gacommon.model.service.GACommonService.ContactPhonesView"
      Reversed="false">
   </ViewLinkUsage>
   <ViewLinkUsage
      Name="CooperatorsLinksAddressesLk1"
      ViewLinkObjectName="gov.usda.fs.nrm.gacommon.model.dataaccess.raca.contacts.CooperatorsLinksAddressesLk"
      SrcViewUsageName="gov.usda.fs.nrm.gacommon.model.service.GACommonService.CooperatorsLinksView"
      DstViewUsageName="gov.usda.fs.nrm.gacommon.model.service.GACommonService.CooperatorAddressesView"
      Reversed="false">
   </ViewLinkUsage>
   <ViewLinkUsage
      Name="CooperatorsLinksPhoneNumbersLk1"
      ViewLinkObjectName="gov.usda.fs.nrm.gacommon.model.dataaccess.raca.contacts.CooperatorsLinksPhoneNumbersLk"
      SrcViewUsageName="gov.usda.fs.nrm.gacommon.model.service.GACommonService.CooperatorsLinksView"
      DstViewUsageName="gov.usda.fs.nrm.gacommon.model.service.GACommonService.CooperatorPhoneNumbersView"
      Reversed="false">
   </ViewLinkUsage>
   <ViewLinkUsage
      Name="CooperatorLinksFFISVendorFilterLk1"
      ViewLinkObjectName="gov.usda.fs.nrm.gacommon.model.dataaccess.raca.contacts.CooperatorLinksFFISVendorFilterLk"
      SrcViewUsageName="gov.usda.fs.nrm.gacommon.model.service.GACommonService.CooperatorsLinksView"
      DstViewUsageName="gov.usda.fs.nrm.gacommon.model.service.GACommonService.LovFFISVendors"
      Reversed="false">
   </ViewLinkUsage>
   <ViewLinkUsage
      Name="RacaAgmtRacaSpecBillingReqLk1"
      ViewLinkObjectName="gov.usda.fs.nrm.gacommon.model.dataaccess.raca.RacaAgmtRacaSpecBillingReqLk"
      SrcViewUsageName="gov.usda.fs.nrm.gacommon.model.service.GACommonService.RacaAgmtView"
      DstViewUsageName="gov.usda.fs.nrm.gacommon.model.service.GACommonService.RacaSpecBillingReqView"
      Reversed="false">
   </ViewLinkUsage>
   <ViewLinkUsage
      Name="GrantGaSummaryLk1"
      ViewLinkObjectName="gov.usda.fs.nrm.gacommon.model.dataaccess.raca.GrantGaSummaryLk"
      SrcViewUsageName="gov.usda.fs.nrm.gacommon.model.service.GACommonService.GrantView"
      DstViewUsageName="gov.usda.fs.nrm.gacommon.model.service.GACommonService.GaSummaryTabView"
      Reversed="false">
   </ViewLinkUsage>
   <ViewLinkUsage
      Name="RacaReqsJobCodeNotifLk1"
      ViewLinkObjectName="gov.usda.fs.nrm.gacommon.model.dataaccess.raca.jobcode.RacaReqsJobCodeNotifLk"
      SrcViewUsageName="gov.usda.fs.nrm.gacommon.model.service.GACommonService.RacaReqsView"
      DstViewUsageName="gov.usda.fs.nrm.gacommon.model.service.GACommonService.RacaJobCodeNotifView"
      Reversed="false">
   </ViewLinkUsage>
   <ViewLinkUsage
      Name="RacaJobCodeNotifJCNLinesLk1"
      ViewLinkObjectName="gov.usda.fs.nrm.gacommon.model.dataaccess.raca.jobcode.RacaJobCodeNotifJCNLinesLk"
      SrcViewUsageName="gov.usda.fs.nrm.gacommon.model.service.GACommonService.RacaJobCodeNotifView"
      DstViewUsageName="gov.usda.fs.nrm.gacommon.model.service.GACommonService.RacaJobCodeNotifLinesView"
      Reversed="false">
   </ViewLinkUsage>
   <ViewLinkUsage
      Name="RacaJobCodeNotifJCNStLk1"
      ViewLinkObjectName="gov.usda.fs.nrm.gacommon.model.dataaccess.raca.jobcode.RacaJobCodeNotifJCNStLk"
      SrcViewUsageName="gov.usda.fs.nrm.gacommon.model.service.GACommonService.RacaJobCodeNotifView"
      DstViewUsageName="gov.usda.fs.nrm.gacommon.model.service.GACommonService.RacaJCNotifStatusesView"
      Reversed="false">
   </ViewLinkUsage>
   <ViewLinkUsage
      Name="RacaBillsRacaAgmtLk1"
      ViewLinkObjectName="gov.usda.fs.nrm.gacommon.model.dataaccess.raca.bills.RacaBillsRacaAgmtLk"
      SrcViewUsageName="gov.usda.fs.nrm.gacommon.model.service.GACommonService.RacaAgmtView"
      DstViewUsageName="gov.usda.fs.nrm.gacommon.model.service.GACommonService.RacaBillsView"
      Reversed="false">
   </ViewLinkUsage>
   <ViewLinkUsage
      Name="RacaBillsRacaBillLinesLk1"
      ViewLinkObjectName="gov.usda.fs.nrm.gacommon.model.dataaccess.raca.bills.RacaBillsRacaBillLinesLk"
      SrcViewUsageName="gov.usda.fs.nrm.gacommon.model.service.GACommonService.RacaBillsView"
      DstViewUsageName="gov.usda.fs.nrm.gacommon.model.service.GACommonService.RacaBillLinesView"
      Reversed="false">
   </ViewLinkUsage>
   <ViewLinkUsage
      Name="RacaBillsRacaBillTextLinesLk1"
      ViewLinkObjectName="gov.usda.fs.nrm.gacommon.model.dataaccess.raca.bills.RacaBillsRacaBillTextLinesLk"
      SrcViewUsageName="gov.usda.fs.nrm.gacommon.model.service.GACommonService.RacaBillsView"
      DstViewUsageName="gov.usda.fs.nrm.gacommon.model.service.GACommonService.RacaBillTextLinesView"
      Reversed="false">
   </ViewLinkUsage>
   <ViewLinkUsage
      Name="RacaClosReson2RacaAgmtFkLk1"
      ViewLinkObjectName="gov.usda.fs.nrm.gacommon.model.dataaccess.raca.RacaClosReson2RacaAgmtFkLk"
      SrcViewUsageName="gov.usda.fs.nrm.gacommon.model.service.GACommonService.RacaAgmtView"
      DstViewUsageName="gov.usda.fs.nrm.gacommon.model.service.GACommonService.RacaCloseoutReasonsView"
      Reversed="false">
   </ViewLinkUsage>
   <ViewLinkUsage
      Name="GaCodesFilterLk"
      ViewLinkObjectName="gov.usda.fs.nrm.gacommon.model.dataaccess.gacodeslib.GaCodesFilterLk"
      SrcViewUsageName="gov.usda.fs.nrm.gacommon.model.service.GACommonService.GACodesList"
      DstViewUsageName="gov.usda.fs.nrm.gacommon.model.service.GACommonService.CodesView"
      Reversed="false"/>
   <ClientInterface
      Name="__clientInterface">
      <Method
         Name="getAppVersion"
         MethodName="getAppVersion">
         <Return
            Name="_return_type_"
            Type="java.lang.String"/>
      </Method>
      <Method
         Name="setRacaRequestStatus"
         MethodName="setRacaRequestStatus">
         <Return
            Name="_return_type_"
            Type="void"/>
         <Parameter
            Name="p0"
            Type="java.lang.String"/>
         <Parameter
            Name="p1"
            Type="java.lang.String"/>
         <Parameter
            Name="p2"
            Type="java.lang.String"/>
         <Parameter
            Name="p3"
            Type="java.lang.String"/>
      </Method>
      <Method
         Name="sendRacaReqEmail"
         MethodName="sendRacaReqEmail">
         <Return
            Name="_return_type_"
            Type="void"/>
         <Parameter
            Name="p0"
            Type="java.lang.String"/>
         <Parameter
            Name="p1"
            Type="java.lang.String"/>
         <Parameter
            Name="p2"
            Type="java.lang.String"/>
         <Parameter
            Name="p3"
            Type="java.lang.String"/>
         <Parameter
            Name="p4"
            Type="java.lang.String"/>
         <Parameter
            Name="p5"
            Type="java.lang.String"/>
         <Parameter
            Name="p6"
            Type="java.lang.String"/>
      </Method>
      <Method
         Name="executeViewQuery"
         MethodName="executeViewQuery">
         <Return
            Name="_return_type_"
            Type="void"/>
         <Parameter
            Name="p0"
            Type="java.lang.String"/>
      </Method>
      <Method
         Name="setAICurrentRowByCn"
         MethodName="setAICurrentRowByCn">
         <Return
            Name="_return_type_"
            Type="void"/>
         <Parameter
            Name="p0"
            Type="java.lang.String"/>
      </Method>
      <Method
         Name="getReportServerName"
         MethodName="getReportServerName">
         <Return
            Name="_return_type_"
            Type="java.lang.String"/>
      </Method>
      <Method
         Name="setRacaAgmtCurrentRowByCn"
         MethodName="setRacaAgmtCurrentRowByCn">
         <Return
            Name="_return_type_"
            Type="void"/>
         <Parameter
            Name="p0"
            Type="java.lang.String"/>
      </Method>
      <Method
         Name="setRacaAgmtStatus"
         MethodName="setRacaAgmtStatus">
         <Return
            Name="_return_type_"
            Type="void"/>
         <Parameter
            Name="p0"
            Type="java.lang.String"/>
         <Parameter
            Name="p1"
            Type="java.lang.String"/>
         <Parameter
            Name="p2"
            Type="java.lang.String"/>
         <Parameter
            Name="p3"
            Type="java.lang.String"/>
      </Method>
      <Method
         Name="setRacaAgmtBlankRow"
         MethodName="setRacaAgmtBlankRow">
         <Return
            Name="_return_type_"
            Type="void"/>
         <Parameter
            Name="p0"
            Type="java.lang.String"/>
      </Method>
      <Method
         Name="sendRacaAgmtEmail"
         MethodName="sendRacaAgmtEmail">
         <Return
            Name="_return_type_"
            Type="void"/>
         <Parameter
            Name="p0"
            Type="java.lang.String"/>
         <Parameter
            Name="p1"
            Type="java.lang.String"/>
         <Parameter
            Name="p2"
            Type="java.lang.String"/>
         <Parameter
            Name="p3"
            Type="java.lang.String"/>
         <Parameter
            Name="p4"
            Type="java.lang.String"/>
         <Parameter
            Name="p5"
            Type="java.lang.String"/>
      </Method>
      <Method
         Name="createRacaAgmt"
         MethodName="createRacaAgmt">
         <Return
            Name="_return_type_"
            Type="void"/>
         <Parameter
            Name="p0"
            Type="java.lang.String"/>
      </Method>
      <Method
         Name="isCollectionTypeEmpty"
         MethodName="isCollectionTypeEmpty">
         <Return
            Name="_return_type_"
            Type="boolean"/>
      </Method>
      <Method
         Name="isAssessOverheadDocumented"
         MethodName="isAssessOverheadDocumented">
         <Return
            Name="_return_type_"
            Type="boolean"/>
      </Method>
      <Method
         Name="getEmailAddress"
         MethodName="getEmailAddress">
         <Return
            Name="_return_type_"
            Type="java.lang.String"/>
         <Parameter
            Name="p0"
            Type="java.lang.String"/>
      </Method>
      <Method
         Name="getHelpURLValue"
         MethodName="getHelpURLValue">
         <Return
            Name="_return_type_"
            Type="java.lang.String"/>
      </Method>
      <Method
         Name="setJobCodeNotifStatus"
         MethodName="setJobCodeNotifStatus">
         <Return
            Name="_return_type_"
            Type="void"/>
         <Parameter
            Name="p0"
            Type="java.lang.String"/>
         <Parameter
            Name="p1"
            Type="java.lang.String"/>
         <Parameter
            Name="p2"
            Type="java.lang.String"/>
         <Parameter
            Name="p3"
            Type="java.lang.String"/>
      </Method>
      <Method
         Name="calcTotal"
         MethodName="calcTotal">
         <Return
            Name="_return_type_"
            Type="java.lang.String"/>
         <Parameter
            Name="p0"
            Type="java.lang.String"/>
         <Parameter
            Name="p1"
            Type="java.lang.String"/>
      </Method>
      <Method
         Name="isContactLinked"
         MethodName="isContactLinked">
         <Return
            Name="_return_type_"
            Type="boolean"/>
         <Parameter
            Name="p0"
            Type="java.lang.String"/>
      </Method>
      <Method
         Name="getRacaReqStatusCode"
         MethodName="getRacaReqStatusCode">
         <Return
            Name="_return_type_"
            Type="java.lang.String"/>
      </Method>
      <Method
         Name="isOnePayerYes"
         MethodName="isOnePayerYes">
         <Return
            Name="_return_type_"
            Type="boolean"/>
         <Parameter
            Name="p0"
            Type="java.lang.String"/>
      </Method>
      <Method
         Name="isCloseoutPending"
         MethodName="isCloseoutPending">
         <Return
            Name="_return_type_"
            Type="boolean"/>
      </Method>
      <Method
         Name="getCooperatorAgreementNumber"
         MethodName="getCooperatorAgreementNumber">
         <Return
            Name="_return_type_"
            Type="java.lang.String"/>
      </Method>
      <Method
         Name="getFedIdType"
         MethodName="getFedIdType">
         <Return
            Name="_return_type_"
            Type="java.lang.String"/>
      </Method>
      <Method
         Name="getProgrmResponsibilityType"
         MethodName="getProgrmResponsibilityType">
         <Return
            Name="_return_type_"
            Type="java.lang.String"/>
      </Method>
      <Method
         Name="getRacaReqObligatingDocNo"
         MethodName="getRacaReqObligatingDocNo">
         <Return
            Name="_return_type_"
            Type="java.lang.String"/>
      </Method>
      <Method
         Name="setCurrentRowAndRangeByKeyValue"
         MethodName="setCurrentRowAndRangeByKeyValue">
         <Return
            Name="_return_type_"
            Type="void"/>
         <Parameter
            Name="p0"
            Type="java.lang.String"/>
         <Parameter
            Name="p1"
            Type="java.lang.String"/>
      </Method>
      <Method
         Name="getAppVersion"
         MethodName="getAppVersion">
         <Return
            Name="_return_type_"
            Type="java.lang.String"/>
      </Method>
      <Method
         Name="setRacaRequestStatus"
         MethodName="setRacaRequestStatus">
         <Return
            Name="_return_type_"
            Type="void"/>
         <Parameter
            Name="p0"
            Type="java.lang.String"/>
         <Parameter
            Name="p1"
            Type="java.lang.String"/>
         <Parameter
            Name="p2"
            Type="java.lang.String"/>
         <Parameter
            Name="p3"
            Type="java.lang.String"/>
      </Method>
      <Method
         Name="sendRacaReqEmail"
         MethodName="sendRacaReqEmail">
         <Return
            Name="_return_type_"
            Type="void"/>
         <Parameter
            Name="p0"
            Type="java.lang.String"/>
         <Parameter
            Name="p1"
            Type="java.lang.String"/>
         <Parameter
            Name="p2"
            Type="java.lang.String"/>
         <Parameter
            Name="p3"
            Type="java.lang.String"/>
         <Parameter
            Name="p4"
            Type="java.lang.String"/>
         <Parameter
            Name="p5"
            Type="java.lang.String"/>
         <Parameter
            Name="p6"
            Type="java.lang.String"/>
      </Method>
      <Method
         Name="executeViewQuery"
         MethodName="executeViewQuery">
         <Return
            Name="_return_type_"
            Type="void"/>
         <Parameter
            Name="p0"
            Type="java.lang.String"/>
      </Method>
      <Method
         Name="setAICurrentRowByCn"
         MethodName="setAICurrentRowByCn">
         <Return
            Name="_return_type_"
            Type="void"/>
         <Parameter
            Name="p0"
            Type="java.lang.String"/>
      </Method>
      <Method
         Name="getReportServerName"
         MethodName="getReportServerName">
         <Return
            Name="_return_type_"
            Type="java.lang.String"/>
      </Method>
      <Method
         Name="setRacaAgmtCurrentRowByCn"
         MethodName="setRacaAgmtCurrentRowByCn">
         <Return
            Name="_return_type_"
            Type="void"/>
         <Parameter
            Name="p0"
            Type="java.lang.String"/>
      </Method>
      <Method
         Name="setRacaAgmtStatus"
         MethodName="setRacaAgmtStatus">
         <Return
            Name="_return_type_"
            Type="void"/>
         <Parameter
            Name="p0"
            Type="java.lang.String"/>
         <Parameter
            Name="p1"
            Type="java.lang.String"/>
         <Parameter
            Name="p2"
            Type="java.lang.String"/>
         <Parameter
            Name="p3"
            Type="java.lang.String"/>
      </Method>
      <Method
         Name="setRacaAgmtBlankRow"
         MethodName="setRacaAgmtBlankRow">
         <Return
            Name="_return_type_"
            Type="void"/>
         <Parameter
            Name="p0"
            Type="java.lang.String"/>
      </Method>
      <Method
         Name="sendRacaAgmtEmail"
         MethodName="sendRacaAgmtEmail">
         <Return
            Name="_return_type_"
            Type="void"/>
         <Parameter
            Name="p0"
            Type="java.lang.String"/>
         <Parameter
            Name="p1"
            Type="java.lang.String"/>
         <Parameter
            Name="p2"
            Type="java.lang.String"/>
         <Parameter
            Name="p3"
            Type="java.lang.String"/>
         <Parameter
            Name="p4"
            Type="java.lang.String"/>
         <Parameter
            Name="p5"
            Type="java.lang.String"/>
      </Method>
      <Method
         Name="setCurrentRowAndRangeByKeyValue"
         MethodName="setCurrentRowAndRangeByKeyValue">
         <Return
            Name="_return_type_"
            Type="void"/>
         <Parameter
            Name="p0"
            Type="java.lang.String"/>
         <Parameter
            Name="p1"
            Type="java.lang.String"/>
      </Method>
      <Method
         Name="createRacaAgmt"
         MethodName="createRacaAgmt">
         <Return
            Name="_return_type_"
            Type="void"/>
         <Parameter
            Name="p0"
            Type="java.lang.String"/>
      </Method>
      <Method
         Name="isCollectionTypeEmpty"
         MethodName="isCollectionTypeEmpty">
         <Return
            Name="_return_type_"
            Type="boolean"/>
      </Method>
      <Method
         Name="isAssessOverheadDocumented"
         MethodName="isAssessOverheadDocumented">
         <Return
            Name="_return_type_"
            Type="boolean"/>
      </Method>
      <Method
         Name="getEmailAddress"
         MethodName="getEmailAddress">
         <Return
            Name="_return_type_"
            Type="java.lang.String"/>
         <Parameter
            Name="p0"
            Type="java.lang.String"/>
      </Method>
      <Method
         Name="getHelpURLValue"
         MethodName="getHelpURLValue">
         <Return
            Name="_return_type_"
            Type="java.lang.String"/>
      </Method>
      <Method
         Name="setJobCodeNotifStatus"
         MethodName="setJobCodeNotifStatus">
         <Return
            Name="_return_type_"
            Type="void"/>
         <Parameter
            Name="p0"
            Type="java.lang.String"/>
         <Parameter
            Name="p1"
            Type="java.lang.String"/>
         <Parameter
            Name="p2"
            Type="java.lang.String"/>
         <Parameter
            Name="p3"
            Type="java.lang.String"/>
      </Method>
      <Method
         Name="calcTotal"
         MethodName="calcTotal">
         <Return
            Name="_return_type_"
            Type="java.lang.String"/>
         <Parameter
            Name="p0"
            Type="java.lang.String"/>
         <Parameter
            Name="p1"
            Type="java.lang.String"/>
      </Method>
      <Method
         Name="isContactLinked"
         MethodName="isContactLinked">
         <Return
            Name="_return_type_"
            Type="boolean"/>
         <Parameter
            Name="p0"
            Type="java.lang.String"/>
      </Method>
      <Method
         Name="getRacaReqStatusCode"
         MethodName="getRacaReqStatusCode">
         <Return
            Name="_return_type_"
            Type="java.lang.String"/>
      </Method>
      <Method
         Name="isOnePayerYes"
         MethodName="isOnePayerYes">
         <Return
            Name="_return_type_"
            Type="boolean"/>
         <Parameter
            Name="p0"
            Type="java.lang.String"/>
      </Method>
      <Method
         Name="isCloseoutPending"
         MethodName="isCloseoutPending">
         <Return
            Name="_return_type_"
            Type="boolean"/>
      </Method>
      <Method
         Name="getCooperatorAgreementNumber"
         MethodName="getCooperatorAgreementNumber">
         <Return
            Name="_return_type_"
            Type="java.lang.String"/>
      </Method>
      <Method
         Name="getFedIdType"
         MethodName="getFedIdType">
         <Return
            Name="_return_type_"
            Type="java.lang.String"/>
      </Method>
      <Method
         Name="getProgrmResponsibilityType"
         MethodName="getProgrmResponsibilityType">
         <Return
            Name="_return_type_"
            Type="java.lang.String"/>
      </Method>
      <Method
         Name="getRacaReqObligatingDocNo"
         MethodName="getRacaReqObligatingDocNo">
         <Return
            Name="_return_type_"
            Type="java.lang.String"/>
      </Method>
      <Method
         Name="getAppVersion"
         MethodName="getAppVersion">
         <Return
            Name="_return_type_"
            Type="java.lang.String"/>
      </Method>
      <Method
         Name="setRacaRequestStatus"
         MethodName="setRacaRequestStatus">
         <Return
            Name="_return_type_"
            Type="void"/>
         <Parameter
            Name="p0"
            Type="java.lang.String"/>
         <Parameter
            Name="p1"
            Type="java.lang.String"/>
         <Parameter
            Name="p2"
            Type="java.lang.String"/>
         <Parameter
            Name="p3"
            Type="java.lang.String"/>
      </Method>
      <Method
         Name="sendRacaReqEmail"
         MethodName="sendRacaReqEmail">
         <Return
            Name="_return_type_"
            Type="void"/>
         <Parameter
            Name="p0"
            Type="java.lang.String"/>
         <Parameter
            Name="p1"
            Type="java.lang.String"/>
         <Parameter
            Name="p2"
            Type="java.lang.String"/>
         <Parameter
            Name="p3"
            Type="java.lang.String"/>
         <Parameter
            Name="p4"
            Type="java.lang.String"/>
         <Parameter
            Name="p5"
            Type="java.lang.String"/>
         <Parameter
            Name="p6"
            Type="java.lang.String"/>
      </Method>
      <Method
         Name="executeViewQuery"
         MethodName="executeViewQuery">
         <Return
            Name="_return_type_"
            Type="void"/>
         <Parameter
            Name="p0"
            Type="java.lang.String"/>
      </Method>
      <Method
         Name="setAICurrentRowByCn"
         MethodName="setAICurrentRowByCn">
         <Return
            Name="_return_type_"
            Type="void"/>
         <Parameter
            Name="p0"
            Type="java.lang.String"/>
      </Method>
      <Method
         Name="getReportServerName"
         MethodName="getReportServerName">
         <Return
            Name="_return_type_"
            Type="java.lang.String"/>
      </Method>
      <Method
         Name="setRacaAgmtCurrentRowByCn"
         MethodName="setRacaAgmtCurrentRowByCn">
         <Return
            Name="_return_type_"
            Type="void"/>
         <Parameter
            Name="p0"
            Type="java.lang.String"/>
      </Method>
      <Method
         Name="setRacaAgmtStatus"
         MethodName="setRacaAgmtStatus">
         <Return
            Name="_return_type_"
            Type="void"/>
         <Parameter
            Name="p0"
            Type="java.lang.String"/>
         <Parameter
            Name="p1"
            Type="java.lang.String"/>
         <Parameter
            Name="p2"
            Type="java.lang.String"/>
         <Parameter
            Name="p3"
            Type="java.lang.String"/>
      </Method>
      <Method
         Name="setRacaAgmtBlankRow"
         MethodName="setRacaAgmtBlankRow">
         <Return
            Name="_return_type_"
            Type="void"/>
         <Parameter
            Name="p0"
            Type="java.lang.String"/>
      </Method>
      <Method
         Name="sendRacaAgmtEmail"
         MethodName="sendRacaAgmtEmail">
         <Return
            Name="_return_type_"
            Type="void"/>
         <Parameter
            Name="p0"
            Type="java.lang.String"/>
         <Parameter
            Name="p1"
            Type="java.lang.String"/>
         <Parameter
            Name="p2"
            Type="java.lang.String"/>
         <Parameter
            Name="p3"
            Type="java.lang.String"/>
         <Parameter
            Name="p4"
            Type="java.lang.String"/>
         <Parameter
            Name="p5"
            Type="java.lang.String"/>
      </Method>
      <Method
         Name="setCurrentRowAndRangeByKeyValue"
         MethodName="setCurrentRowAndRangeByKeyValue">
         <Return
            Name="_return_type_"
            Type="void"/>
         <Parameter
            Name="p0"
            Type="java.lang.String"/>
         <Parameter
            Name="p1"
            Type="java.lang.String"/>
      </Method>
      <Method
         Name="createRacaAgmt"
         MethodName="createRacaAgmt">
         <Return
            Name="_return_type_"
            Type="void"/>
         <Parameter
            Name="p0"
            Type="java.lang.String"/>
      </Method>
      <Method
         Name="isCollectionTypeEmpty"
         MethodName="isCollectionTypeEmpty">
         <Return
            Name="_return_type_"
            Type="boolean"/>
      </Method>
      <Method
         Name="isAssessOverheadDocumented"
         MethodName="isAssessOverheadDocumented">
         <Return
            Name="_return_type_"
            Type="boolean"/>
      </Method>
      <Method
         Name="getEmailAddress"
         MethodName="getEmailAddress">
         <Return
            Name="_return_type_"
            Type="java.lang.String"/>
         <Parameter
            Name="p0"
            Type="java.lang.String"/>
      </Method>
      <Method
         Name="getHelpURLValue"
         MethodName="getHelpURLValue">
         <Return
            Name="_return_type_"
            Type="java.lang.String"/>
      </Method>
      <Method
         Name="setJobCodeNotifStatus"
         MethodName="setJobCodeNotifStatus">
         <Return
            Name="_return_type_"
            Type="void"/>
         <Parameter
            Name="p0"
            Type="java.lang.String"/>
         <Parameter
            Name="p1"
            Type="java.lang.String"/>
         <Parameter
            Name="p2"
            Type="java.lang.String"/>
         <Parameter
            Name="p3"
            Type="java.lang.String"/>
      </Method>
      <Method
         Name="calcTotal"
         MethodName="calcTotal">
         <Return
            Name="_return_type_"
            Type="java.lang.String"/>
         <Parameter
            Name="p0"
            Type="java.lang.String"/>
         <Parameter
            Name="p1"
            Type="java.lang.String"/>
      </Method>
      <Method
         Name="isContactLinked"
         MethodName="isContactLinked">
         <Return
            Name="_return_type_"
            Type="boolean"/>
         <Parameter
            Name="p0"
            Type="java.lang.String"/>
      </Method>
      <Method
         Name="getRacaReqStatusCode"
         MethodName="getRacaReqStatusCode">
         <Return
            Name="_return_type_"
            Type="java.lang.String"/>
      </Method>
      <Method
         Name="isOnePayerYes"
         MethodName="isOnePayerYes">
         <Return
            Name="_return_type_"
            Type="boolean"/>
         <Parameter
            Name="p0"
            Type="java.lang.String"/>
      </Method>
      <Method
         Name="isCloseoutPending"
         MethodName="isCloseoutPending">
         <Return
            Name="_return_type_"
            Type="boolean"/>
      </Method>
      <Method
         Name="getCooperatorAgreementNumber"
         MethodName="getCooperatorAgreementNumber">
         <Return
            Name="_return_type_"
            Type="java.lang.String"/>
      </Method>
      <Method
         Name="getFedIdType"
         MethodName="getFedIdType">
         <Return
            Name="_return_type_"
            Type="java.lang.String"/>
      </Method>
      <Method
         Name="getProgrmResponsibilityType"
         MethodName="getProgrmResponsibilityType">
         <Return
            Name="_return_type_"
            Type="java.lang.String"/>
      </Method>
      <Method
         Name="getRacaReqObligatingDocNo"
         MethodName="getRacaReqObligatingDocNo">
         <Return
            Name="_return_type_"
            Type="java.lang.String"/>
      </Method>
      <Method
         Name="filterAllListedGrants"
         MethodName="filterAllListedGrants">
         <Return
            Name="_return_type_"
            Type="java.util.ArrayList"/>
      </Method>
      <Method
         Name="filterGrants"
         MethodName="filterGrants">
         <Return
            Name="_return_type_"
            Type="void"/>
         <Parameter
            Name="sListOfCns"
            Type="java.lang.String"/>
      </Method>
      <Method
         Name="filterOrgs"
         MethodName="filterOrgs">
         <Return
            Name="_return_type_"
            Type="void"/>
         <Parameter
            Name="contCn"
            Type="java.lang.String"/>
      </Method>
      <Method
         Name="searchContacts"
         MethodName="searchContacts">
         <Return
            Name="_return_type_"
            Type="void"/>
         <Parameter
            Name="id"
            Type="java.lang.String"/>
         <Parameter
            Name="lastName"
            Type="java.lang.String"/>
         <Parameter
            Name="firstName"
            Type="java.lang.String"/>
      </Method>
      <Method
         Name="searchGrants"
         MethodName="searchGrants">
         <Return
            Name="_return_type_"
            Type="void"/>
         <Parameter
            Name="contCn"
            Type="java.lang.String"/>
         <Parameter
            Name="orgCn"
            Type="java.lang.String"/>
      </Method>
      <Method
         Name="processContactReplace"
         MethodName="processContactReplace">
         <Return
            Name="_return_type_"
            Type="void"/>
         <Parameter
            Name="fromContCn"
            Type="java.lang.String"/>
         <Parameter
            Name="toContCn"
            Type="java.lang.String"/>
         <Parameter
            Name="orgCn"
            Type="java.lang.String"/>
         <Parameter
            Name="grantsArray"
            Type="java.util.ArrayList"/>
      </Method>
      <Method
         Name="setProcessSent"
         MethodName="setProcessSent">
         <Return
            Name="_return_type_"
            Type="java.lang.String"/>
      </Method>
      <Method
         Name="setProcessRejects"
         MethodName="setProcessRejects">
         <Return
            Name="_return_type_"
            Type="java.lang.String"/>
      </Method>
      <Method
         Name="getDomainName"
         MethodName="getDomainName">
         <Return
            Name="_return_type_"
            Type="java.lang.String"/>
      </Method>
   </ClientInterface>
</AppModule>
