<?xml version='1.0' encoding='windows-1252' ?>
<!DOCTYPE ViewObject SYSTEM "jbo_03_01.dtd">
<!---->

<ViewObject
   xmlns="http://xmlns.oracle.com/bc4j"
   Name="CooperatorView"
   Version="12.2.1.22.48"
   SelectList="Contacts.CN, 
       Contacts.OBJ_NAME, 
       Contacts.ID, 
       Contacts.TRANS_ID, 
       Contacts.NAME, 
       Contacts.MASTER_SITE, 
       Contacts.REMARKS, 
       Contacts.SECURITY_ID, 
       Contacts.AGENCY_CODE, 
       Contacts.ADMIN_ORG_IND, 
       Contacts.DUNS, 
       Contacts.FAADS_CN, 
       Contacts.FFIS_VENDOR_STATUS, 
       Contacts.ALC_CODE, 
       AccinstContLinks.ACCINST_CN, 
       AccinstContLinks.CONT_CN, 
       AccinstContLinks.FFIS_VENDOR_ID, 
       AccinstContLinks.CN AS CN1, 
       AccinstContLinks.FFIS_CAN_NUMBER_STATUS, 
       FfisVendors.VENDOR_NAME, 
       FfisVendors.VENDOR_ID, 
       (SELECT ssn_tin            FROM (SELECT c.cn, p.social_security_number
ssn_tin               FROM ii_contacts c,                   
 ii_persons_v p                                             
                  WHERE p.cont_cn(+) = c.cn                 AND
c.obj_name =  'PERSON'                                      
                 UNION all                                  
                        SELECT c.cn, o.tax_id_number ssn_tin
          FROM ii_contacts c,              ii_organizations_v
o                                              WHERE o.cont_cn(+)
=  c.cn                 AND c.obj_name = 'ORGANIZATION')    
                                      WHERE cn = Contacts.CN) AS ssn_tin"
   FromList="II_CONTACTS Contacts, II_ACCINST_CONT_LINKS AccinstContLinks, II_FFIS_VENDORS FfisVendors"
   Where="(Contacts.CN = AccinstContLinks.CONT_CN) AND (AccinstContLinks.FFIS_VENDOR_ID = FfisVendors.VENDOR_ID)"
   BindingStyle="OracleName"
   CustomQuery="false"
   ComponentClass="gov.usda.fs.nrm.gacommon.model.dataaccess.raca.contacts.CooperatorViewImpl"
   PageIterMode="Partial" >
   <DesignTime>
      <Attr Name="_codeGenFlag2" Value="Coll" />
   </DesignTime>
   <EntityUsage
      Name="Contacts"
      Entity="gov.usda.fs.nrm.gacommon.model.entity.raca.Contacts" >
   </EntityUsage>
   <EntityUsage
      Name="AccinstContLinks"
      Entity="gov.usda.fs.nrm.gacommon.model.entity.raca.AccinstContLinks"
      Association="gov.usda.fs.nrm.gacommon.model.entity.raca.AccinstClContFkAssoc"
      AssociationEnd="gov.usda.fs.nrm.gacommon.model.entity.raca.AccinstClContFkAssoc.AccinstContLinks"
      SourceUsage="gov.usda.fs.nrm.gacommon.model.dataaccess.contacts.CooperatorView.Contacts"
      ReadOnly="true"
      Reference="true" >
      <DesignTime>
         <AttrArray Name="_dstAttributes">
            <Item Value="gov.usda.fs.nrm.gacommon.model.entity.raca.AccinstContLinks.ContCn" />
         </AttrArray>
         <AttrArray Name="_srcAttributes">
            <Item Value="gov.usda.fs.nrm.gacommon.model.entity.raca.Contacts.Cn" />
         </AttrArray>
      </DesignTime>
   </EntityUsage>
   <EntityUsage
      Name="FfisVendors"
      Entity="gov.usda.fs.nrm.gacommon.model.entity.raca.FfisVendors"
      Association="gov.usda.fs.nrm.gacommon.model.entity.raca.AccinstClVendFkAssoc"
      AssociationEnd="gov.usda.fs.nrm.gacommon.model.entity.raca.AccinstClVendFkAssoc.FfisVendors"
      SourceUsage="gov.usda.fs.nrm.gacommon.model.dataaccess.contacts.CooperatorView.AccinstContLinks"
      ReadOnly="true"
      Reference="true" >
      <DesignTime>
         <AttrArray Name="_dstAttributes">
            <Item Value="gov.usda.fs.nrm.gacommon.model.entity.raca.FfisVendors.VendorId" />
         </AttrArray>
         <AttrArray Name="_srcAttributes">
            <Item Value="gov.usda.fs.nrm.gacommon.model.entity.raca.AccinstContLinks.FfisVendorId" />
         </AttrArray>
      </DesignTime>
   </EntityUsage>
   <ViewAttribute
      Name="Cn"
      IsNotNull="true"
      EntityAttrName="Cn"
      EntityUsage="Contacts"
      AliasName="CN" >
   </ViewAttribute>
   <ViewAttribute
      Name="ObjName"
      IsUnique="true"
      IsNotNull="true"
      EntityAttrName="ObjName"
      EntityUsage="Contacts"
      AliasName="OBJ_NAME" >
   </ViewAttribute>
   <ViewAttribute
      Name="Id"
      IsUnique="true"
      IsNotNull="true"
      EntityAttrName="Id"
      EntityUsage="Contacts"
      AliasName="ID" >
   </ViewAttribute>
   <ViewAttribute
      Name="TransId"
      IsUnique="true"
      EntityAttrName="TransId"
      EntityUsage="Contacts"
      AliasName="TRANS_ID" >
   </ViewAttribute>
   <ViewAttribute
      Name="Name"
      EntityAttrName="Name"
      EntityUsage="Contacts"
      AliasName="NAME" >
   </ViewAttribute>
   <ViewAttribute
      Name="MasterSite"
      EntityAttrName="MasterSite"
      EntityUsage="Contacts"
      AliasName="MASTER_SITE" >
   </ViewAttribute>
   <ViewAttribute
      Name="Remarks"
      EntityAttrName="Remarks"
      EntityUsage="Contacts"
      AliasName="REMARKS" >
   </ViewAttribute>
   <ViewAttribute
      Name="SecurityId"
      EntityAttrName="SecurityId"
      EntityUsage="Contacts"
      AliasName="SECURITY_ID" >
   </ViewAttribute>
   <ViewAttribute
      Name="AgencyCode"
      EntityAttrName="AgencyCode"
      EntityUsage="Contacts"
      AliasName="AGENCY_CODE" >
   </ViewAttribute>
   <ViewAttribute
      Name="AdminOrgInd"
      IsNotNull="true"
      EntityAttrName="AdminOrgInd"
      EntityUsage="Contacts"
      AliasName="ADMIN_ORG_IND" >
   </ViewAttribute>
   <ViewAttribute
      Name="Duns"
      EntityAttrName="Duns"
      EntityUsage="Contacts"
      AliasName="DUNS" >
   </ViewAttribute>
   <ViewAttribute
      Name="FaadsCn"
      EntityAttrName="FaadsCn"
      EntityUsage="Contacts"
      AliasName="FAADS_CN" >
   </ViewAttribute>
   <ViewAttribute
      Name="FfisVendorStatus"
      EntityAttrName="FfisVendorStatus"
      EntityUsage="Contacts"
      AliasName="FFIS_VENDOR_STATUS" >
   </ViewAttribute>
   <ViewAttribute
      Name="AlcCode"
      EntityAttrName="AlcCode"
      EntityUsage="Contacts"
      AliasName="ALC_CODE" >
   </ViewAttribute>
   <ViewAttribute
      Name="AccinstCn"
      IsUnique="true"
      IsNotNull="true"
      EntityAttrName="AccinstCn"
      EntityUsage="AccinstContLinks"
      AliasName="ACCINST_CN" >
   </ViewAttribute>
   <ViewAttribute
      Name="ContCn"
      IsUnique="true"
      IsNotNull="true"
      EntityAttrName="ContCn"
      EntityUsage="AccinstContLinks"
      AliasName="CONT_CN" >
   </ViewAttribute>
   <ViewAttribute
      Name="FfisVendorId"
      EntityAttrName="FfisVendorId"
      EntityUsage="AccinstContLinks"
      AliasName="FFIS_VENDOR_ID" >
   </ViewAttribute>
   <ViewAttribute
      Name="Cn1"
      IsNotNull="true"
      EntityAttrName="Cn"
      EntityUsage="AccinstContLinks"
      AliasName="CN1" >
   </ViewAttribute>
   <ViewAttribute
      Name="FfisCanNumberStatus"
      EntityAttrName="FfisCanNumberStatus"
      EntityUsage="AccinstContLinks"
      AliasName="FFIS_CAN_NUMBER_STATUS" >
   </ViewAttribute>
   <ViewAttribute
      Name="VendorName"
      IsNotNull="true"
      EntityAttrName="VendorName"
      EntityUsage="FfisVendors"
      AliasName="VENDOR_NAME" >
   </ViewAttribute>
   <ViewAttribute
      Name="VendorId"
      IsNotNull="true"
      EntityAttrName="VendorId"
      EntityUsage="FfisVendors"
      AliasName="VENDOR_ID" >
   </ViewAttribute>
   <ViewAttribute
      Name="Ein"
      IsUpdateable="false"
      IsPersistent="false"
      Precision="255"
      Type="java.lang.String"
      ColumnType="VARCHAR2"
      AliasName="ssn_tin"
      Expression="(SELECT ssn_tin            FROM (SELECT c.cn, p.social_security_number
ssn_tin               FROM ii_contacts c,                   
 ii_persons_v p                                             
                  WHERE p.cont_cn(+) = c.cn                 AND
c.obj_name =  &#39;PERSON&#39;                                      
                 UNION all                                  
                        SELECT c.cn, o.tax_id_number ssn_tin
          FROM ii_contacts c,              ii_organizations_v
o                                              WHERE o.cont_cn(+)
=  c.cn                 AND c.obj_name = &#39;ORGANIZATION&#39;)    
                                      WHERE cn = Contacts.CN)"
      SQLType="VARCHAR" >
   </ViewAttribute>
</ViewObject>
