<?xml version='1.0' encoding='windows-1252' ?>
<!DOCTYPE ViewObject SYSTEM "jbo_03_01.dtd">
<!---->

<ViewObject
   xmlns="http://xmlns.oracle.com/bc4j"
   Name="PhoneNumbersView"
   Version="12.2.1.22.48"
   SelectList="PhoneNumbers.PN_CN, 
       PhoneNumbers.CONT_CN, 
       PhoneNumbers.PHONE_NUMBER_TYPE, 
       PhoneNumbers.INTERNATIONAL_CODE, 
       PhoneNumbers.AREA_CODE, 
       PhoneNumbers.PHONE_NUMBER, 
       PhoneNumbers.EXTENSION, 
       PhoneNumbers.RESTRICTIONS, 
       PhoneNumbers.COMMENTS, 
       PhoneNumbers.PROGRAM_AREA, 
       PhoneNumbers.SECURITY_ID"
   FromList="II_PHONE_NUMBERS PhoneNumbers"
   Where="PhoneNumbers.PROGRAM_AREA in (&#39;GA&#39;,&#39;COMMON&#39;)"
   BindingStyle="OracleName"
   CustomQuery="false"
   ComponentClass="gov.usda.fs.nrm.gacommon.model.dataaccess.raca.contacts.PhoneNumbersViewImpl"
   PageIterMode="Partial" >
   <DesignTime>
      <Attr Name="_codeGenFlag2" Value="Coll" />
   </DesignTime>
   <EntityUsage
      Name="PhoneNumbers"
      Entity="gov.usda.fs.nrm.gacommon.model.entity.raca.PhoneNumbers" >
   </EntityUsage>
   <ViewAttribute
      Name="PnCn"
      IsNotNull="true"
      EntityAttrName="PnCn"
      EntityUsage="PhoneNumbers"
      AliasName="PN_CN" >
   </ViewAttribute>
   <ViewAttribute
      Name="ContCn"
      IsNotNull="true"
      EntityAttrName="ContCn"
      EntityUsage="PhoneNumbers"
      AliasName="CONT_CN" >
   </ViewAttribute>
   <ViewAttribute
      Name="PhoneNumberType"
      IsNotNull="true"
      EntityAttrName="PhoneNumberType"
      EntityUsage="PhoneNumbers"
      AliasName="PHONE_NUMBER_TYPE" >
   </ViewAttribute>
   <ViewAttribute
      Name="InternationalCode"
      EntityAttrName="InternationalCode"
      EntityUsage="PhoneNumbers"
      AliasName="INTERNATIONAL_CODE" >
   </ViewAttribute>
   <ViewAttribute
      Name="AreaCode"
      EntityAttrName="AreaCode"
      EntityUsage="PhoneNumbers"
      AliasName="AREA_CODE" >
   </ViewAttribute>
   <ViewAttribute
      Name="PhoneNumber"
      EntityAttrName="PhoneNumber"
      EntityUsage="PhoneNumbers"
      AliasName="PHONE_NUMBER" >
   </ViewAttribute>
   <ViewAttribute
      Name="Extension"
      EntityAttrName="Extension"
      EntityUsage="PhoneNumbers"
      AliasName="EXTENSION" >
   </ViewAttribute>
   <ViewAttribute
      Name="Restrictions"
      EntityAttrName="Restrictions"
      EntityUsage="PhoneNumbers"
      AliasName="RESTRICTIONS" >
   </ViewAttribute>
   <ViewAttribute
      Name="Comments"
      EntityAttrName="Comments"
      EntityUsage="PhoneNumbers"
      AliasName="COMMENTS" >
   </ViewAttribute>
   <ViewAttribute
      Name="ProgramArea"
      IsNotNull="true"
      EntityAttrName="ProgramArea"
      EntityUsage="PhoneNumbers"
      AliasName="PROGRAM_AREA" >
   </ViewAttribute>
   <ViewAttribute
      Name="SecurityId"
      IsNotNull="true"
      EntityAttrName="SecurityId"
      EntityUsage="PhoneNumbers"
      AliasName="SECURITY_ID" >
   </ViewAttribute>
</ViewObject>
