<?xml version='1.0' encoding='windows-1252' ?>
<!DOCTYPE ViewObject SYSTEM "jbo_03_01.dtd">
<!---->

<ViewObject
   xmlns="http://xmlns.oracle.com/bc4j"
   Name="EmailsView"
   Version="12.2.1.22.48"
   SelectList="Emails.RECIPIENT, 
       Emails.SENDER, 
       Emails.SUBJECT, 
       Emails.BODY, 
       Emails.STATUS, 
       Emails.SEND_DATE, 
       Emails.MODULE, 
       Emails.TABLE_NAME, 
       Emails.TABLE_NAME_CN, 
       Emails.ROWID"
   FromList="II_EMAILS Emails"
   BindingStyle="OracleName"
   CustomQuery="false"
   ComponentClass="gov.usda.fs.nrm.gacommon.model.dataaccess.raca.EmailsViewImpl"
   PageIterMode="Partial" >
   <DesignTime>
      <Attr Name="_codeGenFlag2" Value="Coll" />
   </DesignTime>
   <EntityUsage
      Name="Emails"
      Entity="gov.usda.fs.nrm.gacommon.model.entity.raca.Emails" >
   </EntityUsage>
   <ViewAttribute
      Name="Recipient"
      IsNotNull="true"
      EntityAttrName="Recipient"
      EntityUsage="Emails"
      AliasName="RECIPIENT" >
   </ViewAttribute>
   <ViewAttribute
      Name="Sender"
      IsNotNull="true"
      EntityAttrName="Sender"
      EntityUsage="Emails"
      AliasName="SENDER" >
   </ViewAttribute>
   <ViewAttribute
      Name="Subject"
      IsNotNull="true"
      EntityAttrName="Subject"
      EntityUsage="Emails"
      AliasName="SUBJECT" >
   </ViewAttribute>
   <ViewAttribute
      Name="Body"
      IsQueriable="false"
      IsNotNull="true"
      EntityAttrName="Body"
      EntityUsage="Emails"
      AliasName="BODY" >
   </ViewAttribute>
   <ViewAttribute
      Name="Status"
      IsNotNull="true"
      EntityAttrName="Status"
      EntityUsage="Emails"
      AliasName="STATUS" >
   </ViewAttribute>
   <ViewAttribute
      Name="SendDate"
      EntityAttrName="SendDate"
      EntityUsage="Emails"
      AliasName="SEND_DATE" >
   </ViewAttribute>
   <ViewAttribute
      Name="Module"
      EntityAttrName="Module"
      EntityUsage="Emails"
      AliasName="MODULE" >
   </ViewAttribute>
   <ViewAttribute
      Name="TableName"
      EntityAttrName="TableName"
      EntityUsage="Emails"
      AliasName="TABLE_NAME" >
   </ViewAttribute>
   <ViewAttribute
      Name="TableNameCn"
      EntityAttrName="TableNameCn"
      EntityUsage="Emails"
      AliasName="TABLE_NAME_CN" >
   </ViewAttribute>
   <ViewAttribute
      Name="RowID"
      IsUpdateable="false"
      EntityAttrName="RowID"
      EntityUsage="Emails"
      AliasName="ROWID" >
   </ViewAttribute>
</ViewObject>
