<?xml version='1.0' encoding='windows-1252' ?>
<!DOCTYPE ViewObject SYSTEM "jbo_03_01.dtd">
<!---->

<ViewObject
   xmlns="http://xmlns.oracle.com/bc4j"
   Name="GrantView"
   Version="12.2.1.22.48"
   SelectList="AiGaAppV.CN, 
       AiGaAppV.ID, 
       AiGaAppV.NAME, 
       AiGaAppV.OBJ_TECH, 
       AiGaAppV.OBJ_NAME, 
       AiGaAppV.OBJ_CLASS, 
       AiGaAppV.DESCRIPTION, 
       AiGaAppV.MANAGING_CONT_CN, 
       AiGaAppV.GA_CN, 
       AiGaAppV.FED_ID_FY, 
       AiGaAppV.FED_ID_TYPE, 
       AiGaAppV.FED_ID_AGENCY, 
       AiGaAppV.FED_ID_REGION, 
       AiGaAppV.FED_ID_UNIT, 
       AiGaAppV.FED_ID_SUBUNIT, 
       AiGaAppV.FED_ID_SEQ, 
       AiGaAppV.PROJ_TITLE, 
       AiGaAppV.PROJ_STATUS, 
       AiGaAppV.APPLICATION_ID, 
       AiGaAppV.APPLICATION_TYPE, 
       AiGaAppV.APP_SUBMISSION_TYPE, 
       AiGaAppV.APP_SUBMIT_DATE, 
       AiGaAppV.APP_RECEIVED_DATE, 
       AiGaAppV.HHS_PAYMENT_IND, 
       AiGaAppV.PROPOSED_START_DATE, 
       AiGaAppV.PROPOSED_END_DATE, 
       AiGaAppV.PROJ_DESC, 
       AiGaAppV.PROJ_RECEIVED_DT, 
       AiGaAppV.PROJ_EXECUTION_DT, 
       AiGaAppV.PROJ_START_DT, 
       AiGaAppV.PROJ_OBLIGATION_DT, 
       AiGaAppV.PROJ_EXPIRATION_DT, 
       AiGaAppV.PROJ_RWU, 
       AiGaAppV.PROJ_CLOSE_DT, 
       AiGaAppV.PROJ_CANCELLATION_DT, 
       AiGaAppV.DATE_MAILED, 
       AiGaAppV.DATE_SIGNED, 
       AiGaAppV.EXTRAMURAL_IND, 
       AiGaAppV.PROJ_CFDA_NO, 
       AiGaAppV.PROJ_SCIENCE_CD, 
       AiGaAppV.RESEARCH_TYPE, 
       AiGaAppV.JOURNAL_IND, 
       AiGaAppV.MOD_NUMBER, 
       AiGaAppV.ORIG_FED_ID, 
       AiGaAppV.COMMENTS, 
       AiGaAppV.MASTER_FED_ID, 
       AiGaAppV.AOP_IND, 
       AiGaAppV.GEO_TYPE, 
       AiGaAppV.MANAGING_STATE_COUNTY, 
       AiGaAppV.AREAS_EFFECTED, 
       AiGaAppV.FFIN, 
       AiGaAppV.STATE_EO_CODE, 
       AiGaAppV.STATE_EO_DATE, 
       AiGaAppV.FED_EST_FUND, 
       AiGaAppV.APPLICANT_EST_FUND, 
       AiGaAppV.STATE_EST_FUND, 
       AiGaAppV.LOCAL_EST_FUND, 
       AiGaAppV.PI_EST_FUND, 
       AiGaAppV.OTH_EST_FUND, 
       AiGaAppV.STATUS, 
       AiGaAppV.STATUS_DATE, 
       AiGaAppV.REROUTE_FROM, 
       AiGaAppV.REROUTE_DATE, 
       AiGaAppV.PROJECT_CONGRESSIONAL_DISTRICT, 
       AiGaAppV.FFIS_DOC_ID, 
       AiGaAppV.LOCKED_IND, 
       AiGaAppV.APPLICANT_NAME, 
       AiGaAppV.STATE_IDENTIFIER, 
       AiGaAppV.INTERNATIONAL_ACT_IND, 
       AiGaAppV.PROJ_TYPE, 
       AiGaAppV.ADVANCE_ALLOWED_IND, 
       AiGaAppV.CREATED_DATE, 
       AiGaAppV.CREATED_BY, 
       AiGaAppV.CREATED_IN_INSTANCE, 
       AiGaAppV.SECURITY_ID, 
       AiGaAppV.PROGRM_RESPONSIBILITY_TYPE, 
       AiGaAppV.COOPERATOR_AGREEMENT_NUMBER"
   FromList="II_AI_GA_APP_V AiGaAppV"
   BindingStyle="OracleName"
   CustomQuery="false"
   RowClass="gov.usda.fs.nrm.gacommon.model.dataaccess.raca.GrantViewRowImpl"
   ComponentClass="gov.usda.fs.nrm.gacommon.model.dataaccess.raca.GrantViewImpl"
   PageIterMode="Partial" >
   <DesignTime>
      <Attr Name="_codeGenFlag2" Value="Access|Coll" />
      <Attr Name="_isCodegen" Value="true" />
   </DesignTime>
   <EntityUsage
      Name="AiGaAppV"
      Entity="gov.usda.fs.nrm.gacommon.model.entity.raca.AiGaAppV" >
   </EntityUsage>
   <ViewAttribute
      Name="Cn"
      IsNotNull="true"
      EntityAttrName="Cn"
      EntityUsage="AiGaAppV"
      AliasName="CN" >
   </ViewAttribute>
   <ViewAttribute
      Name="Id"
      IsNotNull="true"
      EntityAttrName="Id"
      EntityUsage="AiGaAppV"
      AliasName="ID" >
   </ViewAttribute>
   <ViewAttribute
      Name="Name"
      EntityAttrName="Name"
      EntityUsage="AiGaAppV"
      AliasName="NAME" >
   </ViewAttribute>
   <ViewAttribute
      Name="ObjTech"
      IsNotNull="true"
      EntityAttrName="ObjTech"
      EntityUsage="AiGaAppV"
      AliasName="OBJ_TECH" >
   </ViewAttribute>
   <ViewAttribute
      Name="ObjName"
      IsNotNull="true"
      EntityAttrName="ObjName"
      EntityUsage="AiGaAppV"
      AliasName="OBJ_NAME" >
   </ViewAttribute>
   <ViewAttribute
      Name="ObjClass"
      IsNotNull="true"
      EntityAttrName="ObjClass"
      EntityUsage="AiGaAppV"
      AliasName="OBJ_CLASS" >
   </ViewAttribute>
   <ViewAttribute
      Name="Description"
      EntityAttrName="Description"
      EntityUsage="AiGaAppV"
      AliasName="DESCRIPTION" >
   </ViewAttribute>
   <ViewAttribute
      Name="ManagingContCn"
      EntityAttrName="ManagingContCn"
      EntityUsage="AiGaAppV"
      AliasName="MANAGING_CONT_CN" >
   </ViewAttribute>
   <ViewAttribute
      Name="GaCn"
      EntityAttrName="GaCn"
      EntityUsage="AiGaAppV"
      AliasName="GA_CN" >
   </ViewAttribute>
   <ViewAttribute
      Name="FedIdFy"
      EntityAttrName="FedIdFy"
      EntityUsage="AiGaAppV"
      AliasName="FED_ID_FY" >
   </ViewAttribute>
   <ViewAttribute
      Name="FedIdType"
      EntityAttrName="FedIdType"
      EntityUsage="AiGaAppV"
      AliasName="FED_ID_TYPE" >
   </ViewAttribute>
   <ViewAttribute
      Name="FedIdAgency"
      EntityAttrName="FedIdAgency"
      EntityUsage="AiGaAppV"
      AliasName="FED_ID_AGENCY" >
   </ViewAttribute>
   <ViewAttribute
      Name="FedIdRegion"
      EntityAttrName="FedIdRegion"
      EntityUsage="AiGaAppV"
      AliasName="FED_ID_REGION" >
   </ViewAttribute>
   <ViewAttribute
      Name="FedIdUnit"
      EntityAttrName="FedIdUnit"
      EntityUsage="AiGaAppV"
      AliasName="FED_ID_UNIT" >
   </ViewAttribute>
   <ViewAttribute
      Name="FedIdSubunit"
      EntityAttrName="FedIdSubunit"
      EntityUsage="AiGaAppV"
      AliasName="FED_ID_SUBUNIT" >
   </ViewAttribute>
   <ViewAttribute
      Name="FedIdSeq"
      EntityAttrName="FedIdSeq"
      EntityUsage="AiGaAppV"
      AliasName="FED_ID_SEQ" >
   </ViewAttribute>
   <ViewAttribute
      Name="ProjTitle"
      EntityAttrName="ProjTitle"
      EntityUsage="AiGaAppV"
      AliasName="PROJ_TITLE" >
   </ViewAttribute>
   <ViewAttribute
      Name="ProjStatus"
      EntityAttrName="ProjStatus"
      EntityUsage="AiGaAppV"
      AliasName="PROJ_STATUS" >
   </ViewAttribute>
   <ViewAttribute
      Name="ApplicationId"
      EntityAttrName="ApplicationId"
      EntityUsage="AiGaAppV"
      AliasName="APPLICATION_ID" >
   </ViewAttribute>
   <ViewAttribute
      Name="ApplicationType"
      EntityAttrName="ApplicationType"
      EntityUsage="AiGaAppV"
      AliasName="APPLICATION_TYPE" >
   </ViewAttribute>
   <ViewAttribute
      Name="AppSubmissionType"
      EntityAttrName="AppSubmissionType"
      EntityUsage="AiGaAppV"
      AliasName="APP_SUBMISSION_TYPE" >
   </ViewAttribute>
   <ViewAttribute
      Name="AppSubmitDate"
      EntityAttrName="AppSubmitDate"
      EntityUsage="AiGaAppV"
      AliasName="APP_SUBMIT_DATE" >
   </ViewAttribute>
   <ViewAttribute
      Name="AppReceivedDate"
      EntityAttrName="AppReceivedDate"
      EntityUsage="AiGaAppV"
      AliasName="APP_RECEIVED_DATE" >
   </ViewAttribute>
   <ViewAttribute
      Name="HhsPaymentInd"
      EntityAttrName="HhsPaymentInd"
      EntityUsage="AiGaAppV"
      AliasName="HHS_PAYMENT_IND" >
   </ViewAttribute>
   <ViewAttribute
      Name="ProposedStartDate"
      EntityAttrName="ProposedStartDate"
      EntityUsage="AiGaAppV"
      AliasName="PROPOSED_START_DATE" >
   </ViewAttribute>
   <ViewAttribute
      Name="ProposedEndDate"
      EntityAttrName="ProposedEndDate"
      EntityUsage="AiGaAppV"
      AliasName="PROPOSED_END_DATE" >
   </ViewAttribute>
   <ViewAttribute
      Name="ProjDesc"
      EntityAttrName="ProjDesc"
      EntityUsage="AiGaAppV"
      AliasName="PROJ_DESC" >
   </ViewAttribute>
   <ViewAttribute
      Name="ProjReceivedDt"
      EntityAttrName="ProjReceivedDt"
      EntityUsage="AiGaAppV"
      AliasName="PROJ_RECEIVED_DT" >
   </ViewAttribute>
   <ViewAttribute
      Name="ProjExecutionDt"
      EntityAttrName="ProjExecutionDt"
      EntityUsage="AiGaAppV"
      AliasName="PROJ_EXECUTION_DT" >
   </ViewAttribute>
   <ViewAttribute
      Name="ProjStartDt"
      EntityAttrName="ProjStartDt"
      EntityUsage="AiGaAppV"
      AliasName="PROJ_START_DT" >
   </ViewAttribute>
   <ViewAttribute
      Name="ProjObligationDt"
      EntityAttrName="ProjObligationDt"
      EntityUsage="AiGaAppV"
      AliasName="PROJ_OBLIGATION_DT" >
   </ViewAttribute>
   <ViewAttribute
      Name="ProjExpirationDt"
      EntityAttrName="ProjExpirationDt"
      EntityUsage="AiGaAppV"
      AliasName="PROJ_EXPIRATION_DT" >
   </ViewAttribute>
   <ViewAttribute
      Name="ProjRwu"
      EntityAttrName="ProjRwu"
      EntityUsage="AiGaAppV"
      AliasName="PROJ_RWU" >
   </ViewAttribute>
   <ViewAttribute
      Name="ProjCloseDt"
      EntityAttrName="ProjCloseDt"
      EntityUsage="AiGaAppV"
      AliasName="PROJ_CLOSE_DT" >
   </ViewAttribute>
   <ViewAttribute
      Name="ProjCancellationDt"
      EntityAttrName="ProjCancellationDt"
      EntityUsage="AiGaAppV"
      AliasName="PROJ_CANCELLATION_DT" >
   </ViewAttribute>
   <ViewAttribute
      Name="DateMailed"
      EntityAttrName="DateMailed"
      EntityUsage="AiGaAppV"
      AliasName="DATE_MAILED" >
   </ViewAttribute>
   <ViewAttribute
      Name="DateSigned"
      EntityAttrName="DateSigned"
      EntityUsage="AiGaAppV"
      AliasName="DATE_SIGNED" >
   </ViewAttribute>
   <ViewAttribute
      Name="ExtramuralInd"
      EntityAttrName="ExtramuralInd"
      EntityUsage="AiGaAppV"
      AliasName="EXTRAMURAL_IND" >
   </ViewAttribute>
   <ViewAttribute
      Name="ProjCfdaNo"
      EntityAttrName="ProjCfdaNo"
      EntityUsage="AiGaAppV"
      AliasName="PROJ_CFDA_NO" >
   </ViewAttribute>
   <ViewAttribute
      Name="ProjScienceCd"
      EntityAttrName="ProjScienceCd"
      EntityUsage="AiGaAppV"
      AliasName="PROJ_SCIENCE_CD" >
   </ViewAttribute>
   <ViewAttribute
      Name="ResearchType"
      EntityAttrName="ResearchType"
      EntityUsage="AiGaAppV"
      AliasName="RESEARCH_TYPE" >
   </ViewAttribute>
   <ViewAttribute
      Name="JournalInd"
      EntityAttrName="JournalInd"
      EntityUsage="AiGaAppV"
      AliasName="JOURNAL_IND" >
   </ViewAttribute>
   <ViewAttribute
      Name="ModNumber"
      EntityAttrName="ModNumber"
      EntityUsage="AiGaAppV"
      AliasName="MOD_NUMBER" >
   </ViewAttribute>
   <ViewAttribute
      Name="OrigFedId"
      EntityAttrName="OrigFedId"
      EntityUsage="AiGaAppV"
      AliasName="ORIG_FED_ID" >
   </ViewAttribute>
   <ViewAttribute
      Name="Comments"
      EntityAttrName="Comments"
      EntityUsage="AiGaAppV"
      AliasName="COMMENTS" >
   </ViewAttribute>
   <ViewAttribute
      Name="MasterFedId"
      EntityAttrName="MasterFedId"
      EntityUsage="AiGaAppV"
      AliasName="MASTER_FED_ID" >
   </ViewAttribute>
   <ViewAttribute
      Name="AopInd"
      EntityAttrName="AopInd"
      EntityUsage="AiGaAppV"
      AliasName="AOP_IND" >
   </ViewAttribute>
   <ViewAttribute
      Name="GeoType"
      EntityAttrName="GeoType"
      EntityUsage="AiGaAppV"
      AliasName="GEO_TYPE" >
   </ViewAttribute>
   <ViewAttribute
      Name="ManagingStateCounty"
      EntityAttrName="ManagingStateCounty"
      EntityUsage="AiGaAppV"
      AliasName="MANAGING_STATE_COUNTY" >
   </ViewAttribute>
   <ViewAttribute
      Name="AreasEffected"
      EntityAttrName="AreasEffected"
      EntityUsage="AiGaAppV"
      AliasName="AREAS_EFFECTED" >
   </ViewAttribute>
   <ViewAttribute
      Name="Ffin"
      EntityAttrName="Ffin"
      EntityUsage="AiGaAppV"
      AliasName="FFIN" >
   </ViewAttribute>
   <ViewAttribute
      Name="StateEoCode"
      EntityAttrName="StateEoCode"
      EntityUsage="AiGaAppV"
      AliasName="STATE_EO_CODE" >
   </ViewAttribute>
   <ViewAttribute
      Name="StateEoDate"
      EntityAttrName="StateEoDate"
      EntityUsage="AiGaAppV"
      AliasName="STATE_EO_DATE" >
   </ViewAttribute>
   <ViewAttribute
      Name="FedEstFund"
      EntityAttrName="FedEstFund"
      EntityUsage="AiGaAppV"
      AliasName="FED_EST_FUND" >
   </ViewAttribute>
   <ViewAttribute
      Name="ApplicantEstFund"
      EntityAttrName="ApplicantEstFund"
      EntityUsage="AiGaAppV"
      AliasName="APPLICANT_EST_FUND" >
   </ViewAttribute>
   <ViewAttribute
      Name="StateEstFund"
      EntityAttrName="StateEstFund"
      EntityUsage="AiGaAppV"
      AliasName="STATE_EST_FUND" >
   </ViewAttribute>
   <ViewAttribute
      Name="LocalEstFund"
      EntityAttrName="LocalEstFund"
      EntityUsage="AiGaAppV"
      AliasName="LOCAL_EST_FUND" >
   </ViewAttribute>
   <ViewAttribute
      Name="PiEstFund"
      EntityAttrName="PiEstFund"
      EntityUsage="AiGaAppV"
      AliasName="PI_EST_FUND" >
   </ViewAttribute>
   <ViewAttribute
      Name="OthEstFund"
      EntityAttrName="OthEstFund"
      EntityUsage="AiGaAppV"
      AliasName="OTH_EST_FUND" >
   </ViewAttribute>
   <ViewAttribute
      Name="Status"
      EntityAttrName="Status"
      EntityUsage="AiGaAppV"
      AliasName="STATUS" >
   </ViewAttribute>
   <ViewAttribute
      Name="StatusDate"
      EntityAttrName="StatusDate"
      EntityUsage="AiGaAppV"
      AliasName="STATUS_DATE" >
   </ViewAttribute>
   <ViewAttribute
      Name="RerouteFrom"
      EntityAttrName="RerouteFrom"
      EntityUsage="AiGaAppV"
      AliasName="REROUTE_FROM" >
   </ViewAttribute>
   <ViewAttribute
      Name="RerouteDate"
      EntityAttrName="RerouteDate"
      EntityUsage="AiGaAppV"
      AliasName="REROUTE_DATE" >
   </ViewAttribute>
   <ViewAttribute
      Name="ProjectCongressionalDistrict"
      EntityAttrName="ProjectCongressionalDistrict"
      EntityUsage="AiGaAppV"
      AliasName="PROJECT_CONGRESSIONAL_DISTRICT" >
   </ViewAttribute>
   <ViewAttribute
      Name="FfisDocId"
      EntityAttrName="FfisDocId"
      EntityUsage="AiGaAppV"
      AliasName="FFIS_DOC_ID" >
   </ViewAttribute>
   <ViewAttribute
      Name="LockedInd"
      EntityAttrName="LockedInd"
      EntityUsage="AiGaAppV"
      AliasName="LOCKED_IND" >
   </ViewAttribute>
   <ViewAttribute
      Name="ApplicantName"
      EntityAttrName="ApplicantName"
      EntityUsage="AiGaAppV"
      AliasName="APPLICANT_NAME" >
   </ViewAttribute>
   <ViewAttribute
      Name="StateIdentifier"
      EntityAttrName="StateIdentifier"
      EntityUsage="AiGaAppV"
      AliasName="STATE_IDENTIFIER" >
   </ViewAttribute>
   <ViewAttribute
      Name="InternationalActInd"
      EntityAttrName="InternationalActInd"
      EntityUsage="AiGaAppV"
      AliasName="INTERNATIONAL_ACT_IND" >
   </ViewAttribute>
   <ViewAttribute
      Name="ProjType"
      EntityAttrName="ProjType"
      EntityUsage="AiGaAppV"
      AliasName="PROJ_TYPE" >
   </ViewAttribute>
   <ViewAttribute
      Name="AdvanceAllowedInd"
      EntityAttrName="AdvanceAllowedInd"
      EntityUsage="AiGaAppV"
      AliasName="ADVANCE_ALLOWED_IND" >
   </ViewAttribute>
   <ViewAttribute
      Name="CreatedDate"
      IsNotNull="true"
      EntityAttrName="CreatedDate"
      EntityUsage="AiGaAppV"
      AliasName="CREATED_DATE" >
   </ViewAttribute>
   <ViewAttribute
      Name="CreatedBy"
      IsNotNull="true"
      EntityAttrName="CreatedBy"
      EntityUsage="AiGaAppV"
      AliasName="CREATED_BY" >
   </ViewAttribute>
   <ViewAttribute
      Name="CreatedInInstance"
      IsNotNull="true"
      EntityAttrName="CreatedInInstance"
      EntityUsage="AiGaAppV"
      AliasName="CREATED_IN_INSTANCE" >
   </ViewAttribute>
   <ViewAttribute
      Name="SecurityId"
      IsNotNull="true"
      EntityAttrName="SecurityId"
      EntityUsage="AiGaAppV"
      AliasName="SECURITY_ID" >
   </ViewAttribute>
   <ViewAttribute
      Name="ProgrmResponsibilityType"
      EntityAttrName="ProgrmResponsibilityType"
      EntityUsage="AiGaAppV"
      AliasName="PROGRM_RESPONSIBILITY_TYPE" >
   </ViewAttribute>
   <ViewAttribute
      Name="CooperatorAgreementNumber"
      EntityAttrName="CooperatorAgreementNumber"
      EntityUsage="AiGaAppV"
      AliasName="COOPERATOR_AGREEMENT_NUMBER" >
   </ViewAttribute>
   <ViewLinkAccessor
      Name="GaSummaryTabView"
      ViewLink="gov.usda.fs.nrm.gacommon.model.dataaccess.raca.GrantGaSummaryLk"
      Type="oracle.jbo.RowIterator"
      IsUpdateable="false" >
   </ViewLinkAccessor>
</ViewObject>
