<?xml version='1.0' encoding='windows-1252' ?>
<!DOCTYPE ViewObject SYSTEM "jbo_03_01.dtd">
<!---->

<ViewObject
   xmlns="http://xmlns.oracle.com/bc4j"
   Name="RacaSpecBillingReqView"
   Version="12.2.1.22.48"
   SelectList="RacaSpecBillingReq.CN, 
       RacaSpecBillingReq.RACA_AGMT_CN, 
       RacaSpecBillingReq.SPEC_BILL_REQ_CD, 
       RacaSpecBillingReq.SPEC_BILL_REQ_DESC, 
       RacaSpecBillingReq.COMMENTS"
   FromList="II_RACA_SPEC_BILLING_REQ RacaSpecBillingReq"
   BindingStyle="OracleName"
   CustomQuery="false"
   ComponentClass="gov.usda.fs.nrm.gacommon.model.dataaccess.raca.RacaSpecBillingReqViewImpl"
   PageIterMode="Partial"
   AccessMode="DEFAULT">
   <DesignTime>
      <Attr Name="_codeGenFlag2" Value="Coll" />
   </DesignTime>
   <ViewAccessor
      Name="LovBillingOptions1"
      ViewObjectName="gov.usda.fs.nrm.gacommon.model.dataaccess.raca.lov.LovBillingOptions"
      RowLevelBinds="true"/>
   <ListBinding
      Name="LOV_SpecBillReqCd"
      ListVOName="LovBillingOptions1"
      NullValueFlag="none"
      MRUCount="0">
      <AttrArray Name="AttrNames">
         <Item Value="SpecBillReqCd"/>
      </AttrArray>
      <AttrArray Name="AttrExpressions"/>
      <AttrArray Name="ListAttrNames">
         <Item Value="Name"/>
      </AttrArray>
      <AttrArray Name="ListDisplayAttrNames">
         <Item Value="Name"/>
         <Item Value="Description"/>
      </AttrArray>
      <DisplayCriteria/>
   </ListBinding>
   <EntityUsage
      Name="RacaSpecBillingReq"
      Entity="gov.usda.fs.nrm.gacommon.model.entity.raca.RacaSpecBillingReq" >
   </EntityUsage>
   <ViewAttribute
      Name="Cn"
      IsNotNull="true"
      EntityAttrName="Cn"
      EntityUsage="RacaSpecBillingReq"
      AliasName="CN" >
   </ViewAttribute>
   <ViewAttribute
      Name="RacaAgmtCn"
      IsNotNull="true"
      EntityAttrName="RacaAgmtCn"
      EntityUsage="RacaSpecBillingReq"
      AliasName="RACA_AGMT_CN"/>
   <ViewAttribute
      Name="SpecBillReqCd"
      IsNotNull="true"
      EntityAttrName="SpecBillReqCd"
      EntityUsage="RacaSpecBillingReq"
      AliasName="SPEC_BILL_REQ_CD"
      LOVName="LOV_SpecBillReqCd">
      <Properties>
         <SchemaBasedProperties>
            <CONTROLTYPE
               Value="choice"/>
            <LABEL
               ResId="gov.usda.fs.nrm.gacommon.model.dataaccess.raca.RacaSpecBillingReqView.SpecBillReqCd_LABEL"/>
         </SchemaBasedProperties>
      </Properties>
      <DesignTime>
         <Attr Name="_description" Value="Code"/>
      </DesignTime>
   </ViewAttribute>
   <ViewAttribute
      Name="SpecBillReqDesc"
      EntityAttrName="SpecBillReqDesc"
      EntityUsage="RacaSpecBillingReq"
      AliasName="SPEC_BILL_REQ_DESC" >
      <Properties>
         <SchemaBasedProperties>
            <LABEL
               ResId="gov.usda.fs.nrm.gacommon.model.dataaccess.raca.RacaSpecBillingReqView.SpecBillReqDesc_LABEL"/>
         </SchemaBasedProperties>
      </Properties>
      <DesignTime>
         <Attr Name="_description" Value="desc"/>
      </DesignTime>
   </ViewAttribute>
   <ViewAttribute
      Name="Comments"
      EntityAttrName="Comments"
      EntityUsage="RacaSpecBillingReq"
      AliasName="COMMENTS" >
      <Properties>
         <SchemaBasedProperties>
            <LABEL
               ResId="gov.usda.fs.nrm.gacommon.model.dataaccess.raca.RacaSpecBillingReqView.Comments_LABEL"/>
         </SchemaBasedProperties>
      </Properties>
   </ViewAttribute>
   <ResourceBundle>
      <PropertiesBundle
         PropertiesFile="model.ModelBundle"/>
   </ResourceBundle>
</ViewObject>
