<?xml version='1.0' encoding='windows-1252' ?>
<!DOCTYPE ViewObject SYSTEM "jbo_03_01.dtd">
<!---->

<ViewObject
   xmlns="http://xmlns.oracle.com/bc4j"
   Name="RacaReqsView"
   Version="12.2.1.22.48"
   SelectList="RacaReqs.CN, 
       RacaReqs.RACA_AGMT_CN, 
       RacaReqs.RACA_REQ_NO, 
       RacaReqs.TRANSMITTAL_PURPOSE, 
       RacaReqs.OTHER_TRANSMITTAL_PURPOSE, 
       RacaReqs.JOB_CODE_DESCRIPTION, 
       RacaReqs.EXPIRATION_DATE, 
       RacaReqs.RESTRICTION_ANNUAL_SPEND, 
       RacaReqs.AGREEMENT_AOP_ATTACHED, 
       RacaReqs.WORKPLAN_ATTACHED, 
       RacaReqs.VERIFIED_DATE, 
       RacaReqs.BILLING_DOCUMENT_DATE, 
       RacaReqs.DATE_NOTIFICATION_ISSUED, 
       RacaReqs.JOB_CODES, 
       RacaReqs.CURRENT_BFY_AMOUNT, 
       RacaReqs.STATUS, 
       RacaReqs.STATUS_DATE, 
       RacaReqs.COMMENTS, 
       RacaReqs.TREASURY_SYMBOL, 
       RacaReqs.OBLIGATING_DOC_NO, 
       RacaReqs.FS_6500_243_ATTACHED"
   FromList="II_RACA_REQS RacaReqs"
   OrderBy="RacaReqs.RACA_REQ_NO desc"
   BindingStyle="OracleName"
   CustomQuery="false"
   RowClass="gov.usda.fs.nrm.gacommon.model.dataaccess.raca.RacaReqsViewRowImpl"
   ComponentClass="gov.usda.fs.nrm.gacommon.model.dataaccess.raca.RacaReqsViewImpl"
   PageIterMode="Partial" >
   <DesignTime>
      <Attr Name="_codeGenFlag2" Value="Access|Coll" />
      <Attr Name="_isCodegen" Value="true" />
   </DesignTime>
   <EntityUsage
      Name="RacaReqs"
      Entity="gov.usda.fs.nrm.gacommon.model.entity.raca.RacaReqs" >
   </EntityUsage>
   <ViewAttribute
      Name="Cn"
      IsNotNull="true"
      EntityAttrName="Cn"
      EntityUsage="RacaReqs"
      AliasName="CN" />
   <ViewAttribute
      Name="RacaAgmtCn"
      IsNotNull="true"
      EntityAttrName="RacaAgmtCn"
      EntityUsage="RacaReqs"
      AliasName="RACA_AGMT_CN" >
   </ViewAttribute>
   <ViewAttribute
      Name="RacaReqNo"
      IsNotNull="true"
      EntityAttrName="RacaReqNo"
      EntityUsage="RacaReqs"
      AliasName="RACA_REQ_NO" >
      <Properties>
         <SchemaBasedProperties>
            <LABEL
               ResId="RacaReqNo_LABEL"/>
         </SchemaBasedProperties>
      </Properties>
   </ViewAttribute>
   <ViewAttribute
      Name="TransmittalPurpose"
      EntityAttrName="TransmittalPurpose"
      EntityUsage="RacaReqs"
      AliasName="TRANSMITTAL_PURPOSE" >
      <Properties>
         <SchemaBasedProperties>
            <LABEL
               ResId="TransmittalPurpose_LABEL"/>
         </SchemaBasedProperties>
      </Properties>
   </ViewAttribute>
   <ViewAttribute
      Name="OtherTransmittalPurpose"
      EntityAttrName="OtherTransmittalPurpose"
      EntityUsage="RacaReqs"
      AliasName="OTHER_TRANSMITTAL_PURPOSE" >
      <Properties
          >
         <SchemaBasedProperties
            >
            <DISPLAYWIDTH
               Value="50" >
            </DISPLAYWIDTH>
            <LABEL
               ResId="OtherTransmittalPurpose_LABEL"/>
         </SchemaBasedProperties>
      </Properties>
   </ViewAttribute>
   <ViewAttribute
      Name="JobCodeDescription"
      EntityAttrName="JobCodeDescription"
      EntityUsage="RacaReqs"
      AliasName="JOB_CODE_DESCRIPTION" >
      <Properties
          >
         <SchemaBasedProperties
            >
            <DISPLAYWIDTH
               Value="50" >
            </DISPLAYWIDTH>
            <LABEL
               ResId="JobCodeDescription_LABEL"/>
         </SchemaBasedProperties>
      </Properties>
   </ViewAttribute>
   <ViewAttribute
      Name="ExpirationDate"
      EntityAttrName="ExpirationDate"
      EntityUsage="RacaReqs"
      AliasName="EXPIRATION_DATE" >
      <Properties>
         <SchemaBasedProperties>
            <LABEL
               ResId="ExpirationDate_LABEL"/>
         </SchemaBasedProperties>
      </Properties>
   </ViewAttribute>
   <ViewAttribute
      Name="RestrictionAnnualSpend"
      EntityAttrName="RestrictionAnnualSpend"
      EntityUsage="RacaReqs"
      AliasName="RESTRICTION_ANNUAL_SPEND" >
      <Properties>
         <SchemaBasedProperties>
            <LABEL
               ResId="RestrictionAnnualSpend_LABEL"/>
         </SchemaBasedProperties>
      </Properties>
   </ViewAttribute>
   <ViewAttribute
      Name="AgreementAopAttached"
      EntityAttrName="AgreementAopAttached"
      EntityUsage="RacaReqs"
      AliasName="AGREEMENT_AOP_ATTACHED" >
      <Properties>
         <SchemaBasedProperties>
            <LABEL
               ResId="AgreementAopAttached_LABEL"/>
         </SchemaBasedProperties>
      </Properties>
   </ViewAttribute>
   <ViewAttribute
      Name="WorkplanAttached"
      EntityAttrName="WorkplanAttached"
      EntityUsage="RacaReqs"
      AliasName="WORKPLAN_ATTACHED" >
      <Properties>
         <SchemaBasedProperties>
            <LABEL
               ResId="WorkplanAttached_LABEL"/>
         </SchemaBasedProperties>
      </Properties>
   </ViewAttribute>
   <ViewAttribute
      Name="VerifiedDate"
      EntityAttrName="VerifiedDate"
      EntityUsage="RacaReqs"
      AliasName="VERIFIED_DATE" >
      <Properties>
         <SchemaBasedProperties>
            <LABEL
               ResId="VerifiedDate_LABEL"/>
         </SchemaBasedProperties>
      </Properties>
   </ViewAttribute>
   <ViewAttribute
      Name="BillingDocumentDate"
      EntityAttrName="BillingDocumentDate"
      EntityUsage="RacaReqs"
      AliasName="BILLING_DOCUMENT_DATE" >
      <Properties>
         <SchemaBasedProperties>
            <LABEL
               ResId="BillingDocumentDate_LABEL"/>
         </SchemaBasedProperties>
      </Properties>
   </ViewAttribute>
   <ViewAttribute
      Name="DateNotificationIssued"
      EntityAttrName="DateNotificationIssued"
      EntityUsage="RacaReqs"
      AliasName="DATE_NOTIFICATION_ISSUED" >
      <Properties>
         <SchemaBasedProperties>
            <LABEL
               ResId="DateNotificationIssued_LABEL"/>
         </SchemaBasedProperties>
      </Properties>
   </ViewAttribute>
   <ViewAttribute
      Name="JobCodes"
      EntityAttrName="JobCodes"
      EntityUsage="RacaReqs"
      AliasName="JOB_CODES" >
      <Properties>
         <SchemaBasedProperties>
            <LABEL
               ResId="JobCodes_LABEL"/>
         </SchemaBasedProperties>
      </Properties>
   </ViewAttribute>
   <ViewAttribute
      Name="CurrentBfyAmount"
      EntityAttrName="CurrentBfyAmount"
      EntityUsage="RacaReqs"
      AliasName="CURRENT_BFY_AMOUNT" >
      <Properties>
         <SchemaBasedProperties>
            <LABEL
               ResId="CurrentBfyAmount_LABEL"/>
         </SchemaBasedProperties>
      </Properties>
   </ViewAttribute>
   <ViewAttribute
      Name="Status"
      IsNotNull="true"
      EntityAttrName="Status"
      EntityUsage="RacaReqs"
      AliasName="STATUS" >
      <Properties>
         <SchemaBasedProperties>
            <LABEL
               ResId="Status_LABEL"/>
         </SchemaBasedProperties>
      </Properties>
   </ViewAttribute>
   <ViewAttribute
      Name="StatusDate"
      IsNotNull="true"
      EntityAttrName="StatusDate"
      EntityUsage="RacaReqs"
      AliasName="STATUS_DATE" >
      <Properties>
         <SchemaBasedProperties>
            <LABEL
               ResId="StatusDate_LABEL"/>
         </SchemaBasedProperties>
      </Properties>
   </ViewAttribute>
   <ViewAttribute
      Name="Comments"
      EntityAttrName="Comments"
      EntityUsage="RacaReqs"
      AliasName="COMMENTS" >
      <Properties
          >
         <SchemaBasedProperties
            >
            <DISPLAYWIDTH
               Value="60" >
            </DISPLAYWIDTH>
            <LABEL
               ResId="Comments_LABEL"/>
         </SchemaBasedProperties>
      </Properties>
   </ViewAttribute>
   <ViewAttribute
      Name="TreasurySymbol"
      EntityAttrName="TreasurySymbol"
      EntityUsage="RacaReqs"
      AliasName="TREASURY_SYMBOL" >
      <Properties>
         <SchemaBasedProperties>
            <LABEL
               ResId="TreasurySymbol_LABEL"/>
         </SchemaBasedProperties>
      </Properties>
   </ViewAttribute>
   <ViewAttribute
      Name="ObligatingDocNo"
      EntityAttrName="ObligatingDocNo"
      EntityUsage="RacaReqs"
      AliasName="OBLIGATING_DOC_NO" >
      <Properties>
         <SchemaBasedProperties>
            <LABEL
               ResId="ObligatingDocNo_LABEL"/>
         </SchemaBasedProperties>
      </Properties>
   </ViewAttribute>
   <ViewAttribute
      Name="Fs6500243Attached"
      EntityAttrName="Fs6500243Attached"
      EntityUsage="RacaReqs"
      AliasName="FS_6500_243_ATTACHED" >
   </ViewAttribute>
   <ViewLinkAccessor
      Name="RacaReqStatusesView"
      ViewLink="gov.usda.fs.nrm.gacommon.model.dataaccess.raca.RacaReqsRacaReqStatusesLk"
      Type="oracle.jbo.RowIterator"
      IsUpdateable="false" >
   </ViewLinkAccessor>
   <ViewLinkAccessor
      Name="RacaAgmtView"
      ViewLink="gov.usda.fs.nrm.gacommon.model.dataaccess.raca.RacaAgmtRacaReqsLk"
      Type="oracle.jbo.Row"
      Reversed="true"
      IsUpdateable="false" >
   </ViewLinkAccessor>
   <ViewLinkAccessor
      Name="RacaJobCodeNotifView"
      ViewLink="gov.usda.fs.nrm.gacommon.model.dataaccess.raca.jobcode.RacaReqsJobCodeNotifLk"
      Type="oracle.jbo.RowIterator"
      IsUpdateable="false" >
   </ViewLinkAccessor>
   <ResourceBundle>
      <PropertiesBundle
         PropertiesFile="gov.usda.fs.nrm.gacommon.model.ModelBundle"/>
   </ResourceBundle>
</ViewObject>
