<?xml version='1.0' encoding='windows-1252' ?>
<!DOCTYPE ViewObject SYSTEM "jbo_03_01.dtd">
<!---->


<ViewObject
   xmlns="http://xmlns.oracle.com/bc4j"
   Name="RacaAgmtView"
   Version="12.2.1.22.48"
   SelectList="AiRacaAgmtAppV.CN, 
       AiRacaAgmtAppV.ID, 
       AiRacaAgmtAppV.NAME, 
       AiRacaAgmtAppV.OBJ_TECH, 
       AiRacaAgmtAppV.OBJ_NAME, 
       AiRacaAgmtAppV.OBJ_CLASS, 
       AiRacaAgmtAppV.DESCRIPTION, 
       AiRacaAgmtAppV.MANAGING_CONT_CN, 
       AiRacaAgmtAppV.SECURITY_ID, 
       AiRacaAgmtAppV.RACA_AGMT_CN, 
       AiRacaAgmtAppV.COLLECTION_TYPE, 
       AiRacaAgmtAppV.COOPERATOR_AGREEMENT_NO, 
       AiRacaAgmtAppV.PROJECT_TITLE, 
       AiRacaAgmtAppV.COOPERATOR_CASH_CONTRIBUTION, 
       AiRacaAgmtAppV.EXPIRATION_DATE, 
       AiRacaAgmtAppV.ASSESS_OVERHEAD_DOCUMENTED, 
       AiRacaAgmtAppV.ASSESS_OVERHEAD, 
       AiRacaAgmtAppV.FSH_1909_13_1A, 
       AiRacaAgmtAppV.FSH_1909_13_1B, 
       AiRacaAgmtAppV.FSH_1909_13_3, 
       AiRacaAgmtAppV.AGREEMENT_EFFECTIVE_DATE, 
       AiRacaAgmtAppV.DATE_AGREEMENT_RECEIVED_ASC, 
       AiRacaAgmtAppV.DATE_CLOSED_BY_FINANCE_MGT, 
       AiRacaAgmtAppV.JOB_CODES, 
       AiRacaAgmtAppV.FUND, 
       AiRacaAgmtAppV.PROGRAM, 
       AiRacaAgmtAppV.RPTG, 
       AiRacaAgmtAppV.BRANCH_HANDLING_AGREEMENT, 
       AiRacaAgmtAppV.FFIS_AGREEMENT_NO, 
       AiRacaAgmtAppV.STATUS, 
       AiRacaAgmtAppV.STATUS_DATE, 
       AiRacaAgmtAppV.COMMENTS, 
       AiRacaAgmtAppV.BUDGET_ORG_CODE, 
       AiRacaAgmtAppV.AGREEMENT_SUBTYPE"
   FromList="II_AI_RACA_AGMT_APP_V AiRacaAgmtAppV"
   BindingStyle="OracleName"
   CustomQuery="false"
   RowClass="gov.usda.fs.nrm.gacommon.model.dataaccess.raca.RacaAgmtViewRowImpl"
   ComponentClass="gov.usda.fs.nrm.gacommon.model.dataaccess.raca.RacaAgmtViewImpl"
   PageIterMode="Partial"
   AccessMode="DEFAULT">
   <DesignTime>
      <Attr Name="_codeGenFlag2" Value="Access|Coll" />
      <Attr Name="_isCodegen" Value="true" />
   </DesignTime>
   <ViewAccessor
      Name="LovOrg1"
      ViewObjectName="gov.usda.fs.nrm.gacommon.model.dataaccess.raca.lov.LovOrg"
      RowLevelBinds="true"/>
   <ViewAccessor
      Name="LovFund1"
      ViewObjectName="gov.usda.fs.nrm.gacommon.model.dataaccess.raca.lov.LovFund"
      RowLevelBinds="true"/>
   <ViewAccessor
      Name="LovProgram1"
      ViewObjectName="gov.usda.fs.nrm.gacommon.model.dataaccess.raca.lov.LovProgram"
      RowLevelBinds="true"/>
   <ViewAccessor
      Name="LovFFISBudget1"
      ViewObjectName="gov.usda.fs.nrm.gacommon.model.dataaccess.raca.lov.LovFFISBudget"
      RowLevelBinds="true"/>
   <ListBinding
      Name="LOV_SecurityId"
      ListVOName="LovOrg1"
      NullValueFlag="none"
      MRUCount="0"
      ComboRowCountHint="10">
      <AttrArray Name="AttrNames">
         <Item Value="SecurityId"/>
      </AttrArray>
      <AttrArray Name="AttrExpressions"/>
      <AttrArray Name="ListAttrNames">
         <Item Value="Org"/>
      </AttrArray>
      <AttrArray Name="ListDisplayAttrNames">
         <Item Value="Org"/>
         <Item Value="Description"/>
      </AttrArray>
      <DisplayCriteria/>
   </ListBinding>
   <ListBinding
      Name="LOV_Fund"
      ListVOName="LovFund1"
      ComboRowCountHint="10"
      NullValueFlag="none"
      MRUCount="0">
      <AttrArray Name="AttrNames">
         <Item Value="Fund"/>
      </AttrArray>
      <AttrArray Name="AttrExpressions"/>
      <AttrArray Name="ListAttrNames">
         <Item Value="Name"/>
      </AttrArray>
      <AttrArray Name="ListDisplayAttrNames">
         <Item Value="Name"/>
         <Item Value="Description"/>
      </AttrArray>
      <DisplayCriteria/>
   </ListBinding>
   <ListBinding
      Name="LOV_Program"
      ListVOName="LovProgram1"
      NullValueFlag="none"
      MRUCount="0"
      ComboRowCountHint="10">
      <AttrArray Name="AttrNames">
         <Item Value="Program"/>
      </AttrArray>
      <AttrArray Name="AttrExpressions"/>
      <AttrArray Name="ListAttrNames">
         <Item Value="Name"/>
      </AttrArray>
      <AttrArray Name="ListDisplayAttrNames">
         <Item Value="Name"/>
         <Item Value="Description"/>
      </AttrArray>
      <DisplayCriteria/>
   </ListBinding>
   <ListBinding
      Name="LOV_BudgetOrgCode"
      ListVOName="LovFFISBudget1"
      ComboRowCountHint="10"
      NullValueFlag="none"
      MRUCount="0">
      <AttrArray Name="AttrNames">
         <Item Value="BudgetOrgCode"/>
      </AttrArray>
      <AttrArray Name="AttrExpressions"/>
      <AttrArray Name="ListAttrNames">
         <Item Value="BudgetOrgCode"/>
      </AttrArray>
      <AttrArray Name="ListDisplayAttrNames">
         <Item Value="BudgetOrgCode"/>
      </AttrArray>
      <DisplayCriteria/>
   </ListBinding>
   <EntityUsage
      Name="AiRacaAgmtAppV"
      Entity="gov.usda.fs.nrm.gacommon.model.entity.raca.AiRacaAgmtAppV" >
   </EntityUsage>
   <ViewAttribute
      Name="Cn"
      IsNotNull="true"
      EntityAttrName="Cn"
      EntityUsage="AiRacaAgmtAppV"
      AliasName="CN" >
   </ViewAttribute>
   <ViewAttribute
      Name="Id"
      IsNotNull="true"
      EntityAttrName="Id"
      EntityUsage="AiRacaAgmtAppV"
      AliasName="ID" >
      <Properties>
         <SchemaBasedProperties>
            <LABEL
               ResId="gov.usda.fs.nrm.gacommon.model.dataaccess.raca.RacaAgmtView.Id_LABEL"/>
         </SchemaBasedProperties>
      </Properties>
   </ViewAttribute>
   <ViewAttribute
      Name="Name"
      EntityAttrName="Name"
      EntityUsage="AiRacaAgmtAppV"
      AliasName="NAME" >
   </ViewAttribute>
   <ViewAttribute
      Name="ObjTech"
      IsNotNull="true"
      EntityAttrName="ObjTech"
      EntityUsage="AiRacaAgmtAppV"
      AliasName="OBJ_TECH" >
   </ViewAttribute>
   <ViewAttribute
      Name="ObjName"
      IsNotNull="true"
      EntityAttrName="ObjName"
      EntityUsage="AiRacaAgmtAppV"
      AliasName="OBJ_NAME" >
      <Properties>
         <SchemaBasedProperties>
            <LABEL
               ResId="ObjName_LABEL"/>
         </SchemaBasedProperties>
      </Properties>
   </ViewAttribute>
   <ViewAttribute
      Name="ObjClass"
      IsNotNull="true"
      EntityAttrName="ObjClass"
      EntityUsage="AiRacaAgmtAppV"
      AliasName="OBJ_CLASS" >
   </ViewAttribute>
   <ViewAttribute
      Name="Description"
      EntityAttrName="Description"
      EntityUsage="AiRacaAgmtAppV"
      AliasName="DESCRIPTION" >
   </ViewAttribute>
   <ViewAttribute
      Name="ManagingContCn"
      EntityAttrName="ManagingContCn"
      EntityUsage="AiRacaAgmtAppV"
      AliasName="MANAGING_CONT_CN" >
   </ViewAttribute>
   <ViewAttribute
      Name="SecurityId"
      IsNotNull="true"
      EntityAttrName="SecurityId"
      EntityUsage="AiRacaAgmtAppV"
      AliasName="SECURITY_ID"
      LOVName="LOV_SecurityId">
      <Properties>
         <SchemaBasedProperties>
            <LABEL
               ResId="SecurityId_LABEL"/>
            <CONTROLTYPE
               Value="input_text_lov"/>
         </SchemaBasedProperties>
      </Properties>
   </ViewAttribute>
   <ViewAttribute
      Name="RacaAgmtCn"
      EntityAttrName="RacaAgmtCn"
      EntityUsage="AiRacaAgmtAppV"
      AliasName="RACA_AGMT_CN" >
   </ViewAttribute>
   <ViewAttribute
      Name="CollectionType"
      EntityAttrName="CollectionType"
      EntityUsage="AiRacaAgmtAppV"
      AliasName="COLLECTION_TYPE" >
      <Properties>
         <SchemaBasedProperties>
            <LABEL
               ResId="CollectionType_LABEL"/>
         </SchemaBasedProperties>
      </Properties>
   </ViewAttribute>
   <ViewAttribute
      Name="CooperatorAgreementNo"
      EntityAttrName="CooperatorAgreementNo"
      EntityUsage="AiRacaAgmtAppV"
      AliasName="COOPERATOR_AGREEMENT_NO" >
      <Properties>
         <SchemaBasedProperties>
            <LABEL
               ResId="CooperatorAgreementNo_LABEL"/>
         </SchemaBasedProperties>
      </Properties>
   </ViewAttribute>
   <ViewAttribute
      Name="ProjectTitle"
      EntityAttrName="ProjectTitle"
      EntityUsage="AiRacaAgmtAppV"
      AliasName="PROJECT_TITLE" >
      <Properties>
         <SchemaBasedProperties>
            <LABEL
               ResId="ProjectTitle_LABEL"/>
         </SchemaBasedProperties>
      </Properties>
   </ViewAttribute>
   <ViewAttribute
      Name="CooperatorCashContribution"
      EntityAttrName="CooperatorCashContribution"
      EntityUsage="AiRacaAgmtAppV"
      AliasName="COOPERATOR_CASH_CONTRIBUTION" >
      <Properties>
         <SchemaBasedProperties>
            <LABEL
               ResId="CooperatorCashContribution_LABEL"/>
         </SchemaBasedProperties>
      </Properties>
   </ViewAttribute>
   <ViewAttribute
      Name="ExpirationDate"
      EntityAttrName="ExpirationDate"
      EntityUsage="AiRacaAgmtAppV"
      AliasName="EXPIRATION_DATE" >
      <Properties>
         <SchemaBasedProperties>
            <LABEL
               ResId="ExpirationDate_LABEL"/>
         </SchemaBasedProperties>
      </Properties>
   </ViewAttribute>
   <ViewAttribute
      Name="AssessOverheadDocumented"
      EntityAttrName="AssessOverheadDocumented"
      EntityUsage="AiRacaAgmtAppV"
      AliasName="ASSESS_OVERHEAD_DOCUMENTED" >
   </ViewAttribute>
   <ViewAttribute
      Name="AssessOverhead"
      EntityAttrName="AssessOverhead"
      EntityUsage="AiRacaAgmtAppV"
      AliasName="ASSESS_OVERHEAD" >
   </ViewAttribute>
   <ViewAttribute
      Name="Fsh1909131a"
      EntityAttrName="Fsh1909131a"
      EntityUsage="AiRacaAgmtAppV"
      AliasName="FSH_1909_13_1A" >
   </ViewAttribute>
   <ViewAttribute
      Name="Fsh1909131b"
      EntityAttrName="Fsh1909131b"
      EntityUsage="AiRacaAgmtAppV"
      AliasName="FSH_1909_13_1B" >
   </ViewAttribute>
   <ViewAttribute
      Name="Fsh1909133"
      EntityAttrName="Fsh1909133"
      EntityUsage="AiRacaAgmtAppV"
      AliasName="FSH_1909_13_3" >
   </ViewAttribute>
   <ViewAttribute
      Name="AgreementEffectiveDate"
      EntityAttrName="AgreementEffectiveDate"
      EntityUsage="AiRacaAgmtAppV"
      AliasName="AGREEMENT_EFFECTIVE_DATE" >
      <Properties>
         <SchemaBasedProperties>
            <LABEL
               ResId="AgreementEffectiveDate_LABEL"/>
         </SchemaBasedProperties>
      </Properties>
   </ViewAttribute>
   <ViewAttribute
      Name="DateAgreementReceivedAsc"
      EntityAttrName="DateAgreementReceivedAsc"
      EntityUsage="AiRacaAgmtAppV"
      AliasName="DATE_AGREEMENT_RECEIVED_ASC" >
      <Properties>
         <SchemaBasedProperties>
            <LABEL
               ResId="DateAgreementReceivedAsc_LABEL"/>
         </SchemaBasedProperties>
      </Properties>
   </ViewAttribute>
   <ViewAttribute
      Name="DateClosedByFinanceMgt"
      EntityAttrName="DateClosedByFinanceMgt"
      EntityUsage="AiRacaAgmtAppV"
      AliasName="DATE_CLOSED_BY_FINANCE_MGT" >
      <Properties>
         <SchemaBasedProperties>
            <LABEL
               ResId="DateClosedByFinanceMgt_LABEL"/>
         </SchemaBasedProperties>
      </Properties>
   </ViewAttribute>
   <ViewAttribute
      Name="JobCodes"
      EntityAttrName="JobCodes"
      EntityUsage="AiRacaAgmtAppV"
      AliasName="JOB_CODES" >
      <Properties>
         <SchemaBasedProperties>
            <LABEL
               ResId="JobCodes_LABEL"/>
         </SchemaBasedProperties>
      </Properties>
   </ViewAttribute>
   <ViewAttribute
      Name="Fund"
      EntityAttrName="Fund"
      EntityUsage="AiRacaAgmtAppV"
      AliasName="FUND"
      LOVName="LOV_Fund">
      <Properties>
         <SchemaBasedProperties>
            <CONTROLTYPE
               Value="input_text_lov"/>
         </SchemaBasedProperties>
      </Properties>
   </ViewAttribute>
   <ViewAttribute
      Name="Program"
      EntityAttrName="Program"
      EntityUsage="AiRacaAgmtAppV"
      AliasName="PROGRAM"
      LOVName="LOV_Program">
      <Properties>
         <SchemaBasedProperties>
            <CONTROLTYPE
               Value="input_text_lov"/>
         </SchemaBasedProperties>
      </Properties>
   </ViewAttribute>
   <ViewAttribute
      Name="Rptg"
      EntityAttrName="Rptg"
      EntityUsage="AiRacaAgmtAppV"
      AliasName="RPTG" >
      <Properties>
         <SchemaBasedProperties>
            <LABEL
               ResId="Rptg_LABEL"/>
         </SchemaBasedProperties>
      </Properties>
   </ViewAttribute>
   <ViewAttribute
      Name="BranchHandlingAgreement"
      EntityAttrName="BranchHandlingAgreement"
      EntityUsage="AiRacaAgmtAppV"
      AliasName="BRANCH_HANDLING_AGREEMENT" >
      <Properties>
         <SchemaBasedProperties>
            <LABEL
               ResId="BranchHandlingAgreement_LABEL"/>
         </SchemaBasedProperties>
      </Properties>
   </ViewAttribute>
   <ViewAttribute
      Name="FfisAgreementNo"
      EntityAttrName="FfisAgreementNo"
      EntityUsage="AiRacaAgmtAppV"
      AliasName="FFIS_AGREEMENT_NO" >
      <Properties>
         <SchemaBasedProperties>
            <LABEL
               ResId="FfisAgreementNo_LABEL"/>
         </SchemaBasedProperties>
      </Properties>
   </ViewAttribute>
   <ViewAttribute
      Name="Status"
      EntityAttrName="Status"
      EntityUsage="AiRacaAgmtAppV"
      AliasName="STATUS" >
      <Properties>
         <SchemaBasedProperties>
            <LABEL
               ResId="Status_LABEL"/>
         </SchemaBasedProperties>
      </Properties>
   </ViewAttribute>
   <ViewAttribute
      Name="StatusDate"
      EntityAttrName="StatusDate"
      EntityUsage="AiRacaAgmtAppV"
      AliasName="STATUS_DATE" >
      <DesignTime>
         <Attr Name="_description" Value="Status"/>
      </DesignTime>
   </ViewAttribute>
   <ViewAttribute
      Name="Comments"
      EntityAttrName="Comments"
      EntityUsage="AiRacaAgmtAppV"
      AliasName="COMMENTS" >
      <Properties>
         <SchemaBasedProperties >
            <DISPLAYWIDTH
               Value="60" >
            </DISPLAYWIDTH>
            <LABEL
               ResId="Comments_LABEL"/>
         </SchemaBasedProperties>
      </Properties>
   </ViewAttribute>
   <ViewAttribute
      Name="BudgetOrgCode"
      EntityAttrName="BudgetOrgCode"
      EntityUsage="AiRacaAgmtAppV"
      AliasName="BUDGET_ORG_CODE"
      LOVName="LOV_BudgetOrgCode">
      <Properties>
         <SchemaBasedProperties>
            <LABEL
               ResId="BudgetOrgCode_LABEL"/>
            <CONTROLTYPE
               Value="input_text_lov"/>
         </SchemaBasedProperties>
      </Properties>
   </ViewAttribute>
   <ViewAttribute
      Name="AgreementSubtype"
      EntityAttrName="AgreementSubtype"
      EntityUsage="AiRacaAgmtAppV"
      AliasName="AGREEMENT_SUBTYPE" >
   </ViewAttribute>
   <ViewLinkAccessor
      Name="RacaReqsView"
      ViewLink="gov.usda.fs.nrm.gacommon.model.dataaccess.raca.RacaAgmtRacaReqsLk"
      Type="oracle.jbo.RowIterator"
      IsUpdateable="false" >
   </ViewLinkAccessor>
   <ViewLinkAccessor
      Name="RacaAgmtStatusesView"
      ViewLink="gov.usda.fs.nrm.gacommon.model.dataaccess.raca.RacaAgmtRacaAgmtStatusesLk"
      Type="oracle.jbo.RowIterator"
      IsUpdateable="false" >
   </ViewLinkAccessor>
   <ViewLinkAccessor
      Name="CooperatorsLinksView"
      ViewLink="gov.usda.fs.nrm.gacommon.model.dataaccess.raca.contacts.RacaAgmtCooperatorsLinksLk"
      Type="oracle.jbo.RowIterator"
      IsUpdateable="false" >
   </ViewLinkAccessor>
   <ViewLinkAccessor
      Name="ContactsLinksView"
      ViewLink="gov.usda.fs.nrm.gacommon.model.dataaccess.raca.contacts.RacaAgmtContactsLinksLk"
      Type="oracle.jbo.RowIterator"
      IsUpdateable="false" >
   </ViewLinkAccessor>
   <ViewLinkAccessor
      Name="RacaSpecBillingReqView"
      ViewLink="gov.usda.fs.nrm.gacommon.model.dataaccess.raca.RacaAgmtRacaSpecBillingReqLk"
      Type="oracle.jbo.RowIterator"
      IsUpdateable="false" >
   </ViewLinkAccessor>
   <ViewLinkAccessor
      Name="RacaBillsView"
      ViewLink="gov.usda.fs.nrm.gacommon.model.dataaccess.raca.bills.RacaBillsRacaAgmtLk"
      Type="oracle.jbo.RowIterator"
      IsUpdateable="false" >
   </ViewLinkAccessor>
   <ViewLinkAccessor
      Name="RacaCloseoutReasonsView"
      ViewLink="gov.usda.fs.nrm.gacommon.model.dataaccess.raca.RacaClosReson2RacaAgmtFkLk"
      Type="oracle.jbo.RowIterator"
      IsUpdateable="false" >
   </ViewLinkAccessor>
   <ResourceBundle>
      <PropertiesBundle
         PropertiesFile="gov.usda.fs.nrm.gacommon.model.ModelBundle"/>
   </ResourceBundle>
</ViewObject>
