<?xml version='1.0' encoding='windows-1252' ?>
<!DOCTYPE ViewObject SYSTEM "jbo_03_01.dtd">
<!---->

<ViewObject
   xmlns="http://xmlns.oracle.com/bc4j"
   Name="ReportServer"
   Version="12.2.1.22.48"
   BindingStyle="OracleName"
   CustomQuery="true"
   PageIterMode="Partial"
   AccessMode="DEFAULT"
   RowClass="gov.usda.fs.nrm.gacommon.model.dataaccess.raca.ReportServerRowImpl"
   ComponentClass="gov.usda.fs.nrm.gacommon.model.dataaccess.raca.ReportServerImpl">
   <DesignTime>
      <Attr Name="_isExpertMode" Value="true"/>
      <Attr Name="_codeGenFlag2" Value="Access|Coll"/>
      <Attr Name="_isCodegen" Value="true"/>
   </DesignTime>
   <SQLQuery><![CDATA[select profile_value as Server_Name from ii_infra_site_profiles where profile_type='INFRAWEB_REPORT_SERVER']]></SQLQuery>
   <ViewAttribute
      Name="ServerName"
      IsUpdateable="false"
      IsPersistent="false"
      IsNotNull="true"
      Precision="240"
      Type="java.lang.String"
      ColumnType="VARCHAR2"
      AliasName="SERVER_NAME"
      Expression="SERVER_NAME"
      SQLType="VARCHAR" >
      <DesignTime>
         <Attr Name="_DisplaySize" Value="240" />
      </DesignTime>
   </ViewAttribute>
</ViewObject>
