<?xml version="1.0" encoding="windows-1252" ?>
<adfc-config xmlns="http://xmlns.oracle.com/adf/controller" version="1.2">
  <task-flow-definition id="adf-ffatarejects-flow">
    <default-activity>ffataContent</default-activity>
    <data-control-scope>
      <shared/>
    </data-control-scope>
    <managed-bean id="__1">
      <managed-bean-name>ffataBean</managed-bean-name>
      <managed-bean-class>gov.usda.fs.nrm.gacommon.view.bean.ffatarejects.FfataMessageLogBean</managed-bean-class>
      <managed-bean-scope>request</managed-bean-scope>
    </managed-bean>
    <view id="ffataContent">
      <page>/fragments/ffatarejects/ffataContent.jsff</page>
    </view>
    <use-page-fragments/>
  </task-flow-definition>
</adfc-config>
