<?xml version="1.0" encoding="windows-1252" ?>
<adfc-config xmlns="http://xmlns.oracle.com/adf/controller" version="1.2">
 <metadata-resource id="__1">/WEB-INF/raca/adfc-raca-flow.xml</metadata-resource>
 <exception-handler>UnboundedErrorHandle</exception-handler>
  <method-call id="UnboundedErrorHandle">
    <method>#{backingBeanScope.unboundedTaskFlowErrorHandleBean.controllerExceptionHandler}</method>
    <outcome>
      <fixed-outcome>error</fixed-outcome>
    </outcome>
  </method-call>
  <managed-bean id="__10">
    <managed-bean-name>unboundedTaskFlowErrorHandleBean</managed-bean-name>
    <managed-bean-class>gov.usda.fs.nrm.gacommon.view.exceptions.UnboundedTaskFlowErrorHandleBean</managed-bean-class>
    <managed-bean-scope>backingBean</managed-bean-scope>
  </managed-bean>
   <managed-bean id="__2">
    <managed-bean-name>saveToolbarBean</managed-bean-name>
    <managed-bean-class>gov.usda.fs.nrm.gacommon.view.toolbar.SaveToolbarBean</managed-bean-class>
    <managed-bean-scope>request</managed-bean-scope>
  </managed-bean>
  <managed-bean id="__3">
    <managed-bean-name>revertToolbarBean</managed-bean-name>
    <managed-bean-class>gov.usda.fs.nrm.gacommon.view.toolbar.RevertToolbarBean</managed-bean-class>
    <managed-bean-scope>request</managed-bean-scope>
  </managed-bean>
  <managed-bean id="__5">
    <managed-bean-name>returnToolbarBean</managed-bean-name>
    <managed-bean-class>gov.usda.fs.nrm.gacommon.view.toolbar.ReturnToolbarBean</managed-bean-class>
    <managed-bean-scope>request</managed-bean-scope>
  </managed-bean>
  <managed-bean id="__4">
    <managed-bean-name>attachmentToolbarBean</managed-bean-name>
    <managed-bean-class>gov.usda.fs.nrm.gacommon.view.toolbar.AttachmentToolbarBean</managed-bean-class>
    <managed-bean-scope>request</managed-bean-scope>
  </managed-bean>
   <managed-bean id="__7">
    <managed-bean-name>racaBean</managed-bean-name>
    <managed-bean-class>gov.usda.fs.nrm.gacommon.view.bean.raca.RacaBean</managed-bean-class>
    <managed-bean-scope>session</managed-bean-scope>
  </managed-bean>
  <managed-bean id="__6">
    <managed-bean-name>racaUserBean</managed-bean-name>
    <managed-bean-class>gov.usda.fs.nrm.gacommon.view.bean.raca.RacaUserBean</managed-bean-class>
    <managed-bean-scope>session</managed-bean-scope>
  </managed-bean>
<managed-bean id="__8">
    <managed-bean-name>collectionReqBean</managed-bean-name>
    <managed-bean-class>gov.usda.fs.nrm.gacommon.view.bean.raca.collections.CollectionReqBean</managed-bean-class>
    <managed-bean-scope>request</managed-bean-scope>
  </managed-bean>
  <managed-bean id="__9">
    <managed-bean-name>statusDialogBean</managed-bean-name>
    <managed-bean-class>gov.usda.fs.nrm.gacommon.view.bean.raca.StatusDialogBean</managed-bean-class>
    <managed-bean-scope>request</managed-bean-scope>
  </managed-bean>
  <managed-bean id="__11">
    <managed-bean-name>userBean</managed-bean-name>
    <managed-bean-class>gov.usda.fs.nrm.framework.view.UserBean</managed-bean-class>
    <managed-bean-scope>request</managed-bean-scope>
  </managed-bean>
</adfc-config>
