<?xml version="1.0" encoding="windows-1252"?>
<faces-config version="2.1" xmlns="http://java.sun.com/xml/ns/javaee">
  <application>
  
    <default-render-kit-id>oracle.adf.rich</default-render-kit-id>
    <locale-config>
      <default-locale>en</default-locale>
      <supported-locale>en_US</supported-locale>
    </locale-config>
  </application>
 <validator>
    <validator-id>EmailValidator</validator-id>
    <validator-class>gov.usda.fs.nrm.gacommon.view.utils.EmailValidator</validator-class>
  </validator>
</faces-config>