<?xml version="1.0" encoding="ISO-8859-1"?>

<skins xmlns="http://myfaces.apache.org/trinidad/skin">
    <skin>
        <id>twitter.desktop</id>
        <family>twitter</family>
        <extends>gacommon-fusion.desktop</extends>
        <render-kit-id>org.apache.myfaces.trinidad.desktop</render-kit-id>
        <style-sheet-name>skins/innovation.css</style-sheet-name>
        <bundle-name>adf/sample/view.skinBundle</bundle-name>        
    </skin>
    <!--skin>
        <id>nrm-skin.desktop</id>
        <family>nrm-skin</family>
        <extends>fusion</extends>
        <render-kit-id>org.apache.myfaces.trinidad.desktop</render-kit-id>
        <style-sheet-name>skins/nrm-skin/nrm-skin.css</style-sheet-name>
        <bundle-name>gov/usda/fs/nrm/namp/view.skinBundle</bundle-name>
    </skin-->
    <skin>
        <id>gacommon-fusion.desktop</id>
        <family>gacommon-fusion</family>
        <extends>fusion.desktop</extends>
        <render-kit-id>org.apache.myfaces.trinidad.desktop</render-kit-id>
        <style-sheet-name>skins/gacommon-fusion/gacommon-fusion.css</style-sheet-name>
        <bundle-name>gov/usda/fs/nrm/namp/view.skinBundle</bundle-name>
    </skin>
</skins>