<?xml version = '1.0' encoding = 'windows-1252'?>
<weblogic-web-app xmlns:xsi="http://www.w3.org/2001/XMLSchema-instance"
                  xsi:schemaLocation="http://xmlns.oracle.com/weblogic/weblogic-web-app http://xmlns.oracle.com/weblogic/weblogic-web-app/1.1/weblogic-web-app.xsd"
                  xmlns="http://xmlns.oracle.com/weblogic/weblogic-web-app">
  <session-descriptor>
    <!--  This should be specific to the application - probably best to use the app's URL context as the cookie-path --> 
    <cookie-path>/gacommon</cookie-path>
  </session-descriptor>
  <container-descriptor>
    <show-archived-real-path-enabled>true</show-archived-real-path-enabled>
  </container-descriptor>

</weblogic-web-app>