<?xml version="1.0" encoding="windows-1252" ?>
<adfc-config xmlns="http://xmlns.oracle.com/adf/controller" version="1.2">
  <task-flow-definition id="codevalues-task-flow-definition">
    <default-activity>codevalues</default-activity>
    <transaction>
      <requires-transaction/>
    </transaction>
    <data-control-scope>
      <shared/>
    </data-control-scope>
    <view id="codevalues">
      <page>/fragments/gacodes/codevalues.jsff</page>
    </view>
    <use-page-fragments/>
  </task-flow-definition>
</adfc-config>
