<?xml version="1.0" encoding="UTF-8" ?>
<weblogic-application xmlns:xsi="http://www.w3.org/2001/XMLSchema-instance"
                  xsi:schemaLocation="http://java.sun.com/xml/ns/javaee http://java.sun.com/xml/ns/javaee/web-app_2_5.xsd http://xmlns.oracle.com/weblogic/weblogic-web-app http://xmlns.oracle.com/weblogic/weblogic-web-app/1.5/weblogic-web-app.xsd"		  
                  xmlns="http://xmlns.oracle.com/weblogic/weblogic-web-app">
   <library-ref>
    <library-name>adf.oracle.domain</library-name>
  </library-ref>
  <library-ref>
    <library-name>oracle.jsp.next</library-name>
  </library-ref>
  <library-ref>
    <library-name>oracle.webcenter.framework</library-name>
  </library-ref>
  <library-ref>
    <library-name>owasp.esapi</library-name>
  </library-ref>
  <library-ref>
    <library-name>oracle.sdp.client</library-name>
  </library-ref> 
  <listener>
    <listener-class>oracle.mds.lcm.weblogic.WLLifecycleListener</listener-class>
  </listener>
  <xml>
    <parser-factory>
      <saxparser-factory>
        oracle.xml.jaxp.JXSAXParserFactory
      </saxparser-factory>
      <document-builder-factory>
        oracle.xml.jaxp.JXDocumentBuilderFactory
      </document-builder-factory>
      <transformer-factory>
        oracle.xml.jaxp.JXSAXTransformerFactory
      </transformer-factory>
    </parser-factory>
  </xml>
  <listener>
    <listener-class>oracle.security.jps.wls.listeners.JpsAppVersionLifecycleListener</listener-class>
  </listener>
  <listener>
    <listener-class>oracle.adf.share.weblogic.listeners.ADFApplicationLifecycleListener</listener-class>
  </listener>
</weblogic-application>
