<?xml version="1.0" encoding="UTF-8" ?>
<pageDefinition xmlns="http://xmlns.oracle.com/adfm/uimodel"
                version="11.1.1.64.93" id="termsAndConditionsPageDef"
                Package="com.darden.krowd.loginflow.jsff">
  <parameters/>
  <executables>
    <variableIterator id="variables"/>
    <taskFlow id="doclibcontentpresenter1"
              taskFlowId="/oracle/webcenter/doclib/view/jsf/taskflows/presenter/contentPresenter.xml#doclib-content-presenter"
              activation="deferred"
              xmlns="http://xmlns.oracle.com/adf/controller/binding"
              Refresh="ifNeeded">
      <parameters>
        <parameter id="taskFlowInstId" value="${'TNC'}"/>
        <parameter id="datasourceType" value="${'dsTypeSingleNode'}"/>
        <parameter id="datasource"
                   value="${pageFlowScope.activationBean.termsAndConditions}"/>
        <parameter id="templateCategory" value="${''}"/>
        <parameter id="templateView" value="${'TermsAndConditions'}"/>
        <parameter id="regionTemplate" value="${false}"/>
      </parameters>
    </taskFlow>
  </executables>
  <bindings/>
</pageDefinition>
