<?xml version="1.0" encoding="UTF-8" ?>
<pageDefinition xmlns="http://xmlns.oracle.com/adfm/uimodel" version="12.2.1.22.48" id="racamainPageDef"
                Package="gov.pageDefs">
  <parameters/>
  <executables>
    <variableIterator id="variables"/>
    <taskFlow id="gacontext2" taskFlowId="/WEB-INF/raca/adf-raca-context.xml#gacontext" activation="deferred"
              xmlns="http://xmlns.oracle.com/adf/controller/binding"/>
    <iterator Binds="RacaAgmtView" RangeSize="25" DataControl="GACommonServiceDataControl" id="RacaAgmtViewIterator"/>
  </executables>
  <bindings>
    <tree IterBinding="RacaAgmtViewIterator" id="RacaAgmtView">
      <nodeDefinition DefName="gov.usda.fs.nrm.gacommon.model.dataaccess.raca.RacaAgmtView" Name="RacaAgmtView0">
        <AttrNames>
          <Item Value="Cn"/>
          <Item Value="Id"/>
          <Item Value="Name"/>
          <Item Value="ObjTech"/>
          <Item Value="ObjName"/>
          <Item Value="ObjClass"/>
          <Item Value="Description"/>
          <Item Value="ManagingContCn"/>
          <Item Value="SecurityId"/>
          <Item Value="RacaAgmtCn"/>
          <Item Value="CollectionType"/>
          <Item Value="CooperatorAgreementNo"/>
          <Item Value="ProjectTitle"/>
          <Item Value="CooperatorCashContribution"/>
          <Item Value="ExpirationDate"/>
          <Item Value="AssessOverheadDocumented"/>
          <Item Value="AssessOverhead"/>
          <Item Value="Fsh1909131a"/>
          <Item Value="Fsh1909131b"/>
          <Item Value="Fsh1909133"/>
          <Item Value="AgreementEffectiveDate"/>
          <Item Value="DateAgreementReceivedAsc"/>
          <Item Value="DateClosedByFinanceMgt"/>
          <Item Value="JobCodes"/>
          <Item Value="Fund"/>
          <Item Value="Program"/>
          <Item Value="Rptg"/>
          <Item Value="BranchHandlingAgreement"/>
          <Item Value="FfisAgreementNo"/>
          <Item Value="Status"/>
          <Item Value="StatusDate"/>
          <Item Value="Comments"/>
          <Item Value="BudgetOrgCode"/>
          <Item Value="AgreementSubtype"/>
        </AttrNames>
      </nodeDefinition>
    </tree>
  </bindings>
</pageDefinition>
