<?xml version="1.0" encoding="UTF-8" ?>
<pageDefinition xmlns="http://xmlns.oracle.com/adfm/uimodel" version="12.2.1.22.48" id="racaPageDef"
                Package="gov.pageDefs"  ControllerClass="gov.usda.fs.nrm.gacommon.view.controller.FilterPageController">
  <parameters/>
  <executables>
    <variableIterator id="variables"/>
    <taskFlow id="gacontext1" taskFlowId="/WEB-INF/raca/adf-raca-context.xml#gacontext" activation="deferred"
              xmlns="http://xmlns.oracle.com/adf/controller/binding"/>
    <iterator Binds="RacaAgmtView" RangeSize="10" DataControl="GACommonServiceDataControl" id="RacaAgmtViewIterator"/>
  </executables>
  <bindings>
    <methodAction id="getDomainName" RequiresUpdateModel="true" Action="invokeMethod" MethodName="getDomainName"
                  IsViewObjectMethod="false" DataControl="GACommonServiceDataControl"
                  InstanceName="bindings.getDomainName.dataControl.dataProvider"
                  ReturnName="data.GACommonServiceDataControl.methodResults.getDomainName_getDomainName_dataControl_dataProvider_getDomainName_result"/>
    <methodAction id="getReportServerName" RequiresUpdateModel="true" Action="invokeMethod"
                  MethodName="getReportServerName" IsViewObjectMethod="false" DataControl="GACommonServiceDataControl"
                  InstanceName="bindings.getReportServerName.dataControl.dataProvider"
                  ReturnName="data.GACommonServiceDataControl.methodResults.getReportServerName_getReportServerName_dataControl_dataProvider_getReportServerName_result"/>
    <attributeValues IterBinding="RacaAgmtViewIterator" id="Cn">
      <AttrNames>
        <Item Value="Cn"/>
      </AttrNames>
    </attributeValues>
  </bindings>
</pageDefinition>
