<?xml version="1.0" encoding="windows-1252" ?>
<adfc-config xmlns="http://xmlns.oracle.com/adf/controller" version="1.2">
<metadata-resource>/WEB-INF/adfc-raca-flow.xml</metadata-resource>
 <exception-handler>UnboundedErrorHandle</exception-handler>
  <method-call id="UnboundedErrorHandle">
    <method>#{backingBeanScope.unboundedTaskFlowErrorHandleBean.controllerExceptionHandler}</method>
    <outcome>
      <fixed-outcome>error</fixed-outcome>
    </outcome>
  </method-call>
  <managed-bean id="__1">
    <managed-bean-name>unboundedTaskFlowErrorHandleBean</managed-bean-name>
    <managed-bean-class>gov.usda.fs.iweb.raca.common.view.exceptions.UnboundedTaskFlowErrorHandleBean</managed-bean-class>
    <managed-bean-scope>backingBean</managed-bean-scope>
  </managed-bean>
   <managed-bean id="__2">
    <managed-bean-name>saveToolbarBean</managed-bean-name>
    <managed-bean-class>gov.usda.fs.iweb.raca.common.view.toolbar.RacaSaveToolbarBean</managed-bean-class>
    <managed-bean-scope>request</managed-bean-scope>
  </managed-bean>
  <managed-bean id="__3">
    <managed-bean-name>revertToolbarBean</managed-bean-name>
    <managed-bean-class>gov.usda.fs.iweb.raca.common.view.toolbar.RacaRevertToolbarBean</managed-bean-class>
    <managed-bean-scope>request</managed-bean-scope>
  </managed-bean>
  <managed-bean id="__5">
    <managed-bean-name>returnToolbarBean</managed-bean-name>
    <managed-bean-class>gov.usda.fs.iweb.raca.common.view.bean.StatusDialogBean</managed-bean-class>
    <managed-bean-scope>request</managed-bean-scope>
  </managed-bean>
  <managed-bean id="__4">
    <managed-bean-name>attachmentToolbarBean</managed-bean-name>
    <managed-bean-class>gov.usda.fs.iweb.raca.common.view.toolbar.RacaAttachmentToolbarBean</managed-bean-class>
    <managed-bean-scope>request</managed-bean-scope>
  </managed-bean>
   <managed-bean id="__7">
    <managed-bean-name>racaUserBean</managed-bean-name>
    <managed-bean-class>gov.usda.fs.iweb.raca.common.view.bean.RacaUserBean</managed-bean-class>
    <managed-bean-scope>session</managed-bean-scope>
  </managed-bean>
  <managed-bean id="__6">
    <managed-bean-name>collectionReqBean</managed-bean-name>
    <managed-bean-class>gov.usda.fs.iweb.raca.view.collections.bean.CollectionReqBean</managed-bean-class>
    <managed-bean-scope>request</managed-bean-scope>
  </managed-bean>
  <managed-bean id="__8">
    <managed-bean-name>statusDialogBean</managed-bean-name>
    <managed-bean-class>gov.usda.fs.iweb.raca.common.view.bean.StatusDialogBean</managed-bean-class>
    <managed-bean-scope>request</managed-bean-scope>
  </managed-bean>
  <managed-bean>
    <managed-bean-name>aiContextBean</managed-bean-name>
    <managed-bean-class>gov.usda.fs.iweb.raca.view.collections.bean.AIContextBean</managed-bean-class>
    <managed-bean-scope>session</managed-bean-scope>
  </managed-bean>
    <managed-bean>
    <managed-bean-name>jobCodeNotifBean</managed-bean-name>
    <managed-bean-class>gov.usda.fs.iweb.raca.view.collections.bean.JobCodeNotifBean</managed-bean-class>
    <managed-bean-scope>request</managed-bean-scope>
  </managed-bean>
 
  <managed-bean>
    <managed-bean-name>contactBean</managed-bean-name>
    <managed-bean-class>gov.usda.fs.iweb.raca.view.collections.bean.ContactBean</managed-bean-class>
    <managed-bean-scope>request</managed-bean-scope>
  </managed-bean>
  <managed-bean>
    <managed-bean-name>cooperatorBean</managed-bean-name>
    <managed-bean-class>gov.usda.fs.iweb.raca.view.collections.bean.CooperatorBean</managed-bean-class>
    <managed-bean-scope>request</managed-bean-scope>
  </managed-bean>
  <managed-bean>
    <managed-bean-name>filterPageContoller</managed-bean-name>
    <managed-bean-class>gov.usda.fs.iweb.raca.common.view.controller.FilterPageController</managed-bean-class>
    <managed-bean-scope>request</managed-bean-scope>
  </managed-bean>
  
  <managed-bean>
    <managed-bean-name>attachmentToolBarBean</managed-bean-name>
    <managed-bean-class>gov.usda.fs.iweb.raca.common.view.menubar.AttachmentToolBarData</managed-bean-class>
    <managed-bean-scope>request</managed-bean-scope>
    <managed-property>
      <property-name>partialTriggers</property-name>
      <list-entries>
         <value-class>java.lang.String</value-class>
         <value>agreementPanelGroupId</value>                
      </list-entries>
    </managed-property>
    <managed-property>
      <property-name>targetFrame</property-name>
      <value>_attachments</value>
    </managed-property>
  </managed-bean> 
  <managed-bean>
    <managed-bean-name>helpToolBarBean</managed-bean-name>
    <managed-bean-class>gov.usda.fs.iweb.raca.common.view.menubar.HelpToolBarData</managed-bean-class>
    <managed-bean-scope>request</managed-bean-scope>
    <managed-property>
      <property-name>partialTriggers</property-name>
      <list-entries>
         <value-class>java.lang.String</value-class>
         <value>agreementPanelGroupId</value>
      </list-entries>
    </managed-property>
  </managed-bean>
</adfc-config>
