<?xml version="1.0" encoding="windows-1252" ?>
<adfc-config xmlns="http://xmlns.oracle.com/adf/controller" version="1.2">
  <view id="reqDetails">
    <page>/raca/reqDetails.jsf</page>
  </view>
  <view id="jobCode">
    <page>/raca/jobCode.jsf</page>
  </view>
  <view id="contacts">
    <page>/raca/contacts.jsf</page>
  </view>
  <view id="cooperators">
    <page>/raca/cooperators.jsf</page>
  </view>
  <view id="bills">
    <page>/raca/bills.jsf</page>
  </view>
  <control-flow-rule id="__1">
    <from-activity-id>*</from-activity-id>
    <control-flow-case id="__2">
      <from-outcome>adfMenu_reqDetails</from-outcome>
      <to-activity-id>reqDetails</to-activity-id>
    </control-flow-case>
    <control-flow-case id="__3">
      <from-outcome>itemNode_jobcodjnotification</from-outcome>
      <to-activity-id>jobCode</to-activity-id>
    </control-flow-case>
    <control-flow-case id="__4">
      <from-outcome>adfMenu_contacts</from-outcome>
      <to-activity-id>contacts</to-activity-id>
    </control-flow-case>
    <control-flow-case id="__5">
      <from-outcome>adfMenu_cooperators</from-outcome>
      <to-activity-id>cooperators</to-activity-id>
    </control-flow-case>
    <control-flow-case id="__6">
      <from-outcome>adfMenu_bills</from-outcome>
      <to-activity-id>bills</to-activity-id>
    </control-flow-case>
  </control-flow-rule>
  <managed-bean id="__7">
    <description>Menu Model Managed Bean</description>
    <managed-bean-name>raca_menu</managed-bean-name>
    <managed-bean-class>oracle.adf.view.rich.model.MDSMenuModel</managed-bean-class>
    <managed-bean-scope>request</managed-bean-scope>
    <managed-property id="__8">
      <property-name>createHiddenNodes</property-name>
      <value>false</value>
    </managed-property>
    <managed-property id="__9">
      <property-name>source</property-name>
      <property-class>java.lang.String</property-class>
      <value>/WEB-INF/raca_menu.xml</value>
    </managed-property>
  </managed-bean>
</adfc-config>
