<?xml version="1.0"?>
<!DOCTYPE facelet-taglib PUBLIC
  "-//Sun Microsystems, Inc.//DTD Facelet Taglib 1.0//EN"
  "facelet-taglib_1_0.dtd">
<facelet-taglib>
 <namespace>http://iweb.fs.usda.gov/jsf/facelets</namespace>
 <tag>
  <tag-name>selectOutputText</tag-name>
  <source>components/selectOutputText.jspx</source>
 </tag>
 <tag>
  <tag-name>selectInputText</tag-name>
  <source>components/selectInputText.jspx</source>
 </tag>
 <tag>
  <tag-name>mySelectInputText</tag-name>
  <handler-class>gov.usda.fs.nrm.framework.view.tags.SelectInputTextTagHandler</handler-class>
 </tag>
</facelet-taglib>