<?xml version = '1.0' encoding = 'windows-1252'?>
<weblogic-web-app xmlns:xsi="http://www.w3.org/2001/XMLSchema-instance"
                  xsi:schemaLocation="http://www.bea.com/ns/weblogic/weblogic-web-app http://www.bea.com/ns/weblogic/weblogic-web-app/1.0/weblogic-web-app.xsd"
                  xmlns="http://www.bea.com/ns/weblogic/weblogic-web-app">
  <security-role-assignment>
    <role-name>valid-users</role-name>
    <principal-name>users</principal-name>
  </security-role-assignment>
  <resource-description>
    <res-ref-name>jdbc/WebCenterDS</res-ref-name>
    <jndi-name>jdbc/WebCenterDS</jndi-name>
  </resource-description>
  <resource-description>
    <res-ref-name>jdbc/ActivitiesDS</res-ref-name>
    <jndi-name>jdbc/ActivitiesDS</jndi-name>
  </resource-description>
  <session-descriptor>
    <cookie-name>Notification_SessionID</cookie-name>
  </session-descriptor>
  <library-ref>
    <library-name>adf.oracle.domain.webapp</library-name>
  </library-ref>
  <library-ref>
    <library-name>oracle.webcenter.framework.view</library-name>
  </library-ref>
  <library-ref>
    <library-name>jstl</library-name>
    <specification-version>1.2</specification-version>
  </library-ref>
</weblogic-web-app>
