<?xml version="1.0" encoding="windows-1252" ?>
<!DOCTYPE Entity SYSTEM "jbo_03_01.dtd">
<!---->
<Entity
  xmlns="http://xmlns.oracle.com/bc4j"
  Name="CodeMappings"
  Version="12.2.1.22.48"
  InheritPersonalization="merge"
  DBObjectType="table"
  DBObjectName="II_GA_CODE_MAPPINGS"
  AliasName="CodeMappings"
  BindingStyle="OracleName">
  <Attribute
    Name="SetName"
    Precision="34"
    ColumnName="SET_NAME"
    SQLType="VARCHAR"
    Type="java.lang.String"
    ColumnType="VARCHAR2"
    TableName="II_GA_CODE_MAPPINGS"
    PrimaryKey="true">
    <DesignTime>
      <Attr Name="_DisplaySize" Value="34"/>
    </DesignTime>
    <Properties>
      <SchemaBasedProperties>
        <LABEL
          ResId="gov.usda.fs.nrm.gacommon.model.entity.gacodeslib.CodeMappings.SetName_LABEL"/>
      </SchemaBasedProperties>
    </Properties>
  </Attribute>
  <Attribute
    Name="SetKey"
    Precision="34"
    ColumnName="SET_KEY"
    SQLType="VARCHAR"
    Type="java.lang.String"
    ColumnType="VARCHAR2"
    TableName="II_GA_CODE_MAPPINGS"
    PrimaryKey="true">
    <DesignTime>
      <Attr Name="_DisplaySize" Value="34"/>
    </DesignTime>
    <Properties>
      <SchemaBasedProperties>
        <LABEL
          ResId="SetKey_LABEL"/>
      </SchemaBasedProperties>
    </Properties>
  </Attribute>
  <Attribute
    Name="SetValues"
    Precision="34"
    ColumnName="SET_VALUES"
    SQLType="VARCHAR"
    Type="java.lang.String"
    ColumnType="VARCHAR2"
    TableName="II_GA_CODE_MAPPINGS"
    PrimaryKey="true">
    <DesignTime>
      <Attr Name="_DisplaySize" Value="34"/>
    </DesignTime>
    <Properties>
      <SchemaBasedProperties>
        <LABEL
          ResId="SetValues_LABEL"/>
      </SchemaBasedProperties>
    </Properties>
  </Attribute>
  <Key
    Name="CodemappingsPrimaryKey"
    PrimaryKey="true">
    <DesignTime>
      <Attr Name="_DBObjectName" Value="CODEMAPPINGS_PRIMARY_KEY"/>
    </DesignTime>
    <AttrArray Name="Attributes">
      <Item Value="gov.usda.fs.nrm.gacommon.model.entity.gacodeslib.CodeMappings.SetName"/>
      <Item Value="gov.usda.fs.nrm.gacommon.model.entity.gacodeslib.CodeMappings.SetKey"/>
      <Item Value="gov.usda.fs.nrm.gacommon.model.entity.gacodeslib.CodeMappings.SetValues"/>
    </AttrArray>
  </Key>
  <ResourceBundle>
    <PropertiesBundle
      PropertiesFile="gov.usda.fs.nrm.gacommon.model.ModelBundle"/>
  </ResourceBundle>
</Entity>
