<?xml version="1.0" encoding="windows-1252" ?>
<!DOCTYPE Entity SYSTEM "jbo_03_01.dtd">
<!---->
<Entity
  xmlns="http://xmlns.oracle.com/bc4j"
  Name="Codes"
  Version="12.2.1.22.48"
  InheritPersonalization="merge"
  DBObjectType="table"
  DBObjectName="II_CODES"
  AliasName="Codes"
  BindingStyle="OracleName">
  <Attribute
    Name="AttName"
    IsNotNull="true"
    Precision="40"
    ColumnName="ATT_NAME"
    SQLType="VARCHAR"
    Type="java.lang.String"
    ColumnType="VARCHAR2"
    TableName="II_CODES"
    PrimaryKey="true">
    <DesignTime>
      <Attr Name="_DisplaySize" Value="40"/>
    </DesignTime>
    <Properties>
      <SchemaBasedProperties>
        <LABEL
          ResId="gov.usda.fs.nrm.gacommon.model.entity.gacodeslib.Codes.AttName_LABEL"/>
      </SchemaBasedProperties>
    </Properties>
  </Attribute>
  <Attribute
    Name="Name"
    IsNotNull="true"
    Precision="40"
    ColumnName="NAME"
    SQLType="VARCHAR"
    Type="java.lang.String"
    ColumnType="VARCHAR2"
    TableName="II_CODES"
    PrimaryKey="true">
    <DesignTime>
      <Attr Name="_DisplaySize" Value="40"/>
    </DesignTime>
    <Properties>
      <SchemaBasedProperties>
        <LABEL
          ResId="Name_LABEL"/>
      </SchemaBasedProperties>
    </Properties>
  </Attribute>
  <Attribute
    Name="DisplaySeq"
    Precision="4"
    Scale="0"
    ColumnName="DISPLAY_SEQ"
    SQLType="NUMERIC"
    Type="oracle.jbo.domain.Number"
    ColumnType="NUMBER"
    TableName="II_CODES">
    <Properties>
      <SchemaBasedProperties>
        <LABEL
          ResId="DisplaySeq_LABEL"/>
        <DISPLAYWIDTH
          Value="2"/>
      </SchemaBasedProperties>
    </Properties>
  </Attribute>
  <Attribute
    Name="Description"
    Precision="2000"
    ColumnName="DESCRIPTION"
    SQLType="VARCHAR"
    Type="java.lang.String"
    ColumnType="VARCHAR2"
    TableName="II_CODES">
    <DesignTime>
      <Attr Name="_DisplaySize" Value="2000"/>
    </DesignTime>
    <Properties>
      <SchemaBasedProperties>
        <DISPLAYWIDTH
          Value="40"/>
      </SchemaBasedProperties>
    </Properties>
  </Attribute>
  <Attribute
    Name="Authority"
    Precision="20"
    ColumnName="AUTHORITY"
    SQLType="VARCHAR"
    Type="java.lang.String"
    ColumnType="VARCHAR2"
    TableName="II_CODES">
    <DesignTime>
      <Attr Name="_DisplaySize" Value="20"/>
    </DesignTime>
    <Properties>
      <SchemaBasedProperties>
        <DISPLAYWIDTH
          Value="2"/>
      </SchemaBasedProperties>
    </Properties>
  </Attribute>
  <Key
    Name="CkUc270Name">
    
    <DesignTime>
      <Attr Name="_checkCondition" Value="NAME= upper(NAME)"/>
      <Attr Name="_isCheck" Value="true"/>
      <Attr Name="_DBObjectName" Value="CK_UC_270_NAME"/>
    </DesignTime>
    <AttrArray Name="Attributes"/>
  </Key>
  <Key
    Name="CkUc300AttName">
    <DesignTime>
      <Attr Name="_checkCondition" Value="ATT_NAME= upper(ATT_NAME)"/>
      <Attr Name="_isCheck" Value="true"/>
      <Attr Name="_DBObjectName" Value="CK_UC_300_ATT_NAME"/>
    </DesignTime>
    <AttrArray Name="Attributes"/>
  </Key>
  <Key
    Name="CodesPk"
    PrimaryKey="true">
    <DesignTime>
      <Attr Name="_DBObjectName" Value="CODES_PK"/>
    </DesignTime>
    <AttrArray Name="Attributes">
      <Item Value="gov.usda.fs.nrm.gacommon.model.entity.gacodeslib.Codes.Name"/>
      <Item Value="gov.usda.fs.nrm.gacommon.model.entity.gacodeslib.Codes.AttName"/>
    </AttrArray>
  </Key>
   <Key
      Name="SysC006264" >
    <DesignTime>
      <Attr Name="_checkCondition" Value='"ATT_NAME" IS NOT NULL'/>
      <Attr Name="_isCheck" Value="true"/>
      <Attr Name="_DBObjectName" Value="SYS_C006264"/>
    </DesignTime>
    <AttrArray Name="Attributes">
         <Item Value="gov.usda.fs.nrm.gacommon.model.entity.gacodeslib.Codes.AttName" />
      </AttrArray>
   </Key>
    <Key
      Name="SysC006265" >
    <DesignTime>
      <Attr Name="_checkCondition" Value='"NAME" IS NOT NULL'/>
      <Attr Name="_isCheck" Value="true"/>
      <Attr Name="_DBObjectName" Value="SYS_C006265"/>
    </DesignTime>
    <AttrArray Name="Attributes">
         <Item Value="gov.usda.fs.nrm.gacommon.model.entity.gacodeslib.Codes.Name" />
      </AttrArray>
   </Key>
  <Key
    Name="CodesAttFk">
    <DesignTime>
      <Attr Name="_referencedKey" Value="ATT_PK"/>
      <Attr Name="_isForeign" Value="true"/>
      <Attr Name="_DBObjectName" Value="CODES_ATT_FK"/>
    </DesignTime>
    <AttrArray Name="Attributes">
      <Item Value="gov.usda.fs.nrm.gacommon.model.entity.gacodeslib.Codes.AttName"/>
    </AttrArray>
  </Key>
  <ResourceBundle>
    <PropertiesBundle
      PropertiesFile="gov.usda.fs.nrm.gacommon.model.ModelBundle"/>
  </ResourceBundle>
</Entity>
