<?xml version="1.0" encoding="windows-1252" ?>
<!DOCTYPE Entity SYSTEM "jbo_03_01.dtd">
<!---->
<Entity
  xmlns="http://xmlns.oracle.com/bc4j"
  Name="ZipcodesGeo"
  Version="12.2.1.22.48"
  InheritPersonalization="merge"
  DBObjectType="table"
  DBObjectName="II_ZIPCODES_GEO"
  AliasName="ZipcodesGeo"
  BindingStyle="OracleName">
  <Attribute
    Name="StateCode"
    Precision="10"
    ColumnName="STATE_CODE"
    SQLType="VARCHAR"
    Type="java.lang.String"
    ColumnType="VARCHAR2"
    TableName="II_ZIPCODES_GEO">
    <DesignTime>
      <Attr Name="_DisplaySize" Value="10"/>
    </DesignTime>
    <Properties>
      <SchemaBasedProperties>
        <LABEL
          ResId="StateCode_LABEL"/>
        <DISPLAYWIDTH
          Value="1"/>
      </SchemaBasedProperties>
    </Properties>
  </Attribute>
  <Attribute
    Name="CongressionalDistrictCode"
    Precision="40"
    ColumnName="CONGRESSIONAL_DISTRICT_CODE"
    SQLType="VARCHAR"
    Type="java.lang.String"
    ColumnType="VARCHAR2"
    TableName="II_ZIPCODES_GEO">
    <DesignTime>
      <Attr Name="_DisplaySize" Value="50"/>
    </DesignTime>
    <Properties>
      <SchemaBasedProperties>
        <LABEL
          ResId="CongressionalDistrictCode_LABEL"/>
        <DISPLAYWIDTH
          Value="1"/>
      </SchemaBasedProperties>
    </Properties>
  </Attribute>
  <Attribute
    Name="Zip"
    IsNotNull="true"
    Precision="10"
    ColumnName="ZIP"
    SQLType="VARCHAR"
    Type="java.lang.String"
    ColumnType="VARCHAR2"
    TableName="II_ZIPCODES_GEO">
    <DesignTime>
      <Attr Name="_DisplaySize" Value="10"/>
    </DesignTime>
    <Properties>
      <SchemaBasedProperties>
        <LABEL
          ResId="gov.usda.fs.nrm.gacommon.model.entity.gacodeslib.ZipcodesGeo.Zip_LABEL"/>
        <DISPLAYWIDTH
          Value="7"/>
      </SchemaBasedProperties>
    </Properties>
  </Attribute>
  <Attribute
    Name="City"
    Precision="100"
    ColumnName="CITY"
    SQLType="VARCHAR"
    Type="java.lang.String"
    ColumnType="VARCHAR2"
    TableName="II_ZIPCODES_GEO">
    <DesignTime>
      <Attr Name="_DisplaySize" Value="50"/>
    </DesignTime>
    <Properties>
      <SchemaBasedProperties>
        <DISPLAYWIDTH
          Value="50"/>
      </SchemaBasedProperties>
    </Properties>
  </Attribute>
  <Attribute
    Name="State"
    Precision="50"
    ColumnName="STATE"
    SQLType="VARCHAR"
    Type="java.lang.String"
    ColumnType="VARCHAR2"
    TableName="II_ZIPCODES_GEO">
    <DesignTime>
      <Attr Name="_DisplaySize" Value="50"/>
    </DesignTime>
    <Properties>
      <SchemaBasedProperties>
        <DISPLAYWIDTH
          Value="1"/>
      </SchemaBasedProperties>
    </Properties>
  </Attribute>
  <Attribute
    Name="County"
    Precision="50"
    ColumnName="COUNTY"
    SQLType="VARCHAR"
    Type="java.lang.String"
    ColumnType="VARCHAR2"
    TableName="II_ZIPCODES_GEO">
    <DesignTime>
      <Attr Name="_DisplaySize" Value="50"/>
    </DesignTime>
    <Properties>
      <SchemaBasedProperties>
        <DISPLAYWIDTH
          Value="33"/>
      </SchemaBasedProperties>
    </Properties>
  </Attribute>
  <Attribute
    Name="StateDescription"
    Precision="100"
    ColumnName="STATE_DESCRIPTION"
    SQLType="VARCHAR"
    Type="java.lang.String"
    ColumnType="VARCHAR2"
    TableName="II_ZIPCODES_GEO">
    <DesignTime>
      <Attr Name="_DisplaySize" Value="100"/>
    </DesignTime>
    <Properties>
      <SchemaBasedProperties>
        <LABEL
          ResId="StateDescription_LABEL"/>
        <DISPLAYWIDTH
          Value="32"/>
      </SchemaBasedProperties>
    </Properties>
  </Attribute>
  <Attribute
    Name="CongressionalDistrict"
    Precision="50"
    ColumnName="CONGRESSIONAL_DISTRICT"
    SQLType="VARCHAR"
    Type="java.lang.String"
    ColumnType="VARCHAR2"
    TableName="II_ZIPCODES_GEO">
    <DesignTime>
      <Attr Name="_DisplaySize" Value="50"/>
    </DesignTime>
    <Properties>
      <SchemaBasedProperties>
        <DISPLAYWIDTH
          Value="60"/>
        <LABEL
          ResId="CongressionalDistrict_LABEL"/>
      </SchemaBasedProperties>
    </Properties>
  </Attribute>
  <Attribute
    Name="CountyCode"
    Precision="10"
    ColumnName="COUNTY_CODE"
    SQLType="VARCHAR"
    Type="java.lang.String"
    ColumnType="VARCHAR2"
    TableName="II_ZIPCODES_GEO">
    <DesignTime>
      <Attr Name="_DisplaySize" Value="100"/>
    </DesignTime>
    <Properties>
      <SchemaBasedProperties>
        <LABEL
          ResId="CountyCode_LABEL"/>
        <DISPLAYWIDTH
          Value="1"/>
      </SchemaBasedProperties>
    </Properties>
  </Attribute>
  <Attribute
    Name="RowID"
    IsUpdateable="false"
    ColumnName="ROWID"
    SQLType="ROWID"
    Type="oracle.jbo.domain.RowID"
    ColumnType="ROWID"
    TableName="II_ZIPCODES_GEO"
    PrimaryKey="true"/>
  <Key
    Name="SysC00848076">
    <DesignTime>
      <Attr Name="_checkCondition" Value='"ZIP" IS NOT NULL'/>
      <Attr Name="_isCheck" Value="true"/>
      <Attr Name="_DBObjectName" Value="SYS_C00848076"/>
    </DesignTime>
    <AttrArray Name="Attributes">
      <Item Value="gov.usda.fs.nrm.gacommon.model.entity.gacodeslib.ZipcodesGeo.Zip"/>
    </AttrArray>
  </Key>
  <Key
    Name="ZipcodesgeoPrimaryKey"
    PrimaryKey="true">
    <DesignTime>
      <Attr Name="_DBObjectName" Value="ZIPCODESGEO_PRIMARY_KEY"/>
    </DesignTime>
    <AttrArray Name="Attributes">
      <Item Value="gov.usda.fs.nrm.gacommon.model.entity.gacodeslib.ZipcodesGeo.RowID"/>
    </AttrArray>
  </Key>
  <ResourceBundle>
    <PropertiesBundle
      PropertiesFile="gov.usda.fs.nrm.gacommon.model.ModelBundle"/>
  </ResourceBundle>
</Entity>
