<?xml version="1.0"?>
<!DOCTYPE facelet-taglib PUBLIC
  "-//Sun Microsystems, Inc.//DTD Facelet Taglib 1.0//EN"
  "http://java.sun.com/dtd/facelet-taglib_1_0.dtd">
<facelet-taglib xmlns="http://java.sun.com/JSF/Facelet">
  <namespace>http://iweb.fs.usda.gov/jsf</namespace>
  <tag>
    <tag-name>dialogTextInput</tag-name>
    <component>
      <component-type>gov.usda.fs.nrm.framework.view.faces.component.DialogTextInput</component-type>
      <renderer-type>gov.usda.fs.nrm.framework.view.faces.component.DialogTextInput</renderer-type>
    </component>
  </tag>
</facelet-taglib>
