<?xml version="1.0" encoding="UTF-8" ?>
<pageDefinition xmlns="http://xmlns.oracle.com/adfm/uimodel" version="12.2.1.22.48" id="contact_replacePageDef"
                Package="contReplace.regions" MsgBundleClass="contReplace.regions.contacts_replacePageDefMsgBundle">
  <parameters/>
  <executables>
    <variableIterator id="variables" Refresh="ifNeeded">
         <variableUsage DataControl="GACommonServiceDataControl" Binds="ContactGrantView.variablesMap.contactCn"
                     Name="ContactGrantView_contactCn" IsQueriable="false"/>
      <variableUsage DataControl="GACommonServiceDataControl" Binds="ContactGrantView.variablesMap.managingContCn"
                     Name="ContactGrantView_managingContCn" IsQueriable="false"/>
     
    </variableIterator>
    <iterator Binds="ContactGrantView" RangeSize="20" DataControl="GACommonServiceDataControl"
              id="ContactGrantViewIterator"/>
    <iterator id="LovOrgsIterator" Binds="LovOrgs" DataControl="GACommonServiceDataControl" RangeSize="25"/>
     <iterator Binds="LovContacts" RangeSize="25" DataControl="GACommonServiceDataControl" id="LovContactsIterator" />
     <!--<RefreshCondition="${requestContext.postback==true}"/>-->
  </executables>
  <bindings>
    <attributeValues id="contactCn" IterBinding="variables">
      <AttrNames>
        <Item Value="ContactGrantView_contactCn"/>
      </AttrNames>
    </attributeValues>
    <action IterBinding="ContactGrantViewIterator" id="ExecuteWithParams" RequiresUpdateModel="true" 
            InstanceName="GACommonServiceDataControl.ContactGrantView"
            DataControl="GACommonServiceDataControl"
            Action="executeWithParams">
       <NamedData NDName="contactCn" NDType="java.lang.String" NDValue="${bindings.ContactGrantView_contactCn}"/>
      <NamedData NDName="managingContCn" NDType="java.lang.String"
                 NDValue="${bindings.ContactGrantView_managingContCn}"/>
    </action>
   <list id="managingContCn" IterBinding="variables" StaticList="false" NullValueFlag="start" ListOperMode="setAttribute"
          ListIter="LovOrgsIterator" NullValueId="managingContCn1_null">
      <AttrNames>
        <Item Value="ContactGrantView_managingContCn"/>
      </AttrNames>
      <ListAttrNames>
        <Item Value="ManagingContCn"/>
      </ListAttrNames>
      <ListDisplayAttrNames>
        <Item Value="Org"/>
      </ListDisplayAttrNames>
    </list>
    <tree IterBinding="ContactGrantViewIterator" id="ContactGrantView">
      <nodeDefinition DefName="gov.usda.fs.nrm.gacommon.model.dataaccess.contreplace.ContactGrantView"
                      Name="ContactGrantView0">
        <AttrNames>
          <Item Value="Cn"/>
        <Item Value="ApplicationId"/>
        <Item Value="Id"/>
        <Item Value="ApplicantName"/>
        <Item Value="ProjTitle"/>
        <Item Value="ManagingOrg"/>
        <Item Value="AppReceivedDate"/>
        <Item Value="Status"/>
        <Item Value="StatusDate"/>
        <Item Value="Expdate"/>
        <Item Value="Recordage"/>
        <Item Value="Name"/>
        <Item Value="GrantCn"/>
        <Item Value="FedIdFy"/>
        <Item Value="FedIdType"/>
        <Item Value="FedIdAgency"/>
        <Item Value="FedIdRegion"/>
        <Item Value="FedIdUnit"/>
        <Item Value="FedIdSubunit"/>
        <Item Value="FedIdSeq"/>
        <Item Value="ManagingContCn"/>
        <Item Value="MasterFedId"/>
        <Item Value="ObjName"/>
        </AttrNames>
      </nodeDefinition>
    </tree>
   <tree IterBinding="LovContactsIterator" id="LovContacts">
      <nodeDefinition DefName="gov.usda.fs.nrm.gacommon.model.dataaccess.contreplace.lov.LovContacts"
                      Name="LovContacts0">
        <AttrNames>
          <Item Value="Cn"/>
          <Item Value="Id"/>
          <Item Value="LastOrOrgName"/>
          <Item Value="FirstName"/>
          <Item Value="ContactType"/>
          <Item Value="Duns"/>
          <Item Value="AddressType"/>
          <Item Value="Line1"/>
          <Item Value="CityName"/>
          <Item Value="StateCode"/>
          <Item Value="ElectronicAddress"/>
        </AttrNames>
      </nodeDefinition>
    </tree>
  </bindings>
</pageDefinition>
