<?xml version="1.0" encoding="UTF-8" ?>
<pageDefinition xmlns="http://xmlns.oracle.com/adfm/uimodel" version="12.2.1.22.48" id="contreplacePageDef"
                Package="contReplace.regions">
  <parameters/>
  <executables>
    <variableIterator id="variables"/>
    <iterator Binds="ContactGrantView" RangeSize="25" DataControl="GACommonServiceDataControl"
              id="ContactGrantViewIterator"/>
    
  </executables>
  <bindings>
    <tree IterBinding="ContactGrantViewIterator" id="ContactGrantView">
      <nodeDefinition DefName="gov.usda.fs.nrm.gacommon.model.dataaccess.contreplace.ContactGrantView"
                      Name="ContactGrantView0">
        <AttrNames>
          <Item Value="ApplicationId"/>
          <Item Value="Id"/>
          <Item Value="Cn"/>
          <Item Value="ApplicantName"/>
          <Item Value="ProjTitle"/>
          <Item Value="ManagingOrg"/>
          <Item Value="AppReceivedDate"/>
          <Item Value="Status"/>
          <Item Value="StatusDate"/>
          <Item Value="Expdate"/>
          <Item Value="Recordage"/>
          <Item Value="Name"/>
          <Item Value="GrantCn"/>
          <Item Value="FedIdFy"/>
          <Item Value="FedIdType"/>
          <Item Value="FedIdAgency"/>
          <Item Value="FedIdRegion"/>
          <Item Value="FedIdUnit"/>
          <Item Value="FedIdSubunit"/>
          <Item Value="FedIdSeq"/>
          <Item Value="ManagingContCn"/>
          <Item Value="MasterFedId"/>
          <Item Value="ObjName"/>
        </AttrNames>
      </nodeDefinition>
    </tree>
  </bindings>
</pageDefinition>
