<?xml version="1.0" encoding="UTF-8" ?>
<pageDefinition xmlns="http://xmlns.oracle.com/adfm/uimodel" version="12.2.1.22.48" id="filteredGrantsContentPageDef"
                Package="contReplace.regions">
  <parameters/>
  <executables>
    <variableIterator id="variables"/>
    <iterator Binds="FilteredGrantView" RangeSize="25" DataControl="GACommonServiceDataControl"
              id="FilteredGrantViewIterator"/>
  </executables>
  <bindings>
    <tree IterBinding="FilteredGrantViewIterator" id="FilteredGrantView">
      <nodeDefinition DefName="gov.usda.fs.nrm.gacommon.model.dataaccess.contreplace.FilteredGrantView"
                      Name="FilteredGrantView0">
        <AttrNames>
          <Item Value="Cn"/>
          <Item Value="ApplicationId"/>
          <Item Value="Id"/>
          <Item Value="ApplicantName"/>
          <Item Value="ProjTitle"/>
          <Item Value="ManagingOrg"/>
          <Item Value="AppReceivedDate"/>
          <Item Value="Status"/>
          <Item Value="StatusDate"/>
          <Item Value="Expdate"/>
          <Item Value="FedIdRegion"/>
          <Item Value="FedIdUnit"/>
          <Item Value="FedIdSubunit"/>
          <Item Value="ManagingContCn"/>
        </AttrNames>
      </nodeDefinition>
    </tree>
  </bindings>
</pageDefinition>
