<?xml version='1.0' encoding='windows-1252' ?>
<!DOCTYPE ViewObject SYSTEM "jbo_03_01.dtd">
<!---->

<ViewObject
   xmlns="http://xmlns.oracle.com/bc4j"
   Name="FaadsFfataMlogSpreadView"
   Version="12.2.1.22.48"
   OrderBy="grant_cn ,faads_cn"
   BindingStyle="OracleName"
   CustomQuery="true"
   ComponentClass="gov.usda.fs.nrm.gacommon.model.dataaccess.ffatarejects.FaadsFfataMlogSpreadViewImpl"
   PageIterMode="Partial" >
   <DesignTime>
      <Attr Name="_codeGenFlag2" Value="Coll|VarAccess"/>
      <Attr Name="_isExpertMode" Value="true"/>
   </DesignTime>
   <SQLQuery><![CDATA[SELECT g.cn grant_cn, 
           g.id application_id,  
           f.cn faads_cn, 
           f.state_app_id, 
           ft.cn faads_trans_cn, 
           ft.seq_no, 
           ft.usage_type, 
           ft.fy, 
           ft.quarter, 
           mlog.cn ffata_message_log_cn,  
           mlog.agency,  
           mlog.transmission_num,  
           mlog.error_num,  
           mlog.fain, 
           mlog.error_field,  
           mlog.error_field_data,  
           mlog.status,  
           mlog.loc, 
           mlib.status_code, 
           mlib.item_number, 
           mlib.severity, 
           mlib.field_name, 
           mlib.short_desc,  
           mlib.long_desc 
      FROM ii_ai_ga_app_v       g, 
           ii_ga_faads          f, 
           ii_ga_faads_trans    ft, 
           ii_ffata_message_log mlog, 
           ii_ffata_message_library mlib 
     WHERE g.cn =  f.grant_cn 
       and f.cn = ft.faads_cn  
  --     AND ft.status = 'REJECTED'  
       and ft.cn = mlog.faads_trans_cn   
       and mlib.status_code = mlog.error_num]]></SQLQuery>
   <ViewAttribute
      Name="GrantCn"
      IsUpdateable="false"
      IsPersistent="false"
      IsNotNull="true"
      Precision="34"
      Type="java.lang.String"
      ColumnType="VARCHAR2"
      AliasName="GRANT_CN"
      Expression="GRANT_CN"
      SQLType="VARCHAR" >
      <DesignTime>
         <Attr Name="_DisplaySize" Value="34" />
      </DesignTime>
   </ViewAttribute>
   <ViewAttribute
      Name="ApplicationId"
      IsUpdateable="false"
      IsPersistent="false"
      IsNotNull="true"
      Precision="40"
      Type="java.lang.String"
      ColumnType="VARCHAR2"
      AliasName="APPLICATION_ID"
      Expression="APPLICATION_ID"
      SQLType="VARCHAR" >
      <DesignTime>
         <Attr Name="_DisplaySize" Value="40" />
      </DesignTime>
      <Properties>
         <SchemaBasedProperties>
            <LABEL
               ResId="gov.usda.fs.nrm.ffatarejects.model.dataaccess.FaadsFfataMlogSpreadView.ApplicationId_LABEL" >
            </LABEL>
         </SchemaBasedProperties>
      </Properties>
   </ViewAttribute>
   <ViewAttribute
      Name="FaadsCn"
      IsUpdateable="false"
      IsPersistent="false"
      IsNotNull="true"
      Precision="34"
      Type="java.lang.String"
      ColumnType="VARCHAR2"
      AliasName="FAADS_CN"
      Expression="FAADS_CN"
      SQLType="VARCHAR" >
      <DesignTime>
         <Attr Name="_DisplaySize" Value="34" />
      </DesignTime>
   </ViewAttribute>
   <ViewAttribute
      Name="StateAppId"
      IsUpdateable="false"
      IsPersistent="false"
      Precision="30"
      Type="java.lang.String"
      ColumnType="VARCHAR2"
      AliasName="STATE_APP_ID"
      Expression="STATE_APP_ID"
      SQLType="VARCHAR" >
      <DesignTime>
         <Attr Name="_DisplaySize" Value="30" />
      </DesignTime>
   </ViewAttribute>
   <ViewAttribute
      Name="FaadsTransCn"
      IsUpdateable="false"
      IsPersistent="false"
      IsNotNull="true"
      Precision="34"
      Type="java.lang.String"
      ColumnType="VARCHAR2"
      AliasName="FAADS_TRANS_CN"
      Expression="FAADS_TRANS_CN"
      SQLType="VARCHAR" >
      <DesignTime>
         <Attr Name="_DisplaySize" Value="34" />
      </DesignTime>
   </ViewAttribute>
   <ViewAttribute
      Name="SeqNo"
      IsUpdateable="false"
      IsPersistent="false"
      Precision="4"
      Scale="0"
      Type="oracle.jbo.domain.Number"
      ColumnType="NUMBER"
      AliasName="SEQ_NO"
      Expression="SEQ_NO"
      SQLType="NUMERIC" >
      <DesignTime>
         <Attr Name="_DisplaySize" Value="22" />
      </DesignTime>
   </ViewAttribute>
   <ViewAttribute
      Name="UsageType"
      IsUpdateable="false"
      IsPersistent="false"
      Precision="20"
      Type="java.lang.String"
      ColumnType="VARCHAR2"
      AliasName="USAGE_TYPE"
      Expression="USAGE_TYPE"
      SQLType="VARCHAR" >
      <DesignTime>
         <Attr Name="_DisplaySize" Value="20" />
      </DesignTime>
   </ViewAttribute>
   <ViewAttribute
      Name="Fy"
      IsUpdateable="false"
      IsPersistent="false"
      Precision="4"
      Type="java.lang.String"
      ColumnType="VARCHAR2"
      AliasName="FY"
      Expression="FY"
      SQLType="VARCHAR" >
      <DesignTime>
         <Attr Name="_DisplaySize" Value="4" />
      </DesignTime>
   </ViewAttribute>
   <ViewAttribute
      Name="Quarter"
      IsUpdateable="false"
      IsPersistent="false"
      Precision="22"
      Scale="0"
      Type="oracle.jbo.domain.Number"
      ColumnType="NUMBER"
      AliasName="QUARTER"
      Expression="QUARTER"
      SQLType="NUMERIC" >
      <DesignTime>
         <Attr Name="_DisplaySize" Value="22" />
      </DesignTime>
   </ViewAttribute>
   <ViewAttribute
      Name="FfataMessageLogCn"
      IsUpdateable="false"
      IsPersistent="false"
      IsNotNull="true"
      Precision="34"
      Type="java.lang.String"
      ColumnType="VARCHAR2"
      AliasName="FFATA_MESSAGE_LOG_CN"
      Expression="FFATA_MESSAGE_LOG_CN"
      SQLType="VARCHAR" >
      <DesignTime>
         <Attr Name="_DisplaySize" Value="34" />
      </DesignTime>
   </ViewAttribute>
   <ViewAttribute
      Name="Agency"
      IsUpdateable="false"
      IsPersistent="false"
      Precision="2"
      Type="java.lang.String"
      ColumnType="VARCHAR2"
      AliasName="AGENCY"
      Expression="AGENCY"
      SQLType="VARCHAR" >
      <DesignTime>
         <Attr Name="_DisplaySize" Value="2" />
      </DesignTime>
   </ViewAttribute>
   <ViewAttribute
      Name="TransmissionNum"
      IsUpdateable="false"
      IsPersistent="false"
      Precision="4"
      Type="java.lang.String"
      ColumnType="VARCHAR2"
      AliasName="TRANSMISSION_NUM"
      Expression="TRANSMISSION_NUM"
      SQLType="VARCHAR" >
      <DesignTime>
         <Attr Name="_DisplaySize" Value="4" />
      </DesignTime>
      <Properties>
         <SchemaBasedProperties>
            <LABEL
               ResId="gov.usda.fs.nrm.ffatarejects.model.dataaccess.FaadsFfataMlogSpreadView.TransmissionNum_LABEL" >
            </LABEL>
         </SchemaBasedProperties>
      </Properties>
   </ViewAttribute>
   <ViewAttribute
      Name="ErrorNum"
      IsUpdateable="false"
      IsPersistent="false"
      Precision="4"
      Type="java.lang.String"
      ColumnType="VARCHAR2"
      AliasName="ERROR_NUM"
      Expression="ERROR_NUM"
      SQLType="VARCHAR" >
      <DesignTime>
         <Attr Name="_DisplaySize" Value="4" />
      </DesignTime>
      <Properties>
         <SchemaBasedProperties>
            <LABEL
               ResId="gov.usda.fs.nrm.ffatarejects.model.dataaccess.FaadsFfataMlogSpreadView.ErrorNum_LABEL" >
            </LABEL>
         </SchemaBasedProperties>
      </Properties>
   </ViewAttribute>
   <ViewAttribute
      Name="Fain"
      IsUpdateable="false"
      IsPersistent="false"
      Precision="22"
      Type="java.lang.String"
      ColumnType="VARCHAR2"
      AliasName="FAIN"
      Expression="FAIN"
      SQLType="VARCHAR" >
      <DesignTime>
         <Attr Name="_DisplaySize" Value="22" />
      </DesignTime>
      <Properties>
         <SchemaBasedProperties>
            <LABEL
               ResId="gov.usda.fs.nrm.ffatarejects.model.dataaccess.FaadsFfataMlogSpreadView.Fain_LABEL" >
            </LABEL>
         </SchemaBasedProperties>
      </Properties>
   </ViewAttribute>
   <ViewAttribute
      Name="ErrorField"
      IsUpdateable="false"
      IsPersistent="false"
      Precision="40"
      Type="java.lang.String"
      ColumnType="VARCHAR2"
      AliasName="ERROR_FIELD"
      Expression="ERROR_FIELD"
      SQLType="VARCHAR" >
      <DesignTime>
         <Attr Name="_DisplaySize" Value="40" />
      </DesignTime>
      <Properties>
         <SchemaBasedProperties>
            <LABEL
               ResId="gov.usda.fs.nrm.ffatarejects.model.dataaccess.FaadsFfataMlogSpreadView.ErrorField_LABEL" >
            </LABEL>
         </SchemaBasedProperties>
      </Properties>
   </ViewAttribute>
   <ViewAttribute
      Name="ErrorFieldData"
      IsUpdateable="false"
      IsPersistent="false"
      Precision="100"
      Type="java.lang.String"
      ColumnType="VARCHAR2"
      AliasName="ERROR_FIELD_DATA"
      Expression="ERROR_FIELD_DATA"
      SQLType="VARCHAR" >
      <DesignTime>
         <Attr Name="_DisplaySize" Value="100" />
      </DesignTime>
      <Properties>
         <SchemaBasedProperties>
            <LABEL
               ResId="gov.usda.fs.nrm.ffatarejects.model.dataaccess.FaadsFfataMlogSpreadView.ErrorFieldData_LABEL" >
            </LABEL>
         </SchemaBasedProperties>
      </Properties>
   </ViewAttribute>
   <ViewAttribute
      Name="Status"
      IsUpdateable="false"
      IsPersistent="false"
      Precision="1"
      Type="java.lang.String"
      ColumnType="VARCHAR2"
      AliasName="STATUS"
      Expression="STATUS"
      SQLType="VARCHAR" >
      <DesignTime>
         <Attr Name="_DisplaySize" Value="1" />
      </DesignTime>
   </ViewAttribute>
   <ViewAttribute
      Name="Loc"
      IsUpdateable="false"
      IsPersistent="false"
      Precision="2"
      Type="java.lang.String"
      ColumnType="VARCHAR2"
      AliasName="LOC"
      Expression="LOC"
      SQLType="VARCHAR" >
      <DesignTime>
         <Attr Name="_DisplaySize" Value="2" />
      </DesignTime>
   </ViewAttribute>
   <ViewAttribute
      Name="StatusCode"
      IsUpdateable="false"
      IsPersistent="false"
      IsNotNull="true"
      Precision="10"
      Type="java.lang.String"
      ColumnType="VARCHAR2"
      AliasName="STATUS_CODE"
      Expression="STATUS_CODE"
      SQLType="VARCHAR" >
      <DesignTime>
         <Attr Name="_DisplaySize" Value="10" />
      </DesignTime>
   </ViewAttribute>
   <ViewAttribute
      Name="ItemNumber"
      IsUpdateable="false"
      IsPersistent="false"
      Precision="5"
      Type="java.lang.String"
      ColumnType="VARCHAR2"
      AliasName="ITEM_NUMBER"
      Expression="ITEM_NUMBER"
      SQLType="VARCHAR" >
      <DesignTime>
         <Attr Name="_DisplaySize" Value="5" />
      </DesignTime>
   </ViewAttribute>
   <ViewAttribute
      Name="Severity"
      IsUpdateable="false"
      IsPersistent="false"
      Precision="10"
      Type="java.lang.String"
      ColumnType="VARCHAR2"
      AliasName="SEVERITY"
      Expression="SEVERITY"
      SQLType="VARCHAR" >
      <DesignTime>
         <Attr Name="_DisplaySize" Value="10" />
      </DesignTime>
   </ViewAttribute>
   <ViewAttribute
      Name="FieldName"
      IsUpdateable="false"
      IsPersistent="false"
      Precision="40"
      Type="java.lang.String"
      ColumnType="VARCHAR2"
      AliasName="FIELD_NAME"
      Expression="FIELD_NAME"
      SQLType="VARCHAR" >
      <DesignTime>
         <Attr Name="_DisplaySize" Value="40" />
      </DesignTime>
      <Properties>
         <SchemaBasedProperties>
            <LABEL
               ResId="gov.usda.fs.nrm.ffatarejects.model.dataaccess.FaadsFfataMlogSpreadView.FieldName_LABEL" >
            </LABEL>
         </SchemaBasedProperties>
      </Properties>
   </ViewAttribute>
   <ViewAttribute
      Name="ShortDesc"
      IsUpdateable="false"
      IsPersistent="false"
      Precision="80"
      Type="java.lang.String"
      ColumnType="VARCHAR2"
      AliasName="SHORT_DESC"
      Expression="SHORT_DESC"
      SQLType="VARCHAR" >
      <DesignTime>
         <Attr Name="_DisplaySize" Value="80" />
      </DesignTime>
      <Properties>
         <SchemaBasedProperties>
            <LABEL
               ResId="gov.usda.fs.nrm.ffatarejects.model.dataaccess.FaadsFfataMlogSpreadView.ShortDesc_LABEL" >
            </LABEL>
         </SchemaBasedProperties>
      </Properties>
   </ViewAttribute>
   <ViewAttribute
      Name="LongDesc"
      IsUpdateable="false"
      IsPersistent="false"
      Precision="200"
      Type="java.lang.String"
      ColumnType="VARCHAR2"
      AliasName="LONG_DESC"
      Expression="LONG_DESC"
      SQLType="VARCHAR" >
      <DesignTime>
         <Attr Name="_DisplaySize" Value="200" />
      </DesignTime>
      <Properties>
         <SchemaBasedProperties>
            <LABEL
               ResId="gov.usda.fs.nrm.ffatarejects.model.dataaccess.FaadsFfataMlogSpreadView.LongDesc_LABEL" >
            </LABEL>
         </SchemaBasedProperties>
      </Properties>
   </ViewAttribute>
   <ResourceBundle >
      <PropertiesBundle
         PropertiesFile="gov.usda.fs.nrm.gacommon.model.ModelBundle" >
      </PropertiesBundle>
   </ResourceBundle>
</ViewObject>
