<?xml version='1.0' encoding='windows-1252' ?>
<!DOCTYPE ViewObject SYSTEM "jbo_03_01.dtd">

<ViewObject
   xmlns="http://xmlns.oracle.com/bc4j"
   Name="FfataMessageLogView"
   Version="12.2.1.22.48"
   SelectList="FfataMessageLog.CN, 
       FfataMessageLog.AGENCY, 
       FfataMessageLog.TRANSMISSION_NUM, 
       FfataMessageLog.ERROR_NUM, 
       FfataMessageLog.FAIN, 
       FfataMessageLog.ERROR_FIELD, 
       FfataMessageLog.ERROR_FIELD_DATA, 
       FfataMessageLog.STATUS, 
       FfataMessageLog.LOC, 
       FfataMessageLog.FAADS_TRANS_CN, 
       FfataMessageLog.STATUS_DATE, 
       FfataMessageLog.INTERNAL_MESSAGE"
   FromList="II_FFATA_MESSAGE_LOG FfataMessageLog"
   Where="FfataMessageLog.FAADS_TRANS_CN is null"
   BindingStyle="OracleName"
   CustomQuery="false"
   RowClass="gov.usda.fs.nrm.gacommon.model.dataaccess.ffatarejects.FfataMessageLogViewRowImpl"
   ComponentClass="gov.usda.fs.nrm.gacommon.model.dataaccess.ffatarejects.FfataMessageLogViewImpl"
   PageIterMode="Partial" >
   <DesignTime>
      <Attr Name="_codeGenFlag2" Value="Access|Coll|VarAccess" />
      <Attr Name="_isCodegen" Value="true" />
   </DesignTime>
   <EntityUsage
      Name="FfataMessageLog"
      Entity="gov.usda.fs.nrm.gacommon.model.entity.ffatarejects.FfataMessageLog" >
   </EntityUsage>
   <ViewAttribute
      Name="Cn"
      IsNotNull="true"
      EntityAttrName="Cn"
      EntityUsage="FfataMessageLog"
      AliasName="CN" >
   </ViewAttribute>
   <ViewAttribute
      Name="Agency"
      EntityAttrName="Agency"
      EntityUsage="FfataMessageLog"
      AliasName="AGENCY" >
   </ViewAttribute>
   <ViewAttribute
      Name="TransmissionNum"
      EntityAttrName="TransmissionNum"
      EntityUsage="FfataMessageLog"
      AliasName="TRANSMISSION_NUM" >
   </ViewAttribute>
   <ViewAttribute
      Name="ErrorNum"
      EntityAttrName="ErrorNum"
      EntityUsage="FfataMessageLog"
      AliasName="ERROR_NUM" >
   </ViewAttribute>
   <ViewAttribute
      Name="Fain"
      EntityAttrName="Fain"
      EntityUsage="FfataMessageLog"
      AliasName="FAIN" >
   </ViewAttribute>
   <ViewAttribute
      Name="ErrorField"
      EntityAttrName="ErrorField"
      EntityUsage="FfataMessageLog"
      AliasName="ERROR_FIELD" >
   </ViewAttribute>
   <ViewAttribute
      Name="ErrorFieldData"
      EntityAttrName="ErrorFieldData"
      EntityUsage="FfataMessageLog"
      AliasName="ERROR_FIELD_DATA" >
   </ViewAttribute>
   <ViewAttribute
      Name="Status"
      EntityAttrName="Status"
      EntityUsage="FfataMessageLog"
      AliasName="STATUS" >
   </ViewAttribute>
   <ViewAttribute
      Name="Loc"
      EntityAttrName="Loc"
      EntityUsage="FfataMessageLog"
      AliasName="LOC" >
   </ViewAttribute>
   <ViewAttribute
      Name="FaadsTransCn"
      EntityAttrName="FaadsTransCn"
      EntityUsage="FfataMessageLog"
      AliasName="FAADS_TRANS_CN" >
   </ViewAttribute>
   <ViewAttribute
      Name="StatusDate"
      EntityAttrName="StatusDate"
      EntityUsage="FfataMessageLog"
      AliasName="STATUS_DATE" >
      <Properties>
         <SchemaBasedProperties>
            <FMT_FORMATTER
               ResId="gov.usda.fs.nrm.ffatarejects.model.dataaccess.FfataMessageLogView.StatusDate_FMT_FORMATTER" >
            </FMT_FORMATTER>
            <FMT_FORMAT
               ResId="gov.usda.fs.nrm.ffatarejects.model.dataaccess.FfataMessageLogView.StatusDate_FMT_FORMAT" >
            </FMT_FORMAT>
         </SchemaBasedProperties>
      </Properties>
   </ViewAttribute>
   <ViewAttribute
      Name="InternalMessage"
      EntityAttrName="InternalMessage"
      EntityUsage="FfataMessageLog"
      AliasName="INTERNAL_MESSAGE" >
   </ViewAttribute>
   <ResourceBundle >
      <PropertiesBundle
         PropertiesFile="gov.usda.fs.nrm.ffatarejects.model.ModelBundle" >
      </PropertiesBundle>
   </ResourceBundle>
</ViewObject>
