<?xml version='1.0' encoding='windows-1252' ?>
<!DOCTYPE ViewObject SYSTEM "jbo_03_01.dtd">

<ViewObject
   xmlns="http://xmlns.oracle.com/bc4j"
   Name="LovContacts"
   Version="12.2.1.22.48"
   OrderBy="last_or_org_name"
   BindingStyle="OracleName"
   CustomQuery="true"
   ComponentClass="gov.usda.fs.nrm.gacommon.model.dataaccess.contreplace.lov.LovContactsImpl"
   FetchMode="FETCH_AS_NEEDED"
   FetchSize="10"
   PageIterMode="Partial" >
   <SQLQuery><![CDATA[SELECT /*+ choose */ 
       Contacts.CN, 
       Contacts.contact_type, 
       Contacts.ID, 
       Contacts.last_or_org_name, 
       Contacts.first_name,
       Contacts.DUNS, 
       Contacts.REMARKS, 
       Addresses.CONT_CN, 
       Addresses.ADDRESS_TYPE, 
       Addresses.LINE_1, 
       Addresses.LINE_2, 
       Addresses.CITY_NAME, 
       Addresses.STATE_CODE, 
       Addresses.POSTAL_CODE, 
       Addresses.ELECTRONIC_ADDRESS, 
       Addresses.PROGRAM_AREA, 
       Addresses.SECURITY_ID 
FROM ii_all_contacts_uv Contacts, II_ADDRESSES Addresses
WHERE Contacts.ID <> 'XXXX' 
 and Contacts.ADMIN_ORG_IND = 'N' 
 and Contacts.CN = Addresses.CONT_CN(+)
 and (Addresses.PROGRAM_AREA = 'GA' OR Addresses.PROGRAM_AREA IS NULL) 
 and Contacts.CN in (select links.cont_cn from ii_accinst_cont_links links where links.LINK_TYPE_NAME like 'GA%')]]></SQLQuery>
   <DesignTime>
      <Attr Name="_codeGenFlag2" Value="Coll|VarAccess" />
      <Attr Name="_isExpertMode" Value="true" />
   </DesignTime>
   <ViewAttribute
      Name="Cn"
      IsUpdateable="false"
      IsPersistent="false"
      IsNotNull="true"
      Precision="34"
      Type="java.lang.String"
      ColumnType="VARCHAR2"
      AliasName="CN"
      Expression="CN"
      SQLType="VARCHAR" >
      <DesignTime>
         <Attr Name="_DisplaySize" Value="34" />
      </DesignTime>
      <Properties>
         <SchemaBasedProperties>
            <LABEL
               ResId="gov.usda.fs.iweb.contactreplace.model.dataaccess.lov.LovContacts.Cn_LABEL" >
            </LABEL>
         </SchemaBasedProperties>
      </Properties>
   </ViewAttribute>
   <ViewAttribute
      Name="ContactType"
      IsPersistent="false"
      Precision="40"
      Type="java.lang.String"
      ColumnType="VARCHAR2"
      AliasName="CONTACT_TYPE"
      Expression="CONTACT_TYPE"
      SQLType="VARCHAR" >
      <DesignTime>
         <Attr Name="_DisplaySize" Value="40" />
      </DesignTime>
      <Properties>
         <SchemaBasedProperties>
            <LABEL
               ResId="gov.usda.fs.iweb.contactreplace.model.dataaccess.lov.LovContacts.ContactType_LABEL" >
            </LABEL>
         </SchemaBasedProperties>
      </Properties>
   </ViewAttribute>
   <ViewAttribute
      Name="Id"
      IsUpdateable="false"
      IsPersistent="false"
      IsNotNull="true"
      Precision="30"
      Type="java.lang.String"
      ColumnType="VARCHAR2"
      AliasName="ID"
      Expression="ID"
      SQLType="VARCHAR" >
      <DesignTime>
         <Attr Name="_DisplaySize" Value="30" />
      </DesignTime>
   </ViewAttribute>
   <ViewAttribute
      Name="LastOrOrgName"
      IsPersistent="false"
      Precision="60"
      Type="java.lang.String"
      ColumnType="VARCHAR2"
      AliasName="LAST_OR_ORG_NAME"
      Expression="LAST_OR_ORG_NAME"
      SQLType="VARCHAR" >
      <DesignTime>
         <Attr Name="_DisplaySize" Value="60" />
      </DesignTime>
      <Properties>
         <SchemaBasedProperties>
            <LABEL
               ResId="gov.usda.fs.iweb.contactreplace.model.dataaccess.lov.LovContacts.LastOrOrgName_LABEL" >
            </LABEL>
         </SchemaBasedProperties>
      </Properties>
   </ViewAttribute>
   <ViewAttribute
      Name="FirstName"
      IsUpdateable="false"
      IsPersistent="false"
      Precision="36"
      Type="java.lang.String"
      ColumnType="VARCHAR2"
      AliasName="FIRST_NAME"
      Expression="FIRST_NAME"
      SQLType="VARCHAR" >
      <DesignTime>
         <Attr Name="_DisplaySize" Value="36" />
      </DesignTime>
      <Properties>
         <SchemaBasedProperties>
            <LABEL
               ResId="gov.usda.fs.iweb.contactreplace.model.dataaccess.lov.LovContacts.FirstName_LABEL" >
            </LABEL>
         </SchemaBasedProperties>
      </Properties>
   </ViewAttribute>
   <ViewAttribute
      Name="Duns"
      IsUpdateable="false"
      IsPersistent="false"
      Precision="40"
      Type="java.lang.String"
      ColumnType="VARCHAR2"
      AliasName="DUNS"
      Expression="DUNS"
      SQLType="VARCHAR" >
      <DesignTime>
         <Attr Name="_DisplaySize" Value="40" />
      </DesignTime>
      <Properties>
         <SchemaBasedProperties>
            <LABEL
               ResId="gov.usda.fs.iweb.contactreplace.model.dataaccess.lov.LovContacts.Duns_LABEL" >
            </LABEL>
         </SchemaBasedProperties>
      </Properties>
   </ViewAttribute>
   <ViewAttribute
      Name="Remarks"
      IsUpdateable="false"
      IsPersistent="false"
      Precision="255"
      Type="java.lang.String"
      ColumnType="VARCHAR2"
      AliasName="REMARKS"
      Expression="REMARKS"
      SQLType="VARCHAR" >
      <DesignTime>
         <Attr Name="_DisplaySize" Value="255" />
      </DesignTime>
   </ViewAttribute>
   <ViewAttribute
      Name="ContCn"
      IsUpdateable="false"
      IsPersistent="false"
      Precision="34"
      Type="java.lang.String"
      ColumnType="VARCHAR2"
      AliasName="CONT_CN"
      Expression="CONT_CN"
      SQLType="VARCHAR" >
      <DesignTime>
         <Attr Name="_DisplaySize" Value="34" />
      </DesignTime>
   </ViewAttribute>
   <ViewAttribute
      Name="AddressType"
      IsUpdateable="false"
      IsPersistent="false"
      Precision="40"
      Type="java.lang.String"
      ColumnType="VARCHAR2"
      AliasName="ADDRESS_TYPE"
      Expression="ADDRESS_TYPE"
      SQLType="VARCHAR" >
      <DesignTime>
         <Attr Name="_DisplaySize" Value="40" />
      </DesignTime>
      <Properties>
         <SchemaBasedProperties>
            <LABEL
               ResId="gov.usda.fs.iweb.contactreplace.model.dataaccess.lov.LovContacts.AddressType_LABEL" >
            </LABEL>
         </SchemaBasedProperties>
      </Properties>
   </ViewAttribute>
   <ViewAttribute
      Name="Line1"
      IsUpdateable="false"
      IsPersistent="false"
      Precision="75"
      Type="java.lang.String"
      ColumnType="VARCHAR2"
      AliasName="LINE_1"
      Expression="LINE_1"
      SQLType="VARCHAR" >
      <DesignTime>
         <Attr Name="_DisplaySize" Value="75" />
      </DesignTime>
      <Properties>
         <SchemaBasedProperties>
            <LABEL
               ResId="gov.usda.fs.iweb.contactreplace.model.dataaccess.lov.LovContacts.Line1_LABEL" >
            </LABEL>
         </SchemaBasedProperties>
      </Properties>
   </ViewAttribute>
   <ViewAttribute
      Name="Line2"
      IsUpdateable="false"
      IsPersistent="false"
      Precision="75"
      Type="java.lang.String"
      ColumnType="VARCHAR2"
      AliasName="LINE_2"
      Expression="LINE_2"
      SQLType="VARCHAR" >
      <DesignTime>
         <Attr Name="_DisplaySize" Value="75" />
      </DesignTime>
   </ViewAttribute>
   <ViewAttribute
      Name="CityName"
      IsUpdateable="false"
      IsPersistent="false"
      Precision="40"
      Type="java.lang.String"
      ColumnType="VARCHAR2"
      AliasName="CITY_NAME"
      Expression="CITY_NAME"
      SQLType="VARCHAR" >
      <DesignTime>
         <Attr Name="_DisplaySize" Value="40" />
      </DesignTime>
      <Properties>
         <SchemaBasedProperties>
            <LABEL
               ResId="gov.usda.fs.iweb.contactreplace.model.dataaccess.lov.LovContacts.CityName_LABEL" >
            </LABEL>
         </SchemaBasedProperties>
      </Properties>
   </ViewAttribute>
   <ViewAttribute
      Name="StateCode"
      IsUpdateable="false"
      IsPersistent="false"
      Precision="40"
      Type="java.lang.String"
      ColumnType="VARCHAR2"
      AliasName="STATE_CODE"
      Expression="STATE_CODE"
      SQLType="VARCHAR" >
      <DesignTime>
         <Attr Name="_DisplaySize" Value="40" />
      </DesignTime>
      <Properties>
         <SchemaBasedProperties>
            <LABEL
               ResId="gov.usda.fs.iweb.contactreplace.model.dataaccess.lov.LovContacts.StateCode_LABEL" >
            </LABEL>
         </SchemaBasedProperties>
      </Properties>
   </ViewAttribute>
   <ViewAttribute
      Name="PostalCode"
      IsUpdateable="false"
      IsPersistent="false"
      Precision="10"
      Type="java.lang.String"
      ColumnType="VARCHAR2"
      AliasName="POSTAL_CODE"
      Expression="POSTAL_CODE"
      SQLType="VARCHAR" >
      <DesignTime>
         <Attr Name="_DisplaySize" Value="10" />
      </DesignTime>
   </ViewAttribute>
   <ViewAttribute
      Name="ElectronicAddress"
      IsUpdateable="false"
      IsPersistent="false"
      Precision="255"
      Type="java.lang.String"
      ColumnType="VARCHAR2"
      AliasName="ELECTRONIC_ADDRESS"
      Expression="ELECTRONIC_ADDRESS"
      SQLType="VARCHAR" >
      <DesignTime>
         <Attr Name="_DisplaySize" Value="255" />
      </DesignTime>
      <Properties>
         <SchemaBasedProperties>
            <LABEL
               ResId="gov.usda.fs.iweb.contactreplace.model.dataaccess.lov.LovContacts.ElectronicAddress_LABEL" >
            </LABEL>
         </SchemaBasedProperties>
      </Properties>
   </ViewAttribute>
   <ViewAttribute
      Name="ProgramArea"
      IsUpdateable="false"
      IsPersistent="false"
      Precision="40"
      Type="java.lang.String"
      ColumnType="VARCHAR2"
      AliasName="PROGRAM_AREA"
      Expression="PROGRAM_AREA"
      SQLType="VARCHAR" >
      <DesignTime>
         <Attr Name="_DisplaySize" Value="40" />
      </DesignTime>
   </ViewAttribute>
   <ViewAttribute
      Name="SecurityId"
      IsUpdateable="false"
      IsPersistent="false"
      Precision="30"
      Type="java.lang.String"
      ColumnType="VARCHAR2"
      AliasName="SECURITY_ID"
      Expression="SECURITY_ID"
      SQLType="VARCHAR" >
      <DesignTime>
         <Attr Name="_DisplaySize" Value="30" />
      </DesignTime>
   </ViewAttribute>
   <ResourceBundle >
      <PropertiesBundle
         PropertiesFile="model.ModelBundle" >
      </PropertiesBundle>
   </ResourceBundle>
</ViewObject>
