<?xml version='1.0' encoding='windows-1252' ?>
<!DOCTYPE ViewObject SYSTEM "jbo_03_01.dtd">

<ViewObject
   xmlns="http://xmlns.oracle.com/bc4j"
   Name="LovOrgs"
   Version="12.2.1.22.48"
   OrderBy="Org"
   BindingStyle="OracleName"
   CustomQuery="true"
   ComponentClass="gov.usda.fs.nrm.gacommon.model.dataaccess.contreplace.lov.LovOrgsImpl"
   PageIterMode="Partial" >
   <DesignTime>
      <Attr Name="_codeGenFlag2" Value="Coll|VarAccess" />
      <Attr Name="_isExpertMode" Value="true" />
   </DesignTime>
   <Variable
      Name="contCn"
      Kind="where"
      Type="java.lang.String"
      DefaultValue="0" >
   </Variable>
   <SQLQuery><![CDATA[select distinct (select id from ii_contacts where cn = grants.managing_cont_cn) Org
      ,grants.managing_cont_cn
from II_AI_GA_APP_V grants 
where grants.cn in 
(select links.ACCINST_CN from ii_accinst_cont_links links 
-- GP where rownum < 101  
Where links.CONT_CN = :contCn)]]></SQLQuery>
   <ViewAttribute
      Name="Org"
      IsUpdateable="false"
      IsPersistent="false"
      Precision="30"
      Type="java.lang.String"
      ColumnType="VARCHAR2"
      AliasName="ORG"
      Expression="ORG"
      SQLType="VARCHAR" >
      <DesignTime>
         <Attr Name="_DisplaySize" Value="30" />
      </DesignTime>
   </ViewAttribute>
   <ViewAttribute
      Name="ManagingContCn"
      IsUpdateable="false"
      IsPersistent="false"
      Precision="34"
      Type="java.lang.String"
      ColumnType="VARCHAR2"
      AliasName="MANAGING_CONT_CN"
      Expression="MANAGING_CONT_CN"
      SQLType="VARCHAR" >
      <DesignTime>
         <Attr Name="_DisplaySize" Value="34" />
      </DesignTime>
   </ViewAttribute>
</ViewObject>
