<?xml version='1.0' encoding='windows-1252' ?>
<!DOCTYPE Association SYSTEM "jbo_03_01.dtd">
<!---->

<Association
   xmlns="http://xmlns.oracle.com/bc4j"
   Name="AccinstClVendFkAssoc"
   Version="12.2.1.22.48" >
   <DesignTime>
      <Attr Name="_isCodegen" Value="true" />
   </DesignTime>
   <AssociationEnd
      Name="FfisVendors"
      Cardinality="1"
      Source="true"
      Owner="gov.usda.fs.nrm.gacommon.model.entity.raca.FfisVendors" >
      <DesignTime>
         <Attr Name="_isUpdateable" Value="true"/>
         <Attr Name="_aggregation" Value="0"/>
         <Attr Name="_finderName" Value="FfisVendors"/>
         <Attr Name="_foreignKey" Value="gov.usda.fs.nrm.gacommon.model.entity.raca.FfisVendors.IiFfisVendorsPk"/>
      </DesignTime>
      <AttrArray Name="Attributes">
         <Item Value="gov.usda.fs.nrm.gacommon.model.entity.raca.FfisVendors.VendorId" />
      </AttrArray>
   </AssociationEnd>
   <AssociationEnd
      Name="AccinstContLinks"
      Cardinality="-1"
      Owner="gov.usda.fs.nrm.gacommon.model.entity.raca.AccinstContLinks" >
      <DesignTime>
         <Attr Name="_isUpdateable" Value="true"/>
         <Attr Name="_aggregation" Value="0"/>
         <Attr Name="_finderName" Value="AccinstContLinks"/>
         <Attr Name="_foreignKey" Value="gov.usda.fs.nrm.gacommon.model.entity.raca.AccinstContLinks.AccinstClVendFk"/>
      </DesignTime>
      <AttrArray Name="Attributes">
         <Item Value="gov.usda.fs.nrm.gacommon.model.entity.raca.AccinstContLinks.FfisVendorId" />
      </AttrArray>
   </AssociationEnd>
</Association>
