<?xml version='1.0' encoding='windows-1252' ?>
<!DOCTYPE Association SYSTEM "jbo_03_01.dtd">
<!---->

<Association
   xmlns="http://xmlns.oracle.com/bc4j"
   Name="AiRacaAgmtRacaReqsAssoc"
   Version="12.2.1.22.48" >
   <DesignTime>
      <Attr Name="_isCodegen" Value="true" />
   </DesignTime>
   <AssociationEnd
      Name="AiRacaAgmtAppV"
      Cardinality="1"
      Source="true"
      Owner="gov.usda.fs.nrm.gacommon.model.entity.raca.AiRacaAgmtAppV"
      LockLevel="NONE" >
      <DesignTime>
         <Attr Name="_isUpdateable" Value="true"/>
         <Attr Name="_minCardinality" Value="1"/>
         <Attr Name="_aggregation" Value="0"/>
         <Attr Name="_finderName" Value="AiRacaAgmtAppV"/>
      </DesignTime>
      <AttrArray Name="Attributes">
         <Item Value="gov.usda.fs.nrm.gacommon.model.entity.raca.AiRacaAgmtAppV.Cn" />
      </AttrArray>
   </AssociationEnd>
   <AssociationEnd
      Name="RacaReqs"
      Cardinality="-1"
      Owner="gov.usda.fs.nrm.gacommon.model.entity.raca.RacaReqs" >
      <DesignTime>
         <Attr Name="_isUpdateable" Value="true"/>
         <Attr Name="_aggregation" Value="0"/>
         <Attr Name="_finderName" Value="RacaReqs"/>
      </DesignTime>
      <AttrArray Name="Attributes">
         <Item Value="gov.usda.fs.nrm.gacommon.model.entity.raca.RacaReqs.RacaAgmtCn" />
      </AttrArray>
   </AssociationEnd>
</Association>
