<?xml version='1.0' encoding='windows-1252' ?>
<!DOCTYPE Entity SYSTEM "jbo_03_01.dtd">
<!---->

<Entity
   xmlns="http://xmlns.oracle.com/bc4j"
   Name="Emails"
   Version="12.2.1.22.48"
   DBObjectType="synonym"
   DBObjectName="II_EMAILS"
   AliasName="Emails"
   BindingStyle="OracleName"
   RowClass="gov.usda.fs.nrm.gacommon.model.entity.raca.EmailsImpl" >
   <DesignTime>
      <Attr Name="_codeGenFlag2" Value="Access" />
      <Attr Name="_isCodegen" Value="true" />
   </DesignTime>
   <Attribute
      Name="Recipient"
      IsNotNull="true"
      Precision="2000"
      ColumnName="RECIPIENT"
      SQLType="VARCHAR"
      Type="java.lang.String"
      ColumnType="VARCHAR2"
      TableName="II_EMAILS" >
      <DesignTime>
         <Attr Name="_DisplaySize" Value="2000" />
      </DesignTime>
   </Attribute>
   <Attribute
      Name="Sender"
      IsNotNull="true"
      Precision="100"
      ColumnName="SENDER"
      SQLType="VARCHAR"
      Type="java.lang.String"
      ColumnType="VARCHAR2"
      TableName="II_EMAILS" >
      <DesignTime>
         <Attr Name="_DisplaySize" Value="100" />
      </DesignTime>
   </Attribute>
   <Attribute
      Name="Subject"
      IsNotNull="true"
      Precision="100"
      ColumnName="SUBJECT"
      SQLType="VARCHAR"
      Type="java.lang.String"
      ColumnType="VARCHAR2"
      TableName="II_EMAILS" >
      <DesignTime>
         <Attr Name="_DisplaySize" Value="100" />
      </DesignTime>
   </Attribute>
   <Attribute
      Name="Body"
      IsQueriable="false"
      IsNotNull="true"
      ColumnName="BODY"
      SQLType="CLOB"
      Type="oracle.jbo.domain.ClobDomain"
      ColumnType="CLOB"
      TableName="II_EMAILS" >
   </Attribute>
   <Attribute
      Name="Status"
      IsNotNull="true"
      Precision="10"
      ColumnName="STATUS"
      SQLType="VARCHAR"
      Type="java.lang.String"
      ColumnType="VARCHAR2"
      TableName="II_EMAILS" >
      <DesignTime>
         <Attr Name="_DisplaySize" Value="10" />
      </DesignTime>
   </Attribute>
   <Attribute
      Name="SendDate"
      ColumnName="SEND_DATE"
      SQLType="DATE"
      Type="oracle.jbo.domain.Date"
      ColumnType="DATE"
      TableName="II_EMAILS" >
      <DesignTime>
         <Attr Name="_DisplaySize" Value="7" />
      </DesignTime>
   </Attribute>
   <Attribute
      Name="Module"
      Precision="100"
      ColumnName="MODULE"
      SQLType="VARCHAR"
      Type="java.lang.String"
      ColumnType="VARCHAR2"
      TableName="II_EMAILS" >
      <DesignTime>
         <Attr Name="_DisplaySize" Value="100" />
      </DesignTime>
   </Attribute>
   <Attribute
      Name="TableName"
      Precision="30"
      ColumnName="TABLE_NAME"
      SQLType="VARCHAR"
      Type="java.lang.String"
      ColumnType="VARCHAR2"
      TableName="II_EMAILS" >
      <DesignTime>
         <Attr Name="_DisplaySize" Value="30" />
      </DesignTime>
   </Attribute>
   <Attribute
      Name="TableNameCn"
      Precision="34"
      ColumnName="TABLE_NAME_CN"
      SQLType="VARCHAR"
      Type="java.lang.String"
      ColumnType="VARCHAR2"
      TableName="II_EMAILS" >
      <DesignTime>
         <Attr Name="_DisplaySize" Value="34" />
      </DesignTime>
   </Attribute>
   <Attribute
      Name="RowID"
      IsUpdateable="false"
      ColumnName="ROWID"
      SQLType="ROWID"
      Type="oracle.jbo.domain.RowID"
      ColumnType="ROWID"
      PrimaryKey="true" >
   </Attribute>
   <Key
      Name="SysC0019519" >
      <DesignTime>
         <Attr Name="_checkCondition" Value="&#34;RECIPIENT&#34; IS NOT NULL" />
         <Attr Name="_isCheck" Value="true" />
         <Attr Name="_DBObjectName" Value="SYS_C0019519" />
      </DesignTime>
   </Key>
   <Key
      Name="SysC0019520" >
      <DesignTime>
         <Attr Name="_checkCondition" Value="&#34;SENDER&#34; IS NOT NULL" />
         <Attr Name="_isCheck" Value="true" />
         <Attr Name="_DBObjectName" Value="SYS_C0019520" />
      </DesignTime>
   </Key>
   <Key
      Name="SysC0019521" >
      <DesignTime>
         <Attr Name="_checkCondition" Value="&#34;SUBJECT&#34; IS NOT NULL" />
         <Attr Name="_isCheck" Value="true" />
         <Attr Name="_DBObjectName" Value="SYS_C0019521" />
      </DesignTime>
   </Key>
   <Key
      Name="SysC0019522" >
      <DesignTime>
         <Attr Name="_checkCondition" Value="&#34;BODY&#34; IS NOT NULL" />
         <Attr Name="_isCheck" Value="true" />
         <Attr Name="_DBObjectName" Value="SYS_C0019522" />
      </DesignTime>
   </Key>
   <Key
      Name="SysC0019525" >
      <DesignTime>
         <Attr Name="_checkCondition" Value="&#34;STATUS&#34; IS NOT NULL" />
         <Attr Name="_isCheck" Value="true" />
         <Attr Name="_DBObjectName" Value="SYS_C0019525" />
      </DesignTime>
   </Key>
</Entity>
