<?xml version='1.0' encoding='windows-1252' ?>
<!DOCTYPE Entity SYSTEM "jbo_03_01.dtd">
<!---->
<Entity
   xmlns="http://xmlns.oracle.com/bc4j"
   Name="FfisVendors"
   Version="12.2.1.22.48"
   DBObjectType="synonym"
   DBObjectName="II_FFIS_VENDORS"
   AliasName="FfisVendors"
   BindingStyle="OracleName"
    RowClass="gov.usda.fs.nrm.gacommon.model.entity.raca.FfisVendorsImpl">
    <DesignTime>
        <Attr Name="_codeGenFlag2" Value="Access"/>
        <Attr Name="_isCodegen" Value="true"/>
    </DesignTime>
    <Attribute
       Name="VendorId"
       IsNotNull="true"
       Precision="11"
       ColumnName="VENDOR_ID"
       SQLType="VARCHAR"
       Type="java.lang.String"
       ColumnType="VARCHAR2"
       TableName="II_FFIS_VENDORS"
       PrimaryKey="true">
        <DesignTime>
            <Attr Name="_DisplaySize" Value="11"/>
        </DesignTime>
        <Properties>
            <SchemaBasedProperties>
                <LABEL
                    ResId="gov.usda.fs.nrm.gacommon.model.entity.raca.FfisVendors.VendorId_LABEL"></LABEL>
            </SchemaBasedProperties>
        </Properties>
    </Attribute>
    <Attribute
       Name="VendorName"
       IsNotNull="true"
       Precision="30"
       ColumnName="VENDOR_NAME"
       SQLType="VARCHAR"
       Type="java.lang.String"
       ColumnType="VARCHAR2"
       TableName="II_FFIS_VENDORS">
        <DesignTime>
            <Attr Name="_DisplaySize" Value="30"/>
        </DesignTime>
        <Properties>
            <SchemaBasedProperties>
                <LABEL
                    ResId="gov.usda.fs.nrm.gacommon.model.entity.raca.FfisVendors.VendorName_LABEL"></LABEL>
            </SchemaBasedProperties>
        </Properties>
    </Attribute>
    <Attribute
       Name="VendorType"
       Precision="1"
       ColumnName="VENDOR_TYPE"
       SQLType="VARCHAR"
       Type="java.lang.String"
       ColumnType="VARCHAR2"
       TableName="II_FFIS_VENDORS">
        <DesignTime>
            <Attr Name="_DisplaySize" Value="1"/>
        </DesignTime>
        <Properties>
            <SchemaBasedProperties>
                <LABEL
                    ResId="gov.usda.fs.nrm.gacommon.model.entity.raca.FfisVendors.VendorType_LABEL"></LABEL>
            </SchemaBasedProperties>
        </Properties>
    </Attribute>
    <Attribute
       Name="VendorAddr1"
       Precision="30"
       ColumnName="VENDOR_ADDR_1"
       SQLType="VARCHAR"
       Type="java.lang.String"
       ColumnType="VARCHAR2"
       TableName="II_FFIS_VENDORS">
        <DesignTime>
            <Attr Name="_DisplaySize" Value="30"/>
        </DesignTime>
        <Properties>
            <SchemaBasedProperties>
                <LABEL
                    ResId="gov.usda.fs.nrm.gacommon.model.entity.raca.FfisVendors.VendorAddr1_LABEL"></LABEL>
            </SchemaBasedProperties>
        </Properties>
    </Attribute>
    <Attribute
       Name="VendorAddr2"
       Precision="30"
       ColumnName="VENDOR_ADDR_2"
       SQLType="VARCHAR"
       Type="java.lang.String"
       ColumnType="VARCHAR2"
       TableName="II_FFIS_VENDORS">
        <DesignTime>
            <Attr Name="_DisplaySize" Value="30"/>
        </DesignTime>
        <Properties>
            <SchemaBasedProperties>
                <LABEL
                    ResId="gov.usda.fs.nrm.gacommon.model.entity.raca.FfisVendors.VendorAddr2_LABEL"></LABEL>
            </SchemaBasedProperties>
        </Properties>
    </Attribute>
    <Attribute
       Name="VendorCity"
       Precision="19"
       ColumnName="VENDOR_CITY"
       SQLType="VARCHAR"
       Type="java.lang.String"
       ColumnType="VARCHAR2"
       TableName="II_FFIS_VENDORS">
        <DesignTime>
            <Attr Name="_DisplaySize" Value="19"/>
        </DesignTime>
        <Properties>
            <SchemaBasedProperties>
                <LABEL
                    ResId="gov.usda.fs.nrm.gacommon.model.entity.raca.FfisVendors.VendorCity_LABEL"></LABEL>
            </SchemaBasedProperties>
        </Properties>
    </Attribute>
    <Attribute
       Name="VendorState"
       Precision="2"
       ColumnName="VENDOR_STATE"
       SQLType="VARCHAR"
       Type="java.lang.String"
       ColumnType="VARCHAR2"
       TableName="II_FFIS_VENDORS">
        <DesignTime>
            <Attr Name="_DisplaySize" Value="2"/>
        </DesignTime>
        <Properties>
            <SchemaBasedProperties>
                <LABEL
                    ResId="gov.usda.fs.nrm.gacommon.model.entity.raca.FfisVendors.VendorState_LABEL"></LABEL>
            </SchemaBasedProperties>
        </Properties>
    </Attribute>
    <Attribute
       Name="VendorZip"
       Precision="9"
       ColumnName="VENDOR_ZIP"
       SQLType="VARCHAR"
       Type="java.lang.String"
       ColumnType="VARCHAR2"
       TableName="II_FFIS_VENDORS">
        <DesignTime>
            <Attr Name="_DisplaySize" Value="9"/>
        </DesignTime>
        <Properties>
            <SchemaBasedProperties>
                <LABEL
                    ResId="gov.usda.fs.nrm.gacommon.model.entity.raca.FfisVendors.VendorZip_LABEL"></LABEL>
            </SchemaBasedProperties>
        </Properties>
    </Attribute>
    <Attribute
       Name="VendorTypeCat"
       Precision="1"
       ColumnName="VENDOR_TYPE_CAT"
       SQLType="VARCHAR"
       Type="java.lang.String"
       ColumnType="VARCHAR2"
       TableName="II_FFIS_VENDORS">
        <DesignTime>
            <Attr Name="_DisplaySize" Value="1"/>
        </DesignTime>
    </Attribute>
    <Attribute
       Name="VendorMiscInd"
       Precision="1"
       ColumnName="VENDOR_MISC_IND"
       SQLType="VARCHAR"
       Type="java.lang.String"
       ColumnType="VARCHAR2"
       TableName="II_FFIS_VENDORS">
        <DesignTime>
            <Attr Name="_DisplaySize" Value="1"/>
        </DesignTime>
    </Attribute>
    <Attribute
       Name="VendorGroupChkInd"
       Precision="1"
       ColumnName="VENDOR_GROUP_CHK_IND"
       SQLType="VARCHAR"
       Type="java.lang.String"
       ColumnType="VARCHAR2"
       TableName="II_FFIS_VENDORS">
        <DesignTime>
            <Attr Name="_DisplaySize" Value="1"/>
        </DesignTime>
    </Attribute>
    <Attribute
       Name="VendorContact"
       Precision="30"
       ColumnName="VENDOR_CONTACT"
       SQLType="VARCHAR"
       Type="java.lang.String"
       ColumnType="VARCHAR2"
       TableName="II_FFIS_VENDORS">
        <DesignTime>
            <Attr Name="_DisplaySize" Value="30"/>
        </DesignTime>
    </Attribute>
    <Attribute
       Name="VendorPhone"
       Precision="11"
       ColumnName="VENDOR_PHONE"
       SQLType="VARCHAR"
       Type="java.lang.String"
       ColumnType="VARCHAR2"
       TableName="II_FFIS_VENDORS">
        <DesignTime>
            <Attr Name="_DisplaySize" Value="11"/>
        </DesignTime>
        <Properties>
            <SchemaBasedProperties>
                <LABEL
                    ResId="gov.usda.fs.nrm.gacommon.model.entity.raca.FfisVendors.VendorPhone_LABEL"></LABEL>
            </SchemaBasedProperties>
        </Properties>
    </Attribute>
    <Attribute
       Name="VendorCustAcct"
       Precision="12"
       ColumnName="VENDOR_CUST_ACCT"
       SQLType="VARCHAR"
       Type="java.lang.String"
       ColumnType="VARCHAR2"
       TableName="II_FFIS_VENDORS">
        <DesignTime>
            <Attr Name="_DisplaySize" Value="12"/>
        </DesignTime>
    </Attribute>
    <Attribute
       Name="VendorProviderInd"
       Precision="1"
       ColumnName="VENDOR_PROVIDER_IND"
       SQLType="VARCHAR"
       Type="java.lang.String"
       ColumnType="VARCHAR2"
       TableName="II_FFIS_VENDORS">
        <DesignTime>
            <Attr Name="_DisplaySize" Value="1"/>
        </DesignTime>
    </Attribute>
    <Attribute
       Name="Comments"
       Precision="2000"
       ColumnName="COMMENTS"
       SQLType="VARCHAR"
       Type="java.lang.String"
       ColumnType="VARCHAR2"
       TableName="II_FFIS_VENDORS">
        <DesignTime>
            <Attr Name="_DisplaySize" Value="2000"/>
        </DesignTime>
    </Attribute>
    <Attribute
       Name="ActiveInd"
       Precision="1"
       ColumnName="ACTIVE_IND"
       SQLType="VARCHAR"
       Type="java.lang.String"
       ColumnType="VARCHAR2"
       TableName="II_FFIS_VENDORS">
        <DesignTime>
            <Attr Name="_DisplaySize" Value="1"/>
        </DesignTime>
    </Attribute>
    <AccessorAttribute
       Name="AccinstContLinks"
        Association="gov.usda.fs.nrm.gacommon.model.entity.raca.AccinstClVendFkAssoc"
        AssociationEnd="gov.usda.fs.nrm.gacommon.model.entity.raca.AccinstClVendFkAssoc.AccinstContLinks"
        AssociationOtherEnd="gov.usda.fs.nrm.gacommon.model.entity.raca.AccinstClVendFkAssoc.FfisVendors"
       Type="oracle.jbo.RowIterator"
       IsUpdateable="false">
   </AccessorAttribute>
    <Key
       Name="IiFfisVendorsPk"
       PrimaryKey="true">
        <DesignTime>
            <Attr Name="_DBObjectName" Value="II_FFIS_VENDORS_PK"/>
        </DesignTime>
        <AttrArray Name="Attributes"/>
    </Key>
    <Key
       Name="SysC00180287">
        <DesignTime>
            <Attr Name="_checkCondition" Value='"VENDOR_ID" IS NOT NULL'/>
            <Attr Name="_isCheck" Value="true"/>
            <Attr Name="_DBObjectName" Value="SYS_C00180287"/>
        </DesignTime>
        <AttrArray Name="Attributes"/>
    </Key>
    <Key
       Name="SysC00180288">
        <DesignTime>
            <Attr Name="_checkCondition" Value='"VENDOR_NAME" IS NOT NULL'/>
            <Attr Name="_isCheck" Value="true"/>
            <Attr Name="_DBObjectName" Value="SYS_C00180288"/>
        </DesignTime>
        <AttrArray Name="Attributes"/>
    </Key>
</Entity>
