<?xml version='1.0' encoding='windows-1252' ?>
<!DOCTYPE Entity SYSTEM "jbo_03_01.dtd">
<!---->
<Entity
   xmlns="http://xmlns.oracle.com/bc4j"
   Name="PhoneNumbers"
   Version="12.2.1.22.48"
   DBObjectType="synonym"
   DBObjectName="II_PHONE_NUMBERS"
   AliasName="PhoneNumbers"
   BindingStyle="OracleName"
    RowClass="gov.usda.fs.nrm.gacommon.model.entity.raca.PhoneNumbersImpl">
    <DesignTime>
        <Attr Name="_codeGenFlag2" Value="Access"/>
        <Attr Name="_isCodegen" Value="true"/>
    </DesignTime>
    <Attribute
       Name="ContCn"
       IsNotNull="true"
       Precision="34"
       ColumnName="CONT_CN"
       SQLType="VARCHAR"
       Type="java.lang.String"
       ColumnType="VARCHAR2"
       TableName="II_PHONE_NUMBERS">
        <DesignTime>
            <Attr Name="_DisplaySize" Value="34"/>
        </DesignTime>
    </Attribute>
    <Attribute
       Name="PhoneNumberType"
       IsNotNull="true"
       Precision="40"
       ColumnName="PHONE_NUMBER_TYPE"
       SQLType="VARCHAR"
       Type="java.lang.String"
       ColumnType="VARCHAR2"
       TableName="II_PHONE_NUMBERS">
        <DesignTime>
            <Attr Name="_DisplaySize" Value="40"/>
        </DesignTime>
        <Properties>
            <SchemaBasedProperties>
                <LABEL
                    ResId="gov.usda.fs.nrm.gacommon.model.entity.raca.PhoneNumbers.PhoneNumberType_LABEL"></LABEL>
            </SchemaBasedProperties>
        </Properties>
    </Attribute>
    <Attribute
       Name="InternationalCode"
       Precision="10"
       ColumnName="INTERNATIONAL_CODE"
       SQLType="VARCHAR"
       Type="java.lang.String"
       ColumnType="VARCHAR2"
       TableName="II_PHONE_NUMBERS">
        <DesignTime>
            <Attr Name="_DisplaySize" Value="10"/>
        </DesignTime>
        <Properties>
            <SchemaBasedProperties>
                <LABEL
                    ResId="gov.usda.fs.nrm.gacommon.model.entity.raca.PhoneNumbers.InternationalCode_LABEL"></LABEL>
            </SchemaBasedProperties>
        </Properties>
    </Attribute>
    <Attribute
       Name="AreaCode"
       Precision="3"
       ColumnName="AREA_CODE"
       SQLType="VARCHAR"
       Type="java.lang.String"
       ColumnType="VARCHAR2"
       TableName="II_PHONE_NUMBERS">
        <DesignTime>
            <Attr Name="_DisplaySize" Value="3"/>
        </DesignTime>
        <Properties>
            <SchemaBasedProperties>
                <LABEL
                    ResId="gov.usda.fs.nrm.gacommon.model.entity.raca.PhoneNumbers.AreaCode_LABEL"></LABEL>
            </SchemaBasedProperties>
        </Properties>
    </Attribute>
    <Attribute
       Name="PhoneNumber"
       Precision="8"
       ColumnName="PHONE_NUMBER"
       SQLType="VARCHAR"
       Type="java.lang.String"
       ColumnType="VARCHAR2"
       TableName="II_PHONE_NUMBERS">
        <DesignTime>
            <Attr Name="_DisplaySize" Value="8"/>
        </DesignTime>
        <Properties>
            <SchemaBasedProperties>
                <LABEL
                    ResId="gov.usda.fs.nrm.gacommon.model.entity.raca.PhoneNumbers.PhoneNumber_LABEL"></LABEL>
            </SchemaBasedProperties>
        </Properties>
    </Attribute>
    <Attribute
       Name="Extension"
       Precision="5"
       ColumnName="EXTENSION"
       SQLType="VARCHAR"
       Type="java.lang.String"
       ColumnType="VARCHAR2"
       TableName="II_PHONE_NUMBERS">
        <DesignTime>
            <Attr Name="_DisplaySize" Value="5"/>
        </DesignTime>
    </Attribute>
    <Attribute
       Name="Restrictions"
       Precision="255"
       ColumnName="RESTRICTIONS"
       SQLType="VARCHAR"
       Type="java.lang.String"
       ColumnType="VARCHAR2"
       TableName="II_PHONE_NUMBERS">
        <DesignTime>
            <Attr Name="_DisplaySize" Value="255"/>
        </DesignTime>
    </Attribute>
    <Attribute
       Name="Comments"
       Precision="2000"
       ColumnName="COMMENTS"
       SQLType="VARCHAR"
       Type="java.lang.String"
       ColumnType="VARCHAR2"
       TableName="II_PHONE_NUMBERS">
        <DesignTime>
            <Attr Name="_DisplaySize" Value="2000"/>
        </DesignTime>
    </Attribute>
    <Attribute
       Name="PnCn"
       IsNotNull="true"
       Precision="34"
       ColumnName="PN_CN"
       SQLType="VARCHAR"
       Type="java.lang.String"
       ColumnType="VARCHAR2"
       TableName="II_PHONE_NUMBERS"
       PrimaryKey="true">
        <DesignTime>
            <Attr Name="_DisplaySize" Value="34"/>
        </DesignTime>
    </Attribute>
    <Attribute
       Name="ProgramArea"
       IsNotNull="true"
       Precision="40"
       ColumnName="PROGRAM_AREA"
       SQLType="VARCHAR"
       Type="java.lang.String"
       ColumnType="VARCHAR2"
       TableName="II_PHONE_NUMBERS">
        <DesignTime>
            <Attr Name="_DisplaySize" Value="40"/>
        </DesignTime>
    </Attribute>
    <Attribute
       Name="SecurityId"
       IsNotNull="true"
       Precision="30"
       ColumnName="SECURITY_ID"
       SQLType="VARCHAR"
       Type="java.lang.String"
       ColumnType="VARCHAR2"
       TableName="II_PHONE_NUMBERS">
        <DesignTime>
            <Attr Name="_DisplaySize" Value="30"/>
        </DesignTime>
    </Attribute>
    <AccessorAttribute
        Name="Contacts"
        Association="gov.usda.fs.nrm.gacommon.model.entity.raca.PnContFkAssoc"
        AssociationEnd="gov.usda.fs.nrm.gacommon.model.entity.raca.PnContFkAssoc.Contacts"
        AssociationOtherEnd="gov.usda.fs.nrm.gacommon.model.entity.raca.PnContFkAssoc.PhoneNumbers"
        Type="gov.usda.fs.nrm.gacommon.model.entity.raca.ContactsImpl"
        IsUpdateable="true">
   </AccessorAttribute>
    <Key
        Name="IiPnPk"
        PrimaryKey="true">
        <DesignTime>
            <Attr Name="_DBObjectName" Value="II_PN_PK"/>
        </DesignTime>
        <AttrArray Name="Attributes"/>
    </Key>
    <Key
        Name="SysC008200">
        <DesignTime>
            <Attr Name="_checkCondition" Value='"CONT_CN" IS NOT NULL'/>
            <Attr Name="_isCheck" Value="true"/>
            <Attr Name="_DBObjectName" Value="SYS_C008200"/>
        </DesignTime>
        <AttrArray Name="Attributes"/>
    </Key>
    <Key
        Name="SysC008201">
        <DesignTime>
            <Attr Name="_checkCondition" Value='"PHONE_NUMBER_TYPE" IS NOT NULL'/>
            <Attr Name="_isCheck" Value="true"/>
            <Attr Name="_DBObjectName" Value="SYS_C008201"/>
        </DesignTime>
        <AttrArray Name="Attributes"/>
    </Key>
    <Key
        Name="PnContFk">
        <DesignTime>
            <Attr Name="_referencedKey" Value="CONT_PK"/>
            <Attr Name="_isForeign" Value="true"/>
            <Attr Name="_DBObjectName" Value="PN_CONT_FK"/>
        </DesignTime>
        <AttrArray Name="Attributes"/>
    </Key>
</Entity>
