<?xml version='1.0' encoding='windows-1252' ?>
<!DOCTYPE Entity SYSTEM "jbo_03_01.dtd">
<!---->
<Entity
   xmlns="http://xmlns.oracle.com/bc4j"
   Name="RacaBillLines"
   Version="12.2.1.22.48"
   DBObjectType="synonym"
   DBObjectName="II_RACA_BILL_LINES"
   AliasName="RacaBillLines"
   BindingStyle="OracleName"
    RowClass="gov.usda.fs.nrm.gacommon.model.entity.raca.RacaBillLinesImpl">
    <DesignTime>
        <Attr Name="_codeGenFlag2" Value="Access"/>
        <Attr Name="_isCodegen" Value="true"/>
    </DesignTime>
    <Attribute
       Name="BillCn"
       Precision="34"
       ColumnName="BILL_CN"
       SQLType="VARCHAR"
       Type="java.lang.String"
       ColumnType="VARCHAR2"
       TableName="II_RACA_BILL_LINES">
        <DesignTime>
            <Attr Name="_DisplaySize" Value="34"/>
        </DesignTime>
    </Attribute>
    <Attribute
       Name="LineNo"
       Precision="3"
       Scale="0"
       ColumnName="LINE_NO"
       SQLType="NUMERIC"
       Type="oracle.jbo.domain.Number"
       ColumnType="NUMBER"
       TableName="II_RACA_BILL_LINES">
        <DesignTime>
            <Attr Name="_DisplaySize" Value="22"/>
        </DesignTime>
        <Properties>
            <SchemaBasedProperties>
                <LABEL
                    ResId="gov.usda.fs.nrm.gacommon.model.entity.raca.RacaBillLines.LineNo_LABEL"></LABEL>
            </SchemaBasedProperties>
        </Properties>
    </Attribute>
    <Attribute
       Name="ReferenceInfo"
       Precision="80"
       ColumnName="REFERENCE_INFO"
       SQLType="VARCHAR"
       Type="java.lang.String"
       ColumnType="VARCHAR2"
       TableName="II_RACA_BILL_LINES">
        <DesignTime>
            <Attr Name="_DisplaySize" Value="80"/>
        </DesignTime>
        <Properties>
            <SchemaBasedProperties>
                <LABEL
                    ResId="gov.usda.fs.nrm.gacommon.model.entity.raca.RacaBillLines.ReferenceInfo_LABEL"></LABEL>
            </SchemaBasedProperties>
        </Properties>
    </Attribute>
    <Attribute
       Name="Amount"
       Precision="10"
       Scale="2"
       ColumnName="AMOUNT"
       SQLType="NUMERIC"
       Type="oracle.jbo.domain.Number"
       ColumnType="NUMBER"
       TableName="II_RACA_BILL_LINES">
        <DesignTime>
            <Attr Name="_DisplaySize" Value="22"/>
        </DesignTime>
        <Properties>
            <SchemaBasedProperties>
                <FMT_FORMATTER
                    ResId="gov.usda.fs.nrm.gacommon.model.entity.raca.RacaBillLines.Amount_FMT_FORMATTER"></FMT_FORMATTER>
            </SchemaBasedProperties>
        </Properties>
    </Attribute>
    <Attribute
       Name="JobCode"
       Precision="8"
       ColumnName="JOB_CODE"
       SQLType="VARCHAR"
       Type="java.lang.String"
       ColumnType="VARCHAR2"
       TableName="II_RACA_BILL_LINES">
        <DesignTime>
            <Attr Name="_DisplaySize" Value="8"/>
        </DesignTime>
        <Properties>
            <SchemaBasedProperties>
                <LABEL
                    ResId="gov.usda.fs.nrm.gacommon.model.entity.raca.RacaBillLines.JobCode_LABEL"></LABEL>
            </SchemaBasedProperties>
        </Properties>
    </Attribute>
    <Attribute
       Name="Boc"
       Precision="4"
       ColumnName="BOC"
       SQLType="VARCHAR"
       Type="java.lang.String"
       ColumnType="VARCHAR2"
       TableName="II_RACA_BILL_LINES">
        <DesignTime>
            <Attr Name="_DisplaySize" Value="4"/>
        </DesignTime>
        <Properties>
            <SchemaBasedProperties>
                <LABEL
                    ResId="gov.usda.fs.nrm.gacommon.model.entity.raca.RacaBillLines.Boc_LABEL"></LABEL>
            </SchemaBasedProperties>
        </Properties>
    </Attribute>
    <Attribute
       Name="LineAction"
       Precision="1"
       ColumnName="LINE_ACTION"
       SQLType="VARCHAR"
       Type="java.lang.String"
       ColumnType="VARCHAR2"
       TableName="II_RACA_BILL_LINES">
        <DesignTime>
            <Attr Name="_DisplaySize" Value="1"/>
        </DesignTime>
        <Properties>
            <SchemaBasedProperties>
                <LABEL
                    ResId="gov.usda.fs.nrm.gacommon.model.entity.raca.RacaBillLines.LineAction_LABEL"></LABEL>
            </SchemaBasedProperties>
        </Properties>
    </Attribute>
    <Attribute
       Name="RowID"
       IsUpdateable="false"
       ColumnName="ROWID"
       SQLType="ROWID"
       Type="oracle.jbo.domain.RowID"
       ColumnType="ROWID"
       PrimaryKey="true"></Attribute>
    <AccessorAttribute
       Name="RacaBills"
        Association="gov.usda.fs.nrm.gacommon.model.entity.raca.IiRacaBillLinesFkAssoc"
        AssociationEnd="gov.usda.fs.nrm.gacommon.model.entity.raca.IiRacaBillLinesFkAssoc.RacaBills"
        AssociationOtherEnd="gov.usda.fs.nrm.gacommon.model.entity.raca.IiRacaBillLinesFkAssoc.RacaBillLines"
        Type="gov.usda.fs.nrm.gacommon.model.entity.raca.RacaBillsImpl">
   </AccessorAttribute>
    <Key
       Name="IiRacaBillLinesFk">
        <DesignTime>
            <Attr Name="_referencedKey" Value="II_RACA_BILLS_PK"/>
            <Attr Name="_isForeign" Value="true"/>
            <Attr Name="_DBObjectName" Value="II_RACA_BILL_LINES_FK"/>
        </DesignTime>
        <AttrArray Name="Attributes"/>
    </Key>
</Entity>
