<?xml version='1.0' encoding='windows-1252' ?>
<!DOCTYPE Entity SYSTEM "jbo_03_01.dtd">
<!---->
<Entity
   xmlns="http://xmlns.oracle.com/bc4j"
   Name="RacaReqStatuses"
   Version="12.2.1.22.48"
   DBObjectType="synonym"
   DBObjectName="II_RACA_REQ_STATUSES"
   AliasName="RacaReqStatuses"
   BindingStyle="OracleName"
    RowClass="gov.usda.fs.nrm.gacommon.model.entity.raca.RacaReqStatusesImpl">
    <DesignTime>
        <Attr Name="_codeGenFlag2" Value="Access"/>
        <Attr Name="_isCodegen" Value="true"/>
    </DesignTime>
    <Attribute
       Name="Cn"
       IsNotNull="true"
       Precision="34"
       ColumnName="CN"
       SQLType="VARCHAR"
       Type="java.lang.String"
       ColumnType="VARCHAR2"
       TableName="II_RACA_REQ_STATUSES"
       PrimaryKey="true">
        <DesignTime>
            <Attr Name="_DisplaySize" Value="34"/>
        </DesignTime>
    </Attribute>
    <Attribute
       Name="RacaReqCn"
       IsNotNull="true"
       Precision="34"
       ColumnName="RACA_REQ_CN"
       SQLType="VARCHAR"
       Type="java.lang.String"
       ColumnType="VARCHAR2"
       TableName="II_RACA_REQ_STATUSES">
        <DesignTime>
            <Attr Name="_DisplaySize" Value="34"/>
        </DesignTime>
    </Attribute>
    <Attribute
       Name="StatusCode"
       IsNotNull="true"
       Precision="40"
       ColumnName="STATUS_CODE"
       SQLType="VARCHAR"
       Type="java.lang.String"
       ColumnType="VARCHAR2"
       TableName="II_RACA_REQ_STATUSES">
        <DesignTime>
            <Attr Name="_DisplaySize" Value="40"/>
        </DesignTime>
    </Attribute>
    <Attribute
       Name="StatusDate"
       IsNotNull="true"
       ColumnName="STATUS_DATE"
       SQLType="DATE"
       Type="oracle.jbo.domain.Date"
       ColumnType="DATE"
       TableName="II_RACA_REQ_STATUSES">
        <DesignTime>
            <Attr Name="_DisplaySize" Value="7"/>
        </DesignTime>
        <Properties>
            <SchemaBasedProperties>
                <LABEL
                    ResId="gov.usda.fs.nrm.gacommon.model.entity.raca.RacaReqStatuses.StatusDate_LABEL"></LABEL>
                <FMT_FORMATTER
                    ResId="gov.usda.fs.nrm.gacommon.model.entity.raca.RacaReqStatuses.StatusDate_FMT_FORMATTER"></FMT_FORMATTER>
                <FMT_FORMAT
                    ResId="gov.usda.fs.nrm.gacommon.model.entity.raca.RacaReqStatuses.StatusDate_FMT_FORMAT"></FMT_FORMAT>
            </SchemaBasedProperties>
        </Properties>
    </Attribute>
    <Attribute
       Name="Comments"
       Precision="2000"
       ColumnName="COMMENTS"
       SQLType="VARCHAR"
       Type="java.lang.String"
       ColumnType="VARCHAR2"
       TableName="II_RACA_REQ_STATUSES">
        <DesignTime>
            <Attr Name="_DisplaySize" Value="2000"/>
        </DesignTime>
    </Attribute>
    <AccessorAttribute
       Name="RacaReqs"
        Association="gov.usda.fs.nrm.gacommon.model.entity.raca.RacaReqsRacaReqStatusesAssoc"
        AssociationEnd="gov.usda.fs.nrm.gacommon.model.entity.raca.RacaReqsRacaReqStatusesAssoc.RacaReqs"
        AssociationOtherEnd="gov.usda.fs.nrm.gacommon.model.entity.raca.RacaReqsRacaReqStatusesAssoc.RacaReqStatuses"
        Type="gov.usda.fs.nrm.gacommon.model.entity.raca.RacaReqsImpl"
        IsUpdateable="true">
   </AccessorAttribute>
    <Key
       Name="RacareqstatusesPrimaryKey"
       PrimaryKey="true">
        <DesignTime>
            <Attr Name="_DBObjectName" Value="RACAREQSTATUSES_PRIMARY_KEY"/>
        </DesignTime>
        <AttrArray Name="Attributes"/>
    </Key>
</Entity>
