<?xml version='1.0' encoding='windows-1252' ?>
<!DOCTYPE Entity SYSTEM "jbo_03_01.dtd">
<!---->
<Entity
   xmlns="http://xmlns.oracle.com/bc4j"
   Name="RacaCloseoutReasons"
   Version="12.2.1.22.48"
   DBObjectType="table"
   DBObjectName="II_RACA_CLOSEOUT_REASONS"
   AliasName="RacaCloseoutReasons"
   BindingStyle="OracleName"
    RowClass="gov.usda.fs.nrm.gacommon.model.entity.raca.RacaCloseoutReasonsImpl">
    <DesignTime>
        <Attr Name="_codeGenFlag2" Value="Access"/>
        <Attr Name="_isCodegen" Value="true"/>
    </DesignTime>
    <Attribute
       Name="Cn"
       IsNotNull="true"
       Precision="34"
       ColumnName="CN"
       SQLType="VARCHAR"
       Type="java.lang.String"
       ColumnType="VARCHAR2"
       TableName="II_RACA_CLOSEOUT_REASONS"
       PrimaryKey="true">
        <DesignTime>
            <Attr Name="_DisplaySize" Value="34"/>
        </DesignTime>
    </Attribute>
    <Attribute
       Name="RacaAgmtCn"
       IsNotNull="true"
       Precision="34"
       ColumnName="RACA_AGMT_CN"
       SQLType="VARCHAR"
       Type="java.lang.String"
       ColumnType="VARCHAR2"
       TableName="II_RACA_CLOSEOUT_REASONS">
        <DesignTime>
            <Attr Name="_DisplaySize" Value="34"/>
        </DesignTime>
    </Attribute>
    <Attribute
       Name="Reason"
       IsNotNull="true"
       Precision="30"
       ColumnName="REASON"
       SQLType="VARCHAR"
       Type="java.lang.String"
       ColumnType="VARCHAR2"
       TableName="II_RACA_CLOSEOUT_REASONS">
        <DesignTime>
            <Attr Name="_DisplaySize" Value="30"/>
        </DesignTime>
    </Attribute>
    <Attribute
       Name="ReportedDate"
       ColumnName="REPORTED_DATE"
       SQLType="DATE"
       Type="oracle.jbo.domain.Date"
       ColumnType="DATE"
       TableName="II_RACA_CLOSEOUT_REASONS">
        <DesignTime>
            <Attr Name="_DisplaySize" Value="7"/>
        </DesignTime>
        <Properties>
            <SchemaBasedProperties>
                <FMT_FORMAT
                    ResId="gov.usda.fs.nrm.gacommon.model.entity.raca.RacaCloseoutReasons.ReportedDate_FMT_FORMAT"></FMT_FORMAT>
                <DISPLAYWIDTH
                   Value="12"></DISPLAYWIDTH>
                <FMT_FORMATTER
                    ResId="gov.usda.fs.nrm.gacommon.model.entity.raca.RacaCloseoutReasons.ReportedDate_FMT_FORMATTER"></FMT_FORMATTER>
                <LABEL
                    ResId="gov.usda.fs.nrm.gacommon.model.entity.raca.RacaCloseoutReasons.ReportedDate_LABEL"></LABEL>
            </SchemaBasedProperties>
        </Properties>
    </Attribute>
    <Attribute
       Name="ResolvedDate"
       ColumnName="RESOLVED_DATE"
       SQLType="DATE"
       Type="oracle.jbo.domain.Date"
       ColumnType="DATE"
       TableName="II_RACA_CLOSEOUT_REASONS">
        <DesignTime>
            <Attr Name="_DisplaySize" Value="7"/>
        </DesignTime>
        <Properties>
            <SchemaBasedProperties>
                <FMT_FORMATTER
                    ResId="gov.usda.fs.nrm.gacommon.model.entity.raca.RacaCloseoutReasons.ResolvedDate_FMT_FORMATTER"></FMT_FORMATTER>
                <LABEL
                    ResId="gov.usda.fs.nrm.gacommon.model.entity.raca.RacaCloseoutReasons.ResolvedDate_LABEL"></LABEL>
                <FMT_FORMAT
                    ResId="gov.usda.fs.nrm.gacommon.model.entity.raca.RacaCloseoutReasons.ResolvedDate_FMT_FORMAT"></FMT_FORMAT>
                <DISPLAYWIDTH
                   Value="12"></DISPLAYWIDTH>
            </SchemaBasedProperties>
        </Properties>
    </Attribute>
    <Attribute
       Name="Comments"
       Precision="1000"
       ColumnName="COMMENTS"
       SQLType="VARCHAR"
       Type="java.lang.String"
       ColumnType="VARCHAR2"
       TableName="II_RACA_CLOSEOUT_REASONS">
        <DesignTime>
            <Attr Name="_DisplaySize" Value="1000"/>
        </DesignTime>
        <Properties>
            <SchemaBasedProperties>
                <DISPLAYWIDTH
                   Value="80"></DISPLAYWIDTH>
            </SchemaBasedProperties>
        </Properties>
    </Attribute>
    <AccessorAttribute
       Name="AiRacaAgmtAppV"
        Association="gov.usda.fs.nrm.gacommon.model.entity.raca.ClosReson2RacaAgmtFkAssoc"
        AssociationEnd="gov.usda.fs.nrm.gacommon.model.entity.raca.ClosReson2RacaAgmtFkAssoc.AiRacaAgmtAppV"
        AssociationOtherEnd="gov.usda.fs.nrm.gacommon.model.entity.raca.ClosReson2RacaAgmtFkAssoc.RacaCloseoutReasons"
        Type="gov.usda.fs.nrm.gacommon.model.entity.raca.AiRacaAgmtAppVImpl"
        IsUpdateable="true">
   </AccessorAttribute>
    <Key
       Name="IiRacaCloseoutReasonsPk"
       PrimaryKey="true">
        <DesignTime>
            <Attr Name="_DBObjectName" Value="II_RACA_CLOSEOUT_REASONS_PK"/>
        </DesignTime>
        <AttrArray Name="Attributes"/>
    </Key>
    <Key
       Name="SysC005720270">
        <DesignTime>
            <Attr Name="_checkCondition" Value='"CN" IS NOT NULL'/>
            <Attr Name="_isCheck" Value="true"/>
            <Attr Name="_DBObjectName" Value="SYS_C005720270"/>
        </DesignTime>
        <AttrArray Name="Attributes"/>
    </Key>
    <Key
       Name="SysC005720271">
        <DesignTime>
            <Attr Name="_checkCondition" Value='"RACA_AGMT_CN" IS NOT NULL'/>
            <Attr Name="_isCheck" Value="true"/>
            <Attr Name="_DBObjectName" Value="SYS_C005720271"/>
        </DesignTime>
        <AttrArray Name="Attributes"/>
    </Key>
    <Key
       Name="SysC005720272">
        <DesignTime>
            <Attr Name="_checkCondition" Value='"REASON" IS NOT NULL'/>
            <Attr Name="_isCheck" Value="true"/>
            <Attr Name="_DBObjectName" Value="SYS_C005720272"/>
        </DesignTime>
        <AttrArray Name="Attributes"/>
    </Key>
    <Key
       Name="IiRacaCloseoutReasonsFk">
        <DesignTime>
            <Attr Name="_referencedKey" Value="II_RACA_AGREEMENTS_PK"/>
            <Attr Name="_isForeign" Value="true"/>
            <Attr Name="_DBObjectName" Value="II_RACA_CLOSEOUT_REASONS_FK"/>
        </DesignTime>
        <AttrArray Name="Attributes"/>
    </Key>
</Entity>
