<?xml version='1.0' encoding='windows-1252' ?>
<!DOCTYPE Entity SYSTEM "jbo_03_01.dtd">
<!---->

<Entity
   xmlns="http://xmlns.oracle.com/bc4j"
   Name="RacaAgmtStatuses"
   Version="12.2.1.22.48"
   DBObjectType="synonym"
   DBObjectName="II_RACA_AGMT_STATUSES"
   AliasName="RacaAgmtStatuses"
   BindingStyle="OracleName"
   RowClass="gov.usda.fs.nrm.gacommon.model.entity.raca.RacaAgmtStatusesImpl" >
   <DesignTime>
      <Attr Name="_codeGenFlag2" Value="Access" />
      <Attr Name="_isCodegen" Value="true" />
   </DesignTime>
   <Attribute
      Name="Cn"
      IsNotNull="true"
      Precision="34"
      ColumnName="CN"
      SQLType="VARCHAR"
      Type="java.lang.String"
      ColumnType="VARCHAR2"
      TableName="II_RACA_AGMT_STATUSES"
      PrimaryKey="true" >
      <DesignTime>
         <Attr Name="_DisplaySize" Value="34" />
      </DesignTime>
   </Attribute>
   <Attribute
      Name="RacaAgmtCn"
      IsNotNull="true"
      Precision="34"
      ColumnName="RACA_AGMT_CN"
      SQLType="VARCHAR"
      Type="java.lang.String"
      ColumnType="VARCHAR2"
      TableName="II_RACA_AGMT_STATUSES" >
      <DesignTime>
         <Attr Name="_DisplaySize" Value="34" />
      </DesignTime>
   </Attribute>
   <Attribute
      Name="StatusCode"
      IsNotNull="true"
      Precision="40"
      ColumnName="STATUS_CODE"
      SQLType="VARCHAR"
      Type="java.lang.String"
      ColumnType="VARCHAR2"
      TableName="II_RACA_AGMT_STATUSES" >
      <DesignTime>
         <Attr Name="_DisplaySize" Value="40" />
      </DesignTime>
   </Attribute>
   <Attribute
      Name="StatusDate"
      IsNotNull="true"
      ColumnName="STATUS_DATE"
      SQLType="DATE"
      Type="oracle.jbo.domain.Date"
      ColumnType="DATE"
      TableName="II_RACA_AGMT_STATUSES" >
      <DesignTime>
         <Attr Name="_DisplaySize" Value="7" />
      </DesignTime>
   </Attribute>
   <Attribute
      Name="Comments"
      Precision="2000"
      ColumnName="COMMENTS"
      SQLType="VARCHAR"
      Type="java.lang.String"
      ColumnType="VARCHAR2"
      TableName="II_RACA_AGMT_STATUSES" >
      <DesignTime>
         <Attr Name="_DisplaySize" Value="2000" />
      </DesignTime>
   </Attribute>
   <Key
      Name="IiRacaAgmtStatusesPk"
      PrimaryKey="true" >
      <DesignTime>
         <Attr Name="_DBObjectName" Value="II_RACA_AGMT_STATUSES_PK" />
      </DesignTime>
   </Key>
   <Key
      Name="SysC00531717" >
      <DesignTime>
         <Attr Name="_checkCondition" Value="&#34;CN&#34; IS NOT NULL" />
         <Attr Name="_isCheck" Value="true" />
         <Attr Name="_DBObjectName" Value="SYS_C00531717" />
      </DesignTime>
   </Key>
   <Key
      Name="SysC00531718" >
      <DesignTime>
         <Attr Name="_checkCondition" Value="&#34;RACA_AGMT_CN&#34; IS NOT NULL" />
         <Attr Name="_isCheck" Value="true" />
         <Attr Name="_DBObjectName" Value="SYS_C00531718" />
      </DesignTime>
   </Key>
   <Key
      Name="SysC00531719" >
      <DesignTime>
         <Attr Name="_checkCondition" Value="&#34;STATUS_CODE&#34; IS NOT NULL" />
         <Attr Name="_isCheck" Value="true" />
         <Attr Name="_DBObjectName" Value="SYS_C00531719" />
      </DesignTime>
   </Key>
   <Key
      Name="SysC00531720" >
      <DesignTime>
         <Attr Name="_checkCondition" Value="&#34;STATUS_DATE&#34; IS NOT NULL" />
         <Attr Name="_isCheck" Value="true" />
         <Attr Name="_DBObjectName" Value="SYS_C00531720" />
      </DesignTime>
   </Key>
   <Key
      Name="IiRacaAgmtStatusesFk" >
      <DesignTime>
         <Attr Name="_referencedKey" Value="II_RACA_AGREEMENTS_PK" />
         <Attr Name="_isForeign" Value="true" />
         <Attr Name="_DBObjectName" Value="II_RACA_AGMT_STATUSES_FK" />
      </DesignTime>
   </Key>
</Entity>
