<?xml version='1.0' encoding='windows-1252' ?>
<!DOCTYPE Entity SYSTEM "jbo_03_01.dtd">
<!---->
<Entity
   xmlns="http://xmlns.oracle.com/bc4j"
   Name="RacaBillTextLines"
   Version="12.2.1.22.48"
   DBObjectType="synonym"
   DBObjectName="II_RACA_BILL_TEXT_LINES"
   AliasName="RacaBillTextLines"
   BindingStyle="OracleName"
    RowClass="gov.usda.fs.nrm.gacommon.model.entity.raca.RacaBillTextLinesImpl">
    <DesignTime>
        <Attr Name="_codeGenFlag2" Value="Access"/>
        <Attr Name="_isCodegen" Value="true"/>
    </DesignTime>
    <Attribute
       Name="GrantCn"
       Precision="34"
       ColumnName="GRANT_CN"
       SQLType="VARCHAR"
       Type="java.lang.String"
       ColumnType="VARCHAR2"
       TableName="II_RACA_BILL_TEXT_LINES">
        <DesignTime>
            <Attr Name="_DisplaySize" Value="34"/>
        </DesignTime>
    </Attribute>
    <Attribute
       Name="AgreementNumber"
       Precision="15"
       ColumnName="AGREEMENT_NUMBER"
       SQLType="VARCHAR"
       Type="java.lang.String"
       ColumnType="VARCHAR2"
       TableName="II_RACA_BILL_TEXT_LINES">
        <DesignTime>
            <Attr Name="_DisplaySize" Value="15"/>
        </DesignTime>
        <Properties>
            <SchemaBasedProperties>
                <LABEL
                    ResId="gov.usda.fs.nrm.gacommon.model.entity.raca.RacaBillTextLines.AgreementNumber_LABEL"></LABEL>
            </SchemaBasedProperties>
        </Properties>
    </Attribute>
    <Attribute
       Name="VendorCode"
       Precision="11"
       ColumnName="VENDOR_CODE"
       SQLType="VARCHAR"
       Type="java.lang.String"
       ColumnType="VARCHAR2"
       TableName="II_RACA_BILL_TEXT_LINES">
        <DesignTime>
            <Attr Name="_DisplaySize" Value="11"/>
        </DesignTime>
        <Properties>
            <SchemaBasedProperties>
                <LABEL
                    ResId="gov.usda.fs.nrm.gacommon.model.entity.raca.RacaBillTextLines.VendorCode_LABEL"></LABEL>
            </SchemaBasedProperties>
        </Properties>
    </Attribute>
    <Attribute
       Name="LineNumber"
       Precision="4"
       Scale="0"
       ColumnName="LINE_NUMBER"
       SQLType="NUMERIC"
       Type="oracle.jbo.domain.Number"
       ColumnType="NUMBER"
       TableName="II_RACA_BILL_TEXT_LINES">
        <DesignTime>
            <Attr Name="_DisplaySize" Value="22"/>
        </DesignTime>
        <Properties>
            <SchemaBasedProperties>
                <LABEL
                    ResId="gov.usda.fs.nrm.gacommon.model.entity.raca.RacaBillTextLines.LineNumber_LABEL"></LABEL>
            </SchemaBasedProperties>
        </Properties>
    </Attribute>
    <Attribute
       Name="TextLine"
       Precision="132"
       ColumnName="TEXT_LINE"
       SQLType="VARCHAR"
       Type="java.lang.String"
       ColumnType="VARCHAR2"
       TableName="II_RACA_BILL_TEXT_LINES">
        <DesignTime>
            <Attr Name="_DisplaySize" Value="80"/>
        </DesignTime>
        <Properties>
            <SchemaBasedProperties>
                <LABEL
                    ResId="gov.usda.fs.nrm.gacommon.model.entity.raca.RacaBillTextLines.TextLine_LABEL"></LABEL>
            </SchemaBasedProperties>
        </Properties>
    </Attribute>
    <Attribute
       Name="FmmiCustomerNumber"
       Precision="10"
       ColumnName="FMMI_CUSTOMER_NUMBER"
       SQLType="VARCHAR"
       Type="java.lang.String"
       ColumnType="VARCHAR2"
       TableName="II_RACA_BILL_TEXT_LINES">
        <DesignTime>
            <Attr Name="_DisplaySize" Value="10"/>
        </DesignTime>
    </Attribute>
    <Attribute
       Name="Cn"
       IsNotNull="true"
       Precision="34"
       ColumnName="CN"
       SQLType="VARCHAR"
       Type="java.lang.String"
       ColumnType="VARCHAR2"
       TableName="II_RACA_BILL_TEXT_LINES"
       PrimaryKey="true">
        <DesignTime>
            <Attr Name="_DisplaySize" Value="34"/>
        </DesignTime>
    </Attribute>
    <Key
       Name="IiRacaBillsTextLinesPk"
       PrimaryKey="true">
        <DesignTime>
            <Attr Name="_DBObjectName" Value="II_RACA_BILLS_TEXT_LINES_PK"/>
        </DesignTime>
        <AttrArray Name="Attributes"/>
    </Key>
    <Key
       Name="IiRacaBillTextLinesFk">
        <DesignTime>
            <Attr Name="_referencedKey" Value="II_GRANTS_PK"/>
            <Attr Name="_isForeign" Value="true"/>
            <Attr Name="_DBObjectName" Value="II_RACA_BILL_TEXT_LINES_FK"/>
        </DesignTime>
        <AttrArray Name="Attributes"/>
    </Key>
</Entity>
