<?xml version='1.0' encoding='windows-1252' ?>
<!DOCTYPE Entity SYSTEM "jbo_03_01.dtd">
<!---->

<Entity
   xmlns="http://xmlns.oracle.com/bc4j"
   Name="RacaJobCodeNotif"
   Version="12.2.1.22.48"
   DBObjectType="synonym"
   DBObjectName="II_RACA_JOB_CODE_NOTIF"
   AliasName="RacaJobCodeNotif"
   BindingStyle="OracleName"
   RowClass="gov.usda.fs.nrm.gacommon.model.entity.raca.RacaJobCodeNotifImpl" >
   <DesignTime>
      <Attr Name="_codeGenFlag2" Value="Access" />
      <Attr Name="_isCodegen" Value="true" />
   </DesignTime>
   <Attribute
      Name="Cn"
      IsNotNull="true"
      Precision="34"
      ColumnName="CN"
      SQLType="VARCHAR"
      Type="java.lang.String"
      ColumnType="VARCHAR2"
      TableName="II_RACA_JOB_CODE_NOTIF"
      PrimaryKey="true" >
      <DesignTime>
         <Attr Name="_DisplaySize" Value="34" />
      </DesignTime>
   </Attribute>
   <Attribute
      Name="RacaReqCn"
      IsNotNull="true"
      Precision="34"
      ColumnName="RACA_REQ_CN"
      SQLType="VARCHAR"
      Type="java.lang.String"
      ColumnType="VARCHAR2"
      TableName="II_RACA_JOB_CODE_NOTIF" >
      <DesignTime>
         <Attr Name="_DisplaySize" Value="34" />
      </DesignTime>
   </Attribute>
   <Attribute
      Name="Source"
      Precision="40"
      ColumnName="SOURCE"
      SQLType="VARCHAR"
      Type="java.lang.String"
      ColumnType="VARCHAR2"
      TableName="II_RACA_JOB_CODE_NOTIF" >
      <DesignTime>
         <Attr Name="_DisplaySize" Value="40" />
      </DesignTime>
   </Attribute>
   <Attribute
      Name="AuthAmountDate"
      ColumnName="AUTH_AMOUNT_DATE"
      SQLType="DATE"
      Type="oracle.jbo.domain.Date"
      ColumnType="DATE"
      TableName="II_RACA_JOB_CODE_NOTIF" >
      <DesignTime>
         <Attr Name="_DisplaySize" Value="7" />
      </DesignTime>
      <Properties
          >
         <SchemaBasedProperties
             >
            <LABEL
               ResId="gov.usda.fs.nrm.gacommon.model.entity.raca.RacaJobCodeNotif.AuthAmountDate_LABEL" >
            </LABEL>
            <FMT_FORMATTER
               ResId="gov.usda.fs.nrm.gacommon.model.entity.raca.RacaJobCodeNotif.AuthAmountDate_FMT_FORMATTER" >
            </FMT_FORMATTER>
            <FMT_FORMAT
               ResId="gov.usda.fs.nrm.gacommon.model.entity.raca.RacaJobCodeNotif.AuthAmountDate_FMT_FORMAT" >
            </FMT_FORMAT>
         </SchemaBasedProperties>
      </Properties>
   </Attribute>
   <Attribute
      Name="Note1"
      Precision="1"
      ColumnName="NOTE_1"
      SQLType="VARCHAR"
      Type="java.lang.String"
      ColumnType="VARCHAR2"
      TableName="II_RACA_JOB_CODE_NOTIF" >
      <DesignTime>
         <Attr Name="_DisplaySize" Value="1" />
      </DesignTime>
   </Attribute>
   <Attribute
      Name="Note2"
      Precision="1"
      ColumnName="NOTE_2"
      SQLType="VARCHAR"
      Type="java.lang.String"
      ColumnType="VARCHAR2"
      TableName="II_RACA_JOB_CODE_NOTIF" >
      <DesignTime>
         <Attr Name="_DisplaySize" Value="1" />
      </DesignTime>
   </Attribute>
   <Attribute
      Name="Status"
      DefaultValue="NEW"
      Precision="40"
      ColumnName="STATUS"
      SQLType="VARCHAR"
      Type="java.lang.String"
      ColumnType="VARCHAR2"
      TableName="II_RACA_JOB_CODE_NOTIF" >
      <DesignTime>
         <Attr Name="_DisplaySize" Value="40" />
      </DesignTime>
      <Properties
          >
         <SchemaBasedProperties
             >
            <DISPLAYWIDTH
               Value="15" >
            </DISPLAYWIDTH>
         </SchemaBasedProperties>
      </Properties>
   </Attribute>
   <Attribute
      Name="StatusDate"
      ColumnName="STATUS_DATE"
      SQLType="DATE"
      Type="oracle.jbo.domain.Date"
      ColumnType="DATE"
      TableName="II_RACA_JOB_CODE_NOTIF"
      RetrievedOnUpdate="true"
      RetrievedOnInsert="true" >
      <DesignTime>
         <Attr Name="_DisplaySize" Value="7" />
      </DesignTime>
      <Properties
          >
         <SchemaBasedProperties
             >
            <LABEL
               ResId="gov.usda.fs.nrm.gacommon.model.entity.raca.RacaJobCodeNotif.StatusDate_LABEL" >
            </LABEL>
            <FMT_FORMATTER
               ResId="gov.usda.fs.nrm.gacommon.model.entity.raca.RacaJobCodeNotif.StatusDate_FMT_FORMATTER" >
            </FMT_FORMATTER>
            <FMT_FORMAT
               ResId="gov.usda.fs.nrm.gacommon.model.entity.raca.RacaJobCodeNotif.StatusDate_FMT_FORMAT" >
            </FMT_FORMAT>
         </SchemaBasedProperties>
      </Properties>
   </Attribute>
   <AccessorAttribute
      Name="RacaJobCodeNotifLines"
      Association="gov.usda.fs.nrm.gacommon.model.entity.raca.RacaJobCodeNLinesFkAssoc"
      AssociationEnd="gov.usda.fs.nrm.gacommon.model.entity.raca.RacaJobCodeNLinesFkAssoc.RacaJobCodeNotifLines"
      AssociationOtherEnd="gov.usda.fs.nrm.gacommon.model.entity.raca.RacaJobCodeNLinesFkAssoc.RacaJobCodeNotif"
      Type="oracle.jbo.RowIterator"
      IsUpdateable="false" >
   </AccessorAttribute>
   <AccessorAttribute
      Name="RacaReqs"
      Association="gov.usda.fs.nrm.gacommon.model.entity.raca.RacaReqsJobCodeNotifAssoc"
      AssociationEnd="gov.usda.fs.nrm.gacommon.model.entity.raca.RacaReqsJobCodeNotifAssoc.RacaReqs"
      AssociationOtherEnd="gov.usda.fs.nrm.gacommon.model.entity.raca.RacaReqsJobCodeNotifAssoc.RacaJobCodeNotif"
      Type="gov.usda.fs.nrm.gacommon.model.entity.raca.RacaReqsImpl" >
   </AccessorAttribute>
   <AccessorAttribute
      Name="RacaJCNotifStatuses"
      Association="gov.usda.fs.nrm.gacommon.model.entity.raca.JobcodeNotifStatusesFkAssoc"
      AssociationEnd="gov.usda.fs.nrm.gacommon.model.entity.raca.JobcodeNotifStatusesFkAssoc.RacaJCNotifStatuses"
      AssociationOtherEnd="gov.usda.fs.nrm.gacommon.model.entity.raca.JobcodeNotifStatusesFkAssoc.RacaJobCodeNotif"
      Type="oracle.jbo.RowIterator"
      IsUpdateable="false" >
   </AccessorAttribute>
   <Key
      Name="IiRacaJobCodeNotifPk"
      PrimaryKey="true" >
      <DesignTime>
         <Attr Name="_DBObjectName" Value="II_RACA_JOB_CODE_NOTIF_PK" />
      </DesignTime>
      <AttrArray Name="Attributes"/>
   </Key>
   <Key
      Name="SysC001032002" >
      <DesignTime>
         <Attr Name="_checkCondition" Value="&#34;CN&#34; IS NOT NULL" />
         <Attr Name="_isCheck" Value="true" />
         <Attr Name="_DBObjectName" Value="SYS_C001032002" />
      </DesignTime>
      <AttrArray Name="Attributes"/>
   </Key>
   <Key
      Name="SysC001032003" >
      <DesignTime>
         <Attr Name="_checkCondition" Value="&#34;RACA_REQ_CN&#34; IS NOT NULL" />
         <Attr Name="_isCheck" Value="true" />
         <Attr Name="_DBObjectName" Value="SYS_C001032003" />
      </DesignTime>
      <AttrArray Name="Attributes"/>
   </Key>
   <Key
      Name="IiRacaJobCodeNotifFk" >
      <DesignTime>
         <Attr Name="_referencedKey" Value="II_RACA_REQS_PK" />
         <Attr Name="_isForeign" Value="true" />
         <Attr Name="_DBObjectName" Value="II_RACA_JOB_CODE_NOTIF_FK" />
      </DesignTime>
      <AttrArray Name="Attributes"/>
   </Key>
</Entity>
