<?xml version='1.0' encoding='windows-1252' ?>
<!DOCTYPE Entity SYSTEM "jbo_03_01.dtd">
<!---->

<Entity
   xmlns="http://xmlns.oracle.com/bc4j"
   Name="RacaJCNotifStatuses"
   Version="12.2.1.22.48"
   DBObjectType="synonym"
   DBObjectName="II_RACA_JC_NOTIF_STATUSES"
   AliasName="RacaJCNotifStatuses"
   BindingStyle="OracleName"
   RowClass="gov.usda.fs.nrm.gacommon.model.entity.raca.RacaJCNotifStatusesImpl" >
   <DesignTime>
      <Attr Name="_codeGenFlag2" Value="Access" />
      <Attr Name="_isCodegen" Value="true" />
   </DesignTime>
   <Attribute
      Name="Cn"
      IsNotNull="true"
      Precision="34"
      ColumnName="CN"
      SQLType="VARCHAR"
      Type="java.lang.String"
      ColumnType="VARCHAR2"
      TableName="II_RACA_JC_NOTIF_STATUSES"
      PrimaryKey="true" >
      <DesignTime>
         <Attr Name="_DisplaySize" Value="34" />
      </DesignTime>
   </Attribute>
   <Attribute
      Name="JobCodeNotifCn"
      IsNotNull="true"
      Precision="34"
      ColumnName="JOB_CODE_NOTIF_CN"
      SQLType="VARCHAR"
      Type="java.lang.String"
      ColumnType="VARCHAR2"
      TableName="II_RACA_JC_NOTIF_STATUSES" >
      <DesignTime>
         <Attr Name="_DisplaySize" Value="34" />
      </DesignTime>
   </Attribute>
   <Attribute
      Name="StatusCode"
      IsNotNull="true"
      Precision="40"
      ColumnName="STATUS_CODE"
      SQLType="VARCHAR"
      Type="java.lang.String"
      ColumnType="VARCHAR2"
      TableName="II_RACA_JC_NOTIF_STATUSES" >
      <DesignTime>
         <Attr Name="_DisplaySize" Value="40" />
      </DesignTime>
   </Attribute>
   <Attribute
      Name="StatusDate"
      IsNotNull="true"
      ColumnName="STATUS_DATE"
      SQLType="DATE"
      Type="oracle.jbo.domain.Date"
      ColumnType="DATE"
      TableName="II_RACA_JC_NOTIF_STATUSES" >
      <DesignTime>
         <Attr Name="_DisplaySize" Value="7" />
      </DesignTime>
      <Properties
        >
         <SchemaBasedProperties
            >
            <FMT_FORMATTER
               ResId="gov.usda.fs.nrm.gacommon.model.entity.raca.RacaJCNotifStatuses.StatusDate_FMT_FORMATTER" >
            </FMT_FORMATTER>
            <FMT_FORMAT
               ResId="gov.usda.fs.nrm.gacommon.model.entity.raca.RacaJCNotifStatuses.StatusDate_FMT_FORMAT" >
            </FMT_FORMAT>
         </SchemaBasedProperties>
      </Properties>
   </Attribute>
   <Attribute
      Name="Comments"
      Precision="2000"
      ColumnName="COMMENTS"
      SQLType="VARCHAR"
      Type="java.lang.String"
      ColumnType="VARCHAR2"
      TableName="II_RACA_JC_NOTIF_STATUSES" >
      <DesignTime>
         <Attr Name="_DisplaySize" Value="2000" />
      </DesignTime>
   </Attribute>
   <AccessorAttribute
      Name="RacaJobCodeNotif"
      Association="gov.usda.fs.nrm.gacommon.model.entity.raca.JobcodeNotifStatusesFkAssoc"
      AssociationEnd="gov.usda.fs.nrm.gacommon.model.entity.raca.JobcodeNotifStatusesFkAssoc.RacaJobCodeNotif"
      AssociationOtherEnd="gov.usda.fs.nrm.gacommon.model.entity.raca.JobcodeNotifStatusesFkAssoc.RacaJCNotifStatuses"
      Type="gov.usda.fs.nrm.gacommon.model.entity.raca.RacaJobCodeNotifImpl" >
   </AccessorAttribute>
   <Key
      Name="IiRacaJcNotifStatusesStatusDateCheck" >
      <DesignTime>
         <Attr Name="_isNotNull" Value="true" />
         <Attr Name="_checkCondition" Value="&#34;STATUS_DATE&#34; IS NOT NULL" />
         <Attr Name="_isCheck" Value="true" />
         <Attr Name="_DBObjectName" Value="II_RACA_JC_NOTIF_STATUSES_STAT" />
      </DesignTime>
      <AttrArray Name="Attributes"/>
   </Key>
   <Key
      Name="JobcodeNotifStatusesPk"
      PrimaryKey="true" >
      <DesignTime>
         <Attr Name="_DBObjectName" Value="JOBCODE_NOTIF_STATUSES_PK" />
      </DesignTime>
      <AttrArray Name="Attributes"/>
   </Key>
   <Key
      Name="SysC001088955" >
      <DesignTime>
         <Attr Name="_checkCondition" Value="&#34;CN&#34; IS NOT NULL" />
         <Attr Name="_isCheck" Value="true" />
         <Attr Name="_DBObjectName" Value="SYS_C001088955" />
      </DesignTime>
      <AttrArray Name="Attributes"/>
   </Key>
   <Key
      Name="SysC001088956" >
      <DesignTime>
         <Attr Name="_checkCondition" Value="&#34;JOB_CODE_NOTIF_CN&#34; IS NOT NULL" />
         <Attr Name="_isCheck" Value="true" />
         <Attr Name="_DBObjectName" Value="SYS_C001088956" />
      </DesignTime>
      <AttrArray Name="Attributes"/>
   </Key>
   <Key
      Name="SysC001088957" >
      <DesignTime>
         <Attr Name="_checkCondition" Value="&#34;STATUS_CODE&#34; IS NOT NULL" />
         <Attr Name="_isCheck" Value="true" />
         <Attr Name="_DBObjectName" Value="SYS_C001088957" />
      </DesignTime>
      <AttrArray Name="Attributes"/>
   </Key>
   <Key
      Name="SysC001088958" >
      <DesignTime>
         <Attr Name="_checkCondition" Value='"STATUS_DATE" IS NOT NULL'/>
         <Attr Name="_isCheck" Value="true"/>
         <Attr Name="_DBObjectName" Value="SYS_C001088958"/>
      </DesignTime>
      <AttrArray Name="Attributes">
      </AttrArray>
   </Key>
   <Key
      Name="JobcodeNotifStatusesFk" >
      <DesignTime>
         <Attr Name="_referencedKey" Value="II_RACA_JOB_CODE_NOTIF_PK" />
         <Attr Name="_isForeign" Value="true" />
         <Attr Name="_DBObjectName" Value="JOBCODE_NOTIF_STATUSES_FK" />
      </DesignTime>
      <AttrArray Name="Attributes"/>
   </Key>
</Entity>
