<?xml version='1.0' encoding='windows-1252' ?>
<!DOCTYPE Association SYSTEM "jbo_03_01.dtd">
<!---->

<Association
   xmlns="http://xmlns.oracle.com/bc4j"
   Name="RacaJobCodeNLinesFkAssoc"
   Version="12.2.1.22.48" >
   <DesignTime>
      <Attr Name="_isCodegen" Value="true" />
   </DesignTime>
   <AssociationEnd
      Name="RacaJobCodeNotif"
      Cardinality="1"
      Source="true"
      Owner="gov.usda.fs.nrm.gacommon.model.entity.raca.RacaJobCodeNotif" >
      <DesignTime>
         <Attr Name="_isUpdateable" Value="true"/>
         <Attr Name="_minCardinality" Value="1"/>
         <Attr Name="_aggregation" Value="0"/>
         <Attr Name="_finderName" Value="RacaJobCodeNotif"/>
         <Attr Name="_foreignKey"
            Value="gov.usda.fs.nrm.gacommon.model.entity.raca.RacaJobCodeNotif.IiRacaJobCodeNotifPk"/>
      </DesignTime>
      <AttrArray Name="Attributes">
         <Item Value="gov.usda.fs.nrm.gacommon.model.entity.raca.RacaJobCodeNotif.Cn" />
      </AttrArray>
   </AssociationEnd>
   <AssociationEnd
      Name="RacaJobCodeNotifLines"
      Cardinality="-1"
      Owner="gov.usda.fs.nrm.gacommon.model.entity.raca.RacaJobCodeNotifLines" >
      <DesignTime>
         <Attr Name="_isUpdateable" Value="true"/>
         <Attr Name="_aggregation" Value="0"/>
         <Attr Name="_finderName" Value="RacaJobCodeNotifLines"/>
         <Attr Name="_foreignKey"
            Value="gov.usda.fs.nrm.gacommon.model.entity.raca.RacaJobCodeNotifLines.RacaJobCodeNLinesFk"/>
      </DesignTime>
      <AttrArray Name="Attributes">
         <Item Value="gov.usda.fs.nrm.gacommon.model.entity.raca.RacaJobCodeNotifLines.JobCodeNotifCn" />
      </AttrArray>
   </AssociationEnd>
</Association>
