<?xml version = '1.0' encoding = 'UTF-8'?>
<MetadataDirectory xmlns="http://xmlns.oracle.com/adfm/metainf" version="11.1.1.0.0">
   <BusinessComponentProjectRegistry path="Model.jpx"/>
   <BusinessComponentProjectRegistry path="gov/usda/fs/nrm/gacommon/model/Model.jpx"/>
   <BusinessComponentProjectRegistry path="gov/usda/fs/nrm/gacommon/raca/model/Model.jpx"/>
   <BusinessComponentServiceRegistry path="gov/usda/fs/nrm/gacommon/model/dataaccess/ffatarejects/common/bc4j.xcfg"/>
   <BusinessComponentServiceRegistry path="gov/usda/fs/nrm/gacommon/model/dataaccess/raca/bills/common/bc4j.xcfg"/>
   <BusinessComponentServiceRegistry path="gov/usda/fs/nrm/gacommon/model/dataaccess/raca/common/bc4j.xcfg"/>
   <BusinessComponentServiceRegistry path="gov/usda/fs/nrm/gacommon/model/dataaccess/raca/contacts/common/bc4j.xcfg"/>
   <BusinessComponentServiceRegistry path="gov/usda/fs/nrm/gacommon/model/dataaccess/raca/jobcode/common/bc4j.xcfg"/>
   <BusinessComponentServiceRegistry path="gov/usda/fs/nrm/gacommon/model/dataaccess/raca/lov/common/bc4j.xcfg"/>
   <BusinessComponentServiceRegistry path="gov/usda/fs/nrm/gacommon/model/entity/ffatarejects/common/bc4j.xcfg"/>
   <BusinessComponentServiceRegistry path="gov/usda/fs/nrm/gacommon/model/entity/raca/common/bc4j.xcfg"/>
   <BusinessComponentServiceRegistry path="gov/usda/fs/nrm/gacommon/model/service/common/bc4j.xcfg"/>
   <BusinessComponentServiceRegistry path="gov/usda/fs/nrm/model/common/gacommon/bc4j.xcfg"/>
</MetadataDirectory>