<?xml version='1.0' encoding='windows-1252' ?>
<!DOCTYPE Association SYSTEM "jbo_03_01.dtd">

<Association
   xmlns="http://xmlns.oracle.com/bc4j"
   Name="AccinstClContFkAssoc"
   Version="12.2.1.22.48" >
   <DesignTime>
      <Attr Name="_isCodegen" Value="true" />
   </DesignTime>
   <AssociationEnd
      Name="Contacts"
      Cardinality="1"
      Source="true"
      Owner="gov.usda.fs.nrm.gacommon.model.entity.contreplace.Contacts" >
      <AttrArray Name="Attributes">
         <Item Value="gov.usda.fs.nrm.gacommon.model.entity.contreplace.Contacts.Cn" />
      </AttrArray>
      <DesignTime>
         <Attr Name="_isUpdateable" Value="true" />
         <Attr Name="_minCardinality" Value="1" />
         <Attr Name="_aggregation" Value="0" />
         <Attr Name="_finderName" Value="Contacts" />
         <Attr Name="_foreignKey" Value="gov.usda.fs.nrm.gacommon.model.entity.contreplace.Contacts.ContPk" />
      </DesignTime>
   </AssociationEnd>
   <AssociationEnd
      Name="AccinstContLinks"
      Cardinality="-1"
      Owner="gov.usda.fs.nrm.gacommon.model.entity.contreplace.AccinstContLinks" >
      <AttrArray Name="Attributes">
         <Item Value="gov.usda.fs.nrm.gacommon.model.entity.contreplace.AccinstContLinks.ContCn" />
      </AttrArray>
      <DesignTime>
         <Attr Name="_isUpdateable" Value="true" />
         <Attr Name="_aggregation" Value="0" />
         <Attr Name="_finderName" Value="AccinstContLinks" />
         <Attr Name="_foreignKey" Value="gov.usda.fs.nrm.gacommon.model.entity.contreplace.AccinstContLinks.AccinstClContFk" />
      </DesignTime>
   </AssociationEnd>
</Association>
