<?xml version='1.0' encoding='windows-1252' ?>
<!DOCTYPE Entity SYSTEM "jbo_03_01.dtd">

<Entity
   xmlns="http://xmlns.oracle.com/bc4j"
   Name="AccinstContLinks"
   Version="12.2.1.22.48"
   DBObjectType="synonym"
   DBObjectName="II_ACCINST_CONT_LINKS"
   AliasName="AccinstContLinks"
   BindingStyle="OracleName"
   RowClass="gov.usda.fs.nrm.gacommon.model.entity.contreplace.AccinstContLinksImpl" >
   <DesignTime>
      <Attr Name="_codeGenFlag2" Value="Access" />
      <Attr Name="_isCodegen" Value="true" />
   </DesignTime>
   <Attribute
      Name="AccinstCn"
      IsUnique="true"
      IsNotNull="true"
      Precision="34"
      ColumnName="ACCINST_CN"
      SQLType="VARCHAR"
      Type="java.lang.String"
      ColumnType="VARCHAR2"
      TableName="II_ACCINST_CONT_LINKS" >
      <DesignTime>
         <Attr Name="_DisplaySize" Value="34" />
      </DesignTime>
   </Attribute>
   <Attribute
      Name="ContCn"
      IsUnique="true"
      IsNotNull="true"
      Precision="34"
      ColumnName="CONT_CN"
      SQLType="VARCHAR"
      Type="java.lang.String"
      ColumnType="VARCHAR2"
      TableName="II_ACCINST_CONT_LINKS" >
      <DesignTime>
         <Attr Name="_DisplaySize" Value="34" />
      </DesignTime>
   </Attribute>
   <Attribute
      Name="LinkTypeName"
      IsUnique="true"
      IsNotNull="true"
      Precision="40"
      ColumnName="LINK_TYPE_NAME"
      SQLType="VARCHAR"
      Type="java.lang.String"
      ColumnType="VARCHAR2"
      TableName="II_ACCINST_CONT_LINKS" >
      <DesignTime>
         <Attr Name="_DisplaySize" Value="40" />
      </DesignTime>
   </Attribute>
   <Attribute
      Name="StartDate"
      ColumnName="START_DATE"
      SQLType="DATE"
      Type="oracle.jbo.domain.Date"
      ColumnType="DATE"
      TableName="II_ACCINST_CONT_LINKS" >
      <DesignTime>
         <Attr Name="_DisplaySize" Value="7" />
      </DesignTime>
   </Attribute>
   <Attribute
      Name="EndDate"
      ColumnName="END_DATE"
      SQLType="DATE"
      Type="oracle.jbo.domain.Date"
      ColumnType="DATE"
      TableName="II_ACCINST_CONT_LINKS" >
      <DesignTime>
         <Attr Name="_DisplaySize" Value="7" />
      </DesignTime>
   </Attribute>
   <Attribute
      Name="Remarks"
      Precision="255"
      ColumnName="REMARKS"
      SQLType="VARCHAR"
      Type="java.lang.String"
      ColumnType="VARCHAR2"
      TableName="II_ACCINST_CONT_LINKS" >
      <DesignTime>
         <Attr Name="_DisplaySize" Value="255" />
      </DesignTime>
   </Attribute>
   <Attribute
      Name="LeadingInd"
      Precision="1"
      ColumnName="LEADING_IND"
      SQLType="VARCHAR"
      Type="java.lang.String"
      ColumnType="VARCHAR2"
      TableName="II_ACCINST_CONT_LINKS" >
      <DesignTime>
         <Attr Name="_DisplaySize" Value="1" />
      </DesignTime>
   </Attribute>
   <Attribute
      Name="Department"
      Precision="40"
      ColumnName="DEPARTMENT"
      SQLType="VARCHAR"
      Type="java.lang.String"
      ColumnType="VARCHAR2"
      TableName="II_ACCINST_CONT_LINKS" >
      <DesignTime>
         <Attr Name="_DisplaySize" Value="40" />
      </DesignTime>
   </Attribute>
   <Attribute
      Name="Division"
      Precision="40"
      ColumnName="DIVISION"
      SQLType="VARCHAR"
      Type="java.lang.String"
      ColumnType="VARCHAR2"
      TableName="II_ACCINST_CONT_LINKS" >
      <DesignTime>
         <Attr Name="_DisplaySize" Value="40" />
      </DesignTime>
   </Attribute>
   <Attribute
      Name="FfisVendorId"
      Precision="11"
      ColumnName="FFIS_VENDOR_ID"
      SQLType="VARCHAR"
      Type="java.lang.String"
      ColumnType="VARCHAR2"
      TableName="II_ACCINST_CONT_LINKS" >
      <DesignTime>
         <Attr Name="_DisplaySize" Value="11" />
      </DesignTime>
   </Attribute>
   <Attribute
      Name="FaadsAddrCn"
      Precision="34"
      ColumnName="FAADS_ADDR_CN"
      SQLType="VARCHAR"
      Type="java.lang.String"
      ColumnType="VARCHAR2"
      TableName="II_ACCINST_CONT_LINKS" >
      <DesignTime>
         <Attr Name="_DisplaySize" Value="34" />
      </DesignTime>
   </Attribute>
   <Attribute
      Name="InstitutionCode"
      Precision="40"
      ColumnName="INSTITUTION_CODE"
      SQLType="VARCHAR"
      Type="java.lang.String"
      ColumnType="VARCHAR2"
      TableName="II_ACCINST_CONT_LINKS" >
      <DesignTime>
         <Attr Name="_DisplaySize" Value="40" />
      </DesignTime>
   </Attribute>
   <Attribute
      Name="FedDebtDelnqntInd"
      Precision="1"
      ColumnName="FED_DEBT_DELNQNT_IND"
      SQLType="VARCHAR"
      Type="java.lang.String"
      ColumnType="VARCHAR2"
      TableName="II_ACCINST_CONT_LINKS" >
      <DesignTime>
         <Attr Name="_DisplaySize" Value="1" />
      </DesignTime>
   </Attribute>
   <Attribute
      Name="PayeeInd"
      Precision="1"
      ColumnName="PAYEE_IND"
      SQLType="VARCHAR"
      Type="java.lang.String"
      ColumnType="VARCHAR2"
      TableName="II_ACCINST_CONT_LINKS" >
      <DesignTime>
         <Attr Name="_DisplaySize" Value="1" />
      </DesignTime>
   </Attribute>
   <Attribute
      Name="ApplicantInd"
      Precision="1"
      ColumnName="APPLICANT_IND"
      SQLType="VARCHAR"
      Type="java.lang.String"
      ColumnType="VARCHAR2"
      TableName="II_ACCINST_CONT_LINKS" >
      <DesignTime>
         <Attr Name="_DisplaySize" Value="1" />
      </DesignTime>
   </Attribute>
   <Attribute
      Name="LinkSubType"
      IsUnique="true"
      Precision="40"
      ColumnName="LINK_SUB_TYPE"
      SQLType="VARCHAR"
      Type="java.lang.String"
      ColumnType="VARCHAR2"
      TableName="II_ACCINST_CONT_LINKS" >
      <DesignTime>
         <Attr Name="_DisplaySize" Value="40" />
      </DesignTime>
   </Attribute>
   <Attribute
      Name="Cn"
      IsNotNull="true"
      Precision="34"
      ColumnName="CN"
      SQLType="VARCHAR"
      Type="java.lang.String"
      ColumnType="VARCHAR2"
      TableName="II_ACCINST_CONT_LINKS"
      PrimaryKey="true" >
      <DesignTime>
         <Attr Name="_DisplaySize" Value="34" />
      </DesignTime>
   </Attribute>
   <Attribute
      Name="FfisCanNumberStatus"
      Precision="40"
      ColumnName="FFIS_CAN_NUMBER_STATUS"
      SQLType="VARCHAR"
      Type="java.lang.String"
      ColumnType="VARCHAR2"
      TableName="II_ACCINST_CONT_LINKS" >
      <DesignTime>
         <Attr Name="_DisplaySize" Value="40" />
      </DesignTime>
   </Attribute>
   <Attribute
      Name="PayerInd"
      Precision="1"
      ColumnName="PAYER_IND"
      SQLType="VARCHAR"
      Type="java.lang.String"
      ColumnType="VARCHAR2"
      TableName="II_ACCINST_CONT_LINKS" >
      <DesignTime>
         <Attr Name="_DisplaySize" Value="1" />
      </DesignTime>
   </Attribute>
   <AccessorAttribute
      Name="Contacts"
      Association="gov.usda.fs.iweb.contactreplace.model.entity.AccinstClContFkAssoc"
      AssociationEnd="gov.usda.fs.iweb.contactreplace.model.entity.AccinstClContFkAssoc.Contacts"
      AssociationOtherEnd="gov.usda.fs.iweb.contactreplace.model.entity.AccinstClContFkAssoc.AccinstContLinks"
      Type="gov.usda.fs.iweb.contactreplace.model.entity.ContactsImpl" >
   </AccessorAttribute>
   <Key
      Name="AccinstClPk"
      PrimaryKey="true" >
      <AttrArray Name="Attributes">
         <Item Value="gov.usda.fs.iweb.contactreplace.model.entity.AccinstContLinks.Cn" />
      </AttrArray>
      <DesignTime>
         <Attr Name="_DBObjectName" Value="ACCINST_CL_PK" />
      </DesignTime>
   </Key>
   <Key
      Name="AccinstClUk" >
      <AttrArray Name="Attributes">
         <Item Value="gov.usda.fs.iweb.contactreplace.model.entity.AccinstContLinks.AccinstCn" />
         <Item Value="gov.usda.fs.iweb.contactreplace.model.entity.AccinstContLinks.ContCn" />
         <Item Value="gov.usda.fs.iweb.contactreplace.model.entity.AccinstContLinks.LinkTypeName" />
         <Item Value="gov.usda.fs.iweb.contactreplace.model.entity.AccinstContLinks.LinkSubType" />
      </AttrArray>
      <DesignTime>
         <Attr Name="_isUnique" Value="true" />
         <Attr Name="_DBObjectName" Value="ACCINST_CL_UK" />
      </DesignTime>
   </Key>
   <Key
      Name="SysC00222180" >
      <AttrArray Name="Attributes">
         <Item Value="gov.usda.fs.iweb.contactreplace.model.entity.AccinstContLinks.Cn" />
      </AttrArray>
      <DesignTime>
         <Attr Name="_checkCondition" Value="&#34;CN&#34; IS NOT NULL" />
         <Attr Name="_isCheck" Value="true" />
         <Attr Name="_DBObjectName" Value="SYS_C00222180" />
      </DesignTime>
   </Key>
   <Key
      Name="SysC009092" >
      <AttrArray Name="Attributes">
         <Item Value="gov.usda.fs.iweb.contactreplace.model.entity.AccinstContLinks.AccinstCn" />
      </AttrArray>
      <DesignTime>
         <Attr Name="_checkCondition" Value="&#34;ACCINST_CN&#34; IS NOT NULL" />
         <Attr Name="_isCheck" Value="true" />
         <Attr Name="_DBObjectName" Value="SYS_C009092" />
      </DesignTime>
   </Key>
   <Key
      Name="SysC009093" >
      <AttrArray Name="Attributes">
         <Item Value="gov.usda.fs.iweb.contactreplace.model.entity.AccinstContLinks.ContCn" />
      </AttrArray>
      <DesignTime>
         <Attr Name="_checkCondition" Value="&#34;CONT_CN&#34; IS NOT NULL" />
         <Attr Name="_isCheck" Value="true" />
         <Attr Name="_DBObjectName" Value="SYS_C009093" />
      </DesignTime>
   </Key>
   <Key
      Name="SysC009094" >
      <AttrArray Name="Attributes">
         <Item Value="gov.usda.fs.iweb.contactreplace.model.entity.AccinstContLinks.LinkTypeName" />
      </AttrArray>
      <DesignTime>
         <Attr Name="_checkCondition" Value="&#34;LINK_TYPE_NAME&#34; IS NOT NULL" />
         <Attr Name="_isCheck" Value="true" />
         <Attr Name="_DBObjectName" Value="SYS_C009094" />
      </DesignTime>
   </Key>
   <Key
      Name="AccinstClAccinstFk" >
      <AttrArray Name="Attributes">
         <Item Value="gov.usda.fs.iweb.contactreplace.model.entity.AccinstContLinks.AccinstCn" />
      </AttrArray>
      <DesignTime>
         <Attr Name="_referencedKey" Value="ACCINST_PK" />
         <Attr Name="_isForeign" Value="true" />
         <Attr Name="_DBObjectName" Value="ACCINST_CL_ACCINST_FK" />
      </DesignTime>
   </Key>
   <Key
      Name="AccinstClContFk" >
      <AttrArray Name="Attributes">
         <Item Value="gov.usda.fs.iweb.contactreplace.model.entity.AccinstContLinks.ContCn" />
      </AttrArray>
      <DesignTime>
         <Attr Name="_referencedKey" Value="CONT_PK" />
         <Attr Name="_isForeign" Value="true" />
         <Attr Name="_DBObjectName" Value="ACCINST_CL_CONT_FK" />
      </DesignTime>
   </Key>
   <Key
      Name="AccinstClFaadsFk" >
      <AttrArray Name="Attributes">
         <Item Value="gov.usda.fs.iweb.contactreplace.model.entity.AccinstContLinks.FaadsAddrCn" />
      </AttrArray>
      <DesignTime>
         <Attr Name="_referencedKey" Value="II_FAADS_RECIP_ADDRS_PK" />
         <Attr Name="_isForeign" Value="true" />
         <Attr Name="_DBObjectName" Value="ACCINST_CL_FAADS_FK" />
      </DesignTime>
   </Key>
   <Key
      Name="AccinstClVendFk" >
      <AttrArray Name="Attributes">
         <Item Value="gov.usda.fs.iweb.contactreplace.model.entity.AccinstContLinks.FfisVendorId" />
      </AttrArray>
      <DesignTime>
         <Attr Name="_referencedKey" Value="II_FFIS_VENDORS_PK" />
         <Attr Name="_isForeign" Value="true" />
         <Attr Name="_DBObjectName" Value="ACCINST_CL_VEND_FK" />
      </DesignTime>
   </Key>
</Entity>
