<?xml version='1.0' encoding='windows-1252' ?>
<!DOCTYPE Entity SYSTEM "jbo_03_01.dtd">

<Entity
   xmlns="http://xmlns.oracle.com/bc4j"
   Name="ContactsCleanup"
   Version="12.2.1.22.48"
   DBObjectType="synonym"
   DBObjectName="II_CONTACTS_CLEANUP"
   AliasName="ContactsCleanup"
   BindingStyle="OracleName"
   RowClass="gov.usda.fs.nrm.gacommon.model.entity.contreplace.ContactsCleanupImpl" >
   <DesignTime>
      <Attr Name="_codeGenFlag2" Value="Access" />
      <Attr Name="_isCodegen" Value="true" />
   </DesignTime>
   <Attribute
      Name="Cn"
      IsNotNull="true"
      Precision="34"
      ColumnName="CN"
      SQLType="VARCHAR"
      Type="java.lang.String"
      ColumnType="VARCHAR2"
      TableName="II_CONTACTS_CLEANUP"
      PrimaryKey="true" >
      <DesignTime>
         <Attr Name="_DisplaySize" Value="34" />
      </DesignTime>
   </Attribute>
   <Attribute
      Name="NewCn"
      IsNotNull="true"
      Precision="34"
      ColumnName="NEW_CN"
      SQLType="VARCHAR"
      Type="java.lang.String"
      ColumnType="VARCHAR2"
      TableName="II_CONTACTS_CLEANUP" >
      <DesignTime>
         <Attr Name="_DisplaySize" Value="34" />
      </DesignTime>
   </Attribute>
   <Attribute
      Name="OldCn"
      IsNotNull="true"
      Precision="34"
      ColumnName="OLD_CN"
      SQLType="VARCHAR"
      Type="java.lang.String"
      ColumnType="VARCHAR2"
      TableName="II_CONTACTS_CLEANUP" >
      <DesignTime>
         <Attr Name="_DisplaySize" Value="34" />
      </DesignTime>
   </Attribute>
   <Attribute
      Name="Status"
      IsNotNull="true"
      Precision="30"
      ColumnName="STATUS"
      SQLType="VARCHAR"
      Type="java.lang.String"
      ColumnType="VARCHAR2"
      TableName="II_CONTACTS_CLEANUP" >
      <DesignTime>
         <Attr Name="_DisplaySize" Value="30" />
      </DesignTime>
   </Attribute>
   <Attribute
      Name="ErrorMessage"
      Precision="1000"
      ColumnName="ERROR_MESSAGE"
      SQLType="VARCHAR"
      Type="java.lang.String"
      ColumnType="VARCHAR2"
      TableName="II_CONTACTS_CLEANUP" >
      <DesignTime>
         <Attr Name="_DisplaySize" Value="1000" />
      </DesignTime>
   </Attribute>
   <Attribute
      Name="GaInd"
      Precision="1"
      ColumnName="GA_IND"
      SQLType="VARCHAR"
      Type="java.lang.String"
      ColumnType="VARCHAR2"
      TableName="II_CONTACTS_CLEANUP" >
      <DesignTime>
         <Attr Name="_DisplaySize" Value="1" />
      </DesignTime>
   </Attribute>
   <Attribute
      Name="ReassignInd"
      Precision="1"
      ColumnName="REASSIGN_IND"
      SQLType="VARCHAR"
      Type="java.lang.String"
      ColumnType="VARCHAR2"
      TableName="II_CONTACTS_CLEANUP" >
      <DesignTime>
         <Attr Name="_DisplaySize" Value="1" />
      </DesignTime>
   </Attribute>
   <Attribute
      Name="OrgCn"
      Precision="34"
      ColumnName="ORG_CN"
      SQLType="VARCHAR"
      Type="java.lang.String"
      ColumnType="VARCHAR2"
      TableName="II_CONTACTS_CLEANUP" >
      <DesignTime>
         <Attr Name="_DisplaySize" Value="34" />
      </DesignTime>
   </Attribute>
   <Attribute
      Name="GrantCn"
      Precision="34"
      ColumnName="GRANT_CN"
      SQLType="VARCHAR"
      Type="java.lang.String"
      ColumnType="VARCHAR2"
      TableName="II_CONTACTS_CLEANUP" >
      <DesignTime>
         <Attr Name="_DisplaySize" Value="34" />
      </DesignTime>
   </Attribute>
   <Key
      Name="ContCleanupPk"
      PrimaryKey="true" >
      <AttrArray Name="Attributes">
         <Item Value="gov.usda.fs.nrm.gacommon.model.entity.contreplace.ContactsCleanup.Cn" />
      </AttrArray>
      <DesignTime>
         <Attr Name="_DBObjectName" Value="CONT_CLEANUP_PK" />
      </DesignTime>
   </Key>
   <Key
      Name="SysC00259054" >
      <AttrArray Name="Attributes">
         <Item Value="gov.usda.fs.nrm.gacommon.model.entity.contreplace.ContactsCleanup.Cn" />
      </AttrArray>
      <DesignTime>
         <Attr Name="_checkCondition" Value="&#34;CN&#34; IS NOT NULL" />
         <Attr Name="_isCheck" Value="true" />
         <Attr Name="_DBObjectName" Value="SYS_C00259054" />
      </DesignTime>
   </Key>
   <Key
      Name="SysC00259055" >
      <AttrArray Name="Attributes">
         <Item Value="gov.usda.fs.nrm.gacommon.model.entity.contreplace.ContactsCleanup.NewCn" />
      </AttrArray>
      <DesignTime>
         <Attr Name="_checkCondition" Value="&#34;NEW_CN&#34; IS NOT NULL" />
         <Attr Name="_isCheck" Value="true" />
         <Attr Name="_DBObjectName" Value="SYS_C00259055" />
      </DesignTime>
   </Key>
   <Key
      Name="SysC00259056" >
      <AttrArray Name="Attributes">
         <Item Value="gov.usda.fs.nrm.gacommon.model.entity.contreplace.ContactsCleanup.OldCn" />
      </AttrArray>
      <DesignTime>
         <Attr Name="_checkCondition" Value="&#34;OLD_CN&#34; IS NOT NULL" />
         <Attr Name="_isCheck" Value="true" />
         <Attr Name="_DBObjectName" Value="SYS_C00259056" />
      </DesignTime>
   </Key>
   <Key
      Name="SysC00259057" >
      <AttrArray Name="Attributes">
         <Item Value="gov.usda.fs.nrm.gacommon.model.entity.contreplace.ContactsCleanup.Status" />
      </AttrArray>
      <DesignTime>
         <Attr Name="_checkCondition" Value="&#34;STATUS&#34; IS NOT NULL" />
         <Attr Name="_isCheck" Value="true" />
         <Attr Name="_DBObjectName" Value="SYS_C00259057" />
      </DesignTime>
   </Key>
</Entity>
