<?xml version = '1.0' encoding = 'UTF-8'?>
<References xmlns="http://xmlns.oracle.com/adf/jndi">
   <Reference name="KrowdDB" className="oracle.jdeveloper.db.adapter.DatabaseProvider" credentialStoreKey="KrowdDB" xmlns="">
      <Factory className="oracle.jdeveloper.db.adapter.DatabaseProviderFactory"/>
      <RefAddresses>
         <StringRefAddr addrType="sid">
            <Contents>kwddev1</Contents>
         </StringRefAddr>
         <StringRefAddr addrType="subtype">
            <Contents>oraJDBC</Contents>
         </StringRefAddr>
         <StringRefAddr addrType="port">
            <Contents>1521</Contents>
         </StringRefAddr>
         <StringRefAddr addrType="hostname">
            <Contents>kwddbd1.darden.com</Contents>
         </StringRefAddr>
         <StringRefAddr addrType="user">
            <Contents>krowd_portal</Contents>
         </StringRefAddr>
         <SecureRefAddr addrType="password"/>
         <StringRefAddr addrType="DeployPassword">
            <Contents>true</Contents>
         </StringRefAddr>
         <StringRefAddr addrType="oraDriverType">
            <Contents>thin</Contents>
         </StringRefAddr>
      </RefAddresses>
   </Reference>
   <Reference name="ActivitiesDS" className="oracle.jdeveloper.db.adapter.DatabaseProvider" credentialStoreKey="ActivitiesDS" xmlns="">
      <Factory className="oracle.jdeveloper.db.adapter.DatabaseProviderFactory"/>
      <RefAddresses>
         <StringRefAddr addrType="sid">
            <Contents>padbdev</Contents>
         </StringRefAddr>
         <StringRefAddr addrType="oraDriverType">
            <Contents>thin</Contents>
         </StringRefAddr>
         <StringRefAddr addrType="port">
            <Contents>1521</Contents>
         </StringRefAddr>
         <StringRefAddr addrType="DeployPassword">
            <Contents>true</Contents>
         </StringRefAddr>
         <StringRefAddr addrType="user">
            <Contents>dev_activities</Contents>
         </StringRefAddr>
         <StringRefAddr addrType="subtype">
            <Contents>oraJDBC</Contents>
         </StringRefAddr>
         <StringRefAddr addrType="hostname">
            <Contents>padbd1.darden.com</Contents>
         </StringRefAddr>
         <SecureRefAddr addrType="password"/>
      </RefAddresses>
   </Reference>
   <Reference name="WebCenterDS" className="oracle.jdeveloper.db.adapter.DatabaseProvider" credentialStoreKey="WebCenterDS" xmlns="">
      <Factory className="oracle.jdeveloper.db.adapter.DatabaseProviderFactory"/>
      <RefAddresses>
         <StringRefAddr addrType="sid">
            <Contents>padbdev</Contents>
         </StringRefAddr>
         <StringRefAddr addrType="oraDriverType">
            <Contents>thin</Contents>
         </StringRefAddr>
         <StringRefAddr addrType="port">
            <Contents>1521</Contents>
         </StringRefAddr>
         <StringRefAddr addrType="DeployPassword">
            <Contents>true</Contents>
         </StringRefAddr>
         <StringRefAddr addrType="user">
            <Contents>dev_webcenter</Contents>
         </StringRefAddr>
         <StringRefAddr addrType="role">
            <Contents> </Contents>
         </StringRefAddr>
         <StringRefAddr addrType="subtype">
            <Contents>oraJDBC</Contents>
         </StringRefAddr>
         <StringRefAddr addrType="hostname">
            <Contents>padbd1.darden.com</Contents>
         </StringRefAddr>
         <SecureRefAddr addrType="password"/>
      </RefAddresses>
   </Reference>
   <Reference name="SpacesWebServiceEndpoint" className="oracle.adf.model.connection.url.HttpURLConnection" xmlns="">
      <Factory className="oracle.adf.model.connection.url.URLConnectionFactory"/>
      <RefAddresses>
         <XmlRefAddr addrType="SpacesWebServiceEndpoint">
            <Contents>
               <urlconnection name="SpacesWebServiceEndpoint" url="http://pawebd1.darden.com:8888/webcenter/SpacesWebService"/>
            </Contents>
         </XmlRefAddr>
      </RefAddresses>
   </Reference>
   <Reference name="Discussions" className="oracle.adf.mbean.share.connection.webcenter.forum.ForumConnection" xmlns="">
      <Factory className="oracle.adf.mbean.share.connection.webcenter.forum.ForumConnectionFactory"/>
      <RefAddresses>
         <StringRefAddr addrType="forum.url">
            <Contents>http://pawebd1.darden.com:8890/owc_discussions</Contents>
         </StringRefAddr>
         <StringRefAddr addrType="admin.user">
            <Contents>oracleldap</Contents>
         </StringRefAddr>
         <StringRefAddr addrType="connection.time.out">
            <Contents/>
         </StringRefAddr>
         <StringRefAddr addrType="policy.uri.for.auth.access">
            <Contents>oracle/wss10_saml_token_client_policy</Contents>
         </StringRefAddr>
         <StringRefAddr addrType="policy.uri.for.public.access">
            <Contents/>
         </StringRefAddr>
         <StringRefAddr addrType="recipient.key.alias">
            <Contents/>
         </StringRefAddr>
         <StringRefAddr addrType="adapter.name">
            <Contents>Jive</Contents>
         </StringRefAddr>
      </RefAddresses>
   </Reference>
   <Reference name="Worklist" className="oracle.adf.mbean.share.connection.webcenter.bpel.BPELConnection" xmlns="">
      <Factory className="oracle.webcenter.bpel.config.BPELConnectionFactory"/>
      <RefAddresses>
         <StringRefAddr addrType="URL">
            <Contents>http://172.20.210.94:8010</Contents>
         </StringRefAddr>
         <StringRefAddr addrType="PolicyURI">
            <Contents>oracle/wss10_saml_token_client_policy</Contents>
         </StringRefAddr>
         <StringRefAddr addrType="RecipientKeyAlias">
            <Contents/>
         </StringRefAddr>
         <StringRefAddr addrType="LinkURL">
            <Contents/>
         </StringRefAddr>
      </RefAddresses>
   </Reference>
   <Reference name="UCM" className="oracle.vcr.jam.JamRepository" xmlns="">
      <Factory className="oracle.vcr.jam.JamRepositoryFactory"/>
      <RefAddresses>
         <StringRefAddr addrType="oracle.vcr.jam.factoryClassName">
            <Contents>oracle.jcr.OracleRepositoryFactory</Contents>
         </StringRefAddr>
         <StringRefAddr addrType="oracle.vcr.jam.repositoryClassName">
            <Contents>javax.jcr.Repository</Contents>
         </StringRefAddr>
         <StringRefAddr addrType="oracle.vcr.jam.repositoryTypeID">
            <Contents>oracle.stellent.jcr</Contents>
         </StringRefAddr>
         <StringRefAddr addrType="oracle.vcr.jam.authenticationMethod">
            <Contents>IDENTITY_PROPAGATION</Contents>
         </StringRefAddr>
         <StringRefAddr addrType="oracle.jcr.framework.version">
            <Contents>11.1.0.0.0</Contents>
         </StringRefAddr>
         <StringRefAddr addrType="oracle.jcr.configuration.className">
            <Contents>oracle.stellent.jcr.IdcRepositoryConfiguration</Contents>
         </StringRefAddr>
         <StringRefAddr addrType="oracle.jcr.configuration.factoryClassName">
            <Contents>oracle.stellent.jcr.IdcRepositoryConfigurationFactory</Contents>
         </StringRefAddr>
         <StringRefAddr addrType="jcr.repository.version">
            <Contents>10.1.3.2.0</Contents>
         </StringRefAddr>
         <StringRefAddr addrType="oracle.stellent.jcr.configuration.cis.config.socket.type">
            <Contents>socket</Contents>
         </StringRefAddr>
         <StringRefAddr addrType="oracle.stellent.jcr.configuration.server.host">
            <Contents>krowddev1.darden.com</Contents>
         </StringRefAddr>
         <StringRefAddr addrType="oracle.stellent.jcr.configuration.server.port">
            <Contents>4444</Contents>
         </StringRefAddr>
         <StringRefAddr addrType="oracle.stellent.jcr.configuration.server.web.contextRoot">
            <Contents>/cs</Contents>
         </StringRefAddr>
         <StringRefAddr addrType="oracle.stellent.jcr.configuration.server.admin.username">
            <Contents>sysadmin</Contents>
         </StringRefAddr>
      </RefAddresses>
   </Reference>
   <Reference name="SESConnection" className="oracle.adf.mbean.share.connection.webcenter.search.SesConnectionReferenceable" credentialStoreKey="SESConnection" xmlns="">
      <Factory className="oracle.adf.mbean.share.connection.webcenter.search.SesConnectionFactory"/>
      <RefAddresses>
         <XmlRefAddr addrType="SesConfig">
            <Contents>
               <SesConfig>
                  <AttributeMap>
                     <Attribute name="date">
                        <SesAttribute>LastModifiedDate</SesAttribute>
                     </Attribute>
                     <Attribute name="person">
                        <SesAttribute>Author</SesAttribute>
                     </Attribute>
                  </AttributeMap>
                  <SoapUrl>http://seswebd1.darden.com:8888/search/query/OracleSearch</SoapUrl>
               </SesConfig>
            </Contents>
         </XmlRefAddr>
         <StringRefAddr addrType="appUsername">
            <Contents>devsearch1</Contents>
         </StringRefAddr>
         <SecureRefAddr addrType="appPassword"/>
      </RefAddresses>
   </Reference>
</References>