<?xml version="1.0" encoding="UTF-8" ?>
<pageDefinition xmlns="http://xmlns.oracle.com/adfm/uimodel" version="12.2.1.22.48" id="contactlovPageDef"
                Package="contReplace.lov">
  <parameters/>
  <executables>
    <variableIterator id="variables"/>
    <iterator Binds="LovContacts" RangeSize="25" DataControl="GACommonServiceDataControl" id="LovContactsIterator" RefreshCondition="${requestContext.postback==false}"/>
  </executables>
  <bindings>
    <tree IterBinding="LovContactsIterator" id="LovContacts">
      <nodeDefinition DefName="gov.usda.fs.nrm.gacommon.model.dataaccess.contreplace.lov.LovContacts"
                      Name="LovContacts0">
        <AttrNames>
          <Item Value="Cn"/>
          <Item Value="Id"/>
          <Item Value="LastOrOrgName"/>
          <Item Value="FirstName"/>
          <Item Value="ContactType"/>
          <Item Value="Duns"/>
          <Item Value="AddressType"/>
          <Item Value="Line1"/>
          <Item Value="CityName"/>
          <Item Value="StateCode"/>
          <Item Value="ElectronicAddress"/>
        </AttrNames>
      </nodeDefinition>
    </tree>
  </bindings>
</pageDefinition>
