<?xml version="1.0" encoding="windows-1252" ?>
<adfc-config xmlns="http://xmlns.oracle.com/adf/controller" version="1.2"
             id="__100">
  <task-flow-definition id="loginTaskflow">
    <default-activity id="__2">initiateBindingContext</default-activity>
    <data-control-scope id="__151">
      <isolated/>
    </data-control-scope>
    <managed-bean id="__11">
      <managed-bean-name id="__1">activationBean</managed-bean-name>
      <managed-bean-class id="__9">com.darden.krowd.loginflow.bean.ActivationBean</managed-bean-class>
      <managed-bean-scope id="__10">pageFlow</managed-bean-scope>
    </managed-bean>
    <managed-bean id="__12">
      <managed-bean-name id="__15">forgotPasswordBean</managed-bean-name>
      <managed-bean-class id="__13">com.darden.krowd.loginflow.bean.ForgotPasswordBean</managed-bean-class>
      <managed-bean-scope id="__14">pageFlow</managed-bean-scope>
    </managed-bean>
    <managed-bean id="__19">
      <managed-bean-name id="__17">forgotUsernameBean</managed-bean-name>
      <managed-bean-class id="__18">com.darden.krowd.loginflow.bean.ForgotUsernameBean</managed-bean-class>
      <managed-bean-scope id="__16">pageFlow</managed-bean-scope>
    </managed-bean>
    <managed-bean id="__23">
      <managed-bean-name id="__20">passcodeVerificationBean</managed-bean-name>
      <managed-bean-class id="__21">com.darden.krowd.loginflow.bean.PasscodeVerificationBean</managed-bean-class>
      <managed-bean-scope id="__22">pageFlow</managed-bean-scope>
    </managed-bean>
    <view id="findAndActivation">
      <page id="__110">/com/darden/krowd/loginflow/jsff/findAndActivation.jsff</page>
    </view>
    <router id="router1">
      <case id="__114">
        <expression id="__99">#{param.value eq 'Activate'}</expression>
        <outcome id="__8">findAndActivate</outcome>
      </case>
      <case id="__97">
        <expression id="__113">#{param.value eq 'TandC'}</expression>
        <outcome id="__45">termsAndConditions</outcome>
      </case>
      <case id="__111">
        <expression id="__106">#{param.value eq 'ForgotPwd'}</expression>
        <outcome id="__73">forgotPassword</outcome>
      </case>
      <case id="__93">
        <expression id="__101">#{param.value eq 'ForgotUser'}</expression>
        <outcome id="__74">forgotUsername</outcome>
      </case>
      <case id="__153">
        <expression id="__152">#{param.value eq 'PasscodeVerify'}</expression>
        <outcome id="__82">passcodeVerify</outcome>
      </case>
      <case id="__38">
        <expression>#{param.value eq 'AandT'}</expression>
        <outcome>activationAndTerms</outcome>
      </case>
      <default-outcome id="__107">passcodeVerifyActive</default-outcome>
    </router>
    <view id="termsAndConditions">
      <page id="__92">/com/darden/krowd/loginflow/jsff/termsAndConditions.jsff</page>
    </view>
    <view id="securityQuestionsAnswers">
      <page id="__104">/com/darden/krowd/loginflow/jsff/securityQuestionsAnswers.jsff</page>
    </view>
    <view id="setPassword">
      <page id="__109">/com/darden/krowd/loginflow/jsff/setPassword.jsff</page>
    </view>
    <view id="activationSuccess">
      <page id="__105">/com/darden/krowd/loginflow/jsff/activationSuccess.jsff</page>
    </view>
    <view id="forgotPassword">
      <page id="__96">/com/darden/krowd/loginflow/jsff/forgotPassword.jsff</page>
    </view>
    <view id="forgotUsername">
      <page id="__108">/com/darden/krowd/loginflow/jsff/forgotUsername.jsff</page>
    </view>
    <view id="forgotUsernameMessage">
      <page id="__98">/com/darden/krowd/loginflow/jsff/forgotUsernameMessage.jsff</page>
    </view>
    <view id="forgotPasswordMessage">
      <page id="__95">/com/darden/krowd/loginflow/jsff/forgotPasswordMessage.jsff</page>
    </view>
    <view id="passwordExpired">
      <page id="__112">/com/darden/krowd/loginflow/jsff/passwordExpired.jsff</page>
    </view>
    <view id="passwordExpiredMessage">
      <page id="__94">/com/darden/krowd/loginflow/jsff/passwordExpiredMessage.jsff</page>
    </view>
    <view id="passcodeVerificationMessage">
      <page id="__102">/com/darden/krowd/loginflow/jsff/passcodeVerificationMessage.jsff</page>
    </view>
    <view id="passcodeVerification">
      <page id="__91">/com/darden/krowd/loginflow/jsff/passcodeVerification.jsff</page>
    </view>
    <view id="rlRestrictedpage">
      <page id="__118">/com/darden/krowd/loginflow/jsff/rlRestrictedpage.jsff</page>
    </view>
    <view id="forgotPasswordRSCMessage">
      <page id="__103">/com/darden/krowd/loginflow/jsff/forgotPasswordRSCMessage.jsff</page>
    </view>
    <view id="forgotPwdSecurityQA">
      <page id="__62">/com/darden/krowd/loginflow/jsff/forgotPwdSecurityQA.jsff</page>
    </view>
    <view id="resetPassword">
      <page id="__63">/com/darden/krowd/loginflow/jsff/resetPassword.jsff</page>
    </view>
    <method-call id="initiateBindingContext">
      <method id="__275">#{bindings.initiateBindingContext.execute}</method>
      <outcome id="__1321">
        <fixed-outcome id="__274">gotorouter</fixed-outcome>
      </outcome>
    </method-call>
    <view id="passcodeVerificationActive">
      <page>/com/darden/krowd/loginflow/jsff/passcodeVerification.jsff</page>
    </view>
    <view id="activationAndTerms">
      <page>/com/darden/krowd/loginflow/jsff/activationAndTerms.jsff</page>
    </view>
    <view id="passcodeVerificationMessageActivation1">
      <page>/com/darden/krowd/loginflow/jsff/passcodeVerificationMessageActivation.jsff</page>
    </view>
    <control-flow-rule id="__3">
      <from-activity-id id="__4">router1</from-activity-id>
      <control-flow-case id="__5">
        <from-outcome id="__7">findAndActivate</from-outcome>
        <to-activity-id id="__6">findAndActivation</to-activity-id>
      </control-flow-case>
      <control-flow-case id="__46">
        <from-outcome id="__48">forgotPassword</from-outcome>
        <to-activity-id id="__47">forgotPassword</to-activity-id>
      </control-flow-case>
      <control-flow-case id="__56">
        <from-outcome id="__54">forgotUsername</from-outcome>
        <to-activity-id id="__55">forgotUsername</to-activity-id>
      </control-flow-case>
      <control-flow-case id="__64">
        <from-outcome id="__80">passcodeVerify</from-outcome>
        <to-activity-id id="__81">passcodeVerification</to-activity-id>
      </control-flow-case>
      <control-flow-case id="__26">
        <from-outcome>termsAndConditions</from-outcome>
        <to-activity-id>termsAndConditions</to-activity-id>
      </control-flow-case>
      <control-flow-case id="__36">
        <from-outcome>activationAndTerms</from-outcome>
        <to-activity-id>activationAndTerms</to-activity-id>
      </control-flow-case>
    </control-flow-rule>
    <control-flow-rule id="__49">
      <from-activity-id id="__50">forgotPassword</from-activity-id>
      <control-flow-case id="__52">
        <from-outcome id="__53">validateSecurityQA</from-outcome>
        <to-activity-id id="__51">passcodeVerificationMessage</to-activity-id>
      </control-flow-case>
      <control-flow-case id="__65">
        <from-outcome id="__67">pwdExpired</from-outcome>
        <to-activity-id id="__66">passwordExpired</to-activity-id>
      </control-flow-case>
      <control-flow-case id="__84">
        <from-outcome id="__85">passcodeVerify</from-outcome>
        <to-activity-id id="__83">passcodeVerification</to-activity-id>
      </control-flow-case>
      <control-flow-case id="__42">
        <from-outcome id="__44">pwdHelpRSC</from-outcome>
        <to-activity-id id="__43">forgotPasswordRSCMessage</to-activity-id>
      </control-flow-case>
    </control-flow-rule>
    <control-flow-rule id="__57">
      <from-activity-id id="__58">forgotUsername</from-activity-id>
      <control-flow-case id="__60">
        <from-outcome id="__61">forgotUserMsg</from-outcome>
        <to-activity-id id="__59">forgotUsernameMessage</to-activity-id>
      </control-flow-case>
    </control-flow-rule>
    <control-flow-rule id="__68">
      <from-activity-id id="__69">passwordExpired</from-activity-id>
      <control-flow-case id="__71">
        <from-outcome id="__72">pwdExpiredMsg</from-outcome>
        <to-activity-id id="__70">passwordExpiredMessage</to-activity-id>
      </control-flow-case>
      <control-flow-case id="__144">
        <from-outcome id="__145">expsecurityQA</from-outcome>
        <to-activity-id id="__143">forgotPwdSecurityQA</to-activity-id>
      </control-flow-case>
    </control-flow-rule>
    <control-flow-rule id="__75">
      <from-activity-id id="__76">findAndActivation</from-activity-id>
      <control-flow-case id="__78">
        <from-outcome id="__79">passcodeVerifyMsg</from-outcome>
        <to-activity-id id="__77">passcodeVerificationMessageActivation1</to-activity-id>
      </control-flow-case>
      <control-flow-case id="__116">
        <from-outcome id="__117">RLRestrictedPage</from-outcome>
        <to-activity-id id="__115">rlRestrictedpage</to-activity-id>
      </control-flow-case>
    </control-flow-rule>
    <control-flow-rule id="__86">
      <from-activity-id id="__87">passcodeVerification</from-activity-id>
      <control-flow-case id="__89">
        <from-outcome id="__90">changePwd</from-outcome>
        <to-activity-id id="__88">resetPassword</to-activity-id>
      </control-flow-case>
    </control-flow-rule>
    <control-flow-rule id="__123">
      <from-activity-id id="__124">resetPassword</from-activity-id>
      <control-flow-case id="__125">
        <from-outcome id="__126">forgotPwdMsg</from-outcome>
        <to-activity-id id="__127">forgotPasswordMessage</to-activity-id>
      </control-flow-case>
    </control-flow-rule>
    <control-flow-rule id="__128">
      <from-activity-id id="__129">forgotPwdSecurityQA</from-activity-id>
      <control-flow-case id="__130">
        <from-outcome id="__132">changePwd</from-outcome>
        <to-activity-id id="__131">resetPassword</to-activity-id>
      </control-flow-case>
      <control-flow-case id="__133">
        <from-outcome id="__134">passcodeVerifyMsg</from-outcome>
        <to-activity-id id="__135">passcodeVerificationMessage</to-activity-id>
      </control-flow-case>
      <control-flow-case id="__137">
        <from-outcome id="__139">back</from-outcome>
        <to-activity-id id="__138">forgotPassword</to-activity-id>
      </control-flow-case>
    </control-flow-rule>
    <control-flow-rule id="__119">
      <from-activity-id id="__120">forgotPasswordRSCMessage</from-activity-id>
      <control-flow-case id="__121">
        <from-outcome id="__136">back</from-outcome>
        <to-activity-id id="__122">forgotPassword</to-activity-id>
      </control-flow-case>
    </control-flow-rule>
    <control-flow-rule id="__146">
      <from-activity-id id="__147">initiateBindingContext</from-activity-id>
      <control-flow-case id="__149">
        <from-outcome id="__150">gotorouter</from-outcome>
        <to-activity-id id="__148">router1</to-activity-id>
      </control-flow-case>
    </control-flow-rule>
    <control-flow-rule id="__31">
      <from-activity-id>setPassword</from-activity-id>
      <control-flow-case id="__32">
        <from-outcome>activateSuccess</from-outcome>
        <to-activity-id>activationSuccess</to-activity-id>
      </control-flow-case>
    </control-flow-rule>
    <control-flow-rule id="__33">
      <from-activity-id>activationAndTerms</from-activity-id>
      <control-flow-case id="__34">
        <from-outcome>2FactorFlow</from-outcome>
        <to-activity-id>setPassword</to-activity-id>
      </control-flow-case>
    </control-flow-rule>
    <control-flow-rule id="__35">
      <from-activity-id>termsAndConditions</from-activity-id>
      <control-flow-case id="__37">
        <from-outcome>2FactorFlow</from-outcome>
        <to-activity-id>setPassword</to-activity-id>
      </control-flow-case>
    </control-flow-rule>
    <use-page-fragments/>
  </task-flow-definition>
</adfc-config>
