<?xml version='1.0' encoding='windows-1252' ?>
<!DOCTYPE ViewObject SYSTEM "jbo_03_01.dtd">
<!---->

<ViewObject
   xmlns="http://xmlns.oracle.com/bc4j"
   Name="lovCloseoutReason"
   Version="12.2.1.22.48"
   OrderBy="display_seq"
   BindingStyle="OracleName"
   CustomQuery="true"
   ComponentClass="gov.usda.fs.nrm.gacommon.model.dataaccess.raca.lov.lovCloseoutReasonImpl"
   PageIterMode="Partial" >
   <DesignTime>
      <Attr Name="_codeGenFlag2" Value="Coll"/>
      <Attr Name="_isExpertMode" Value="true"/>
   </DesignTime>
   <SQLQuery><![CDATA[Select name, description, display_seq
  from ii_codes c
  Where c.att_name = 'GA_RACA_CLOSEOUT_REASON']]></SQLQuery>
   <ViewAttribute
      Name="Name"
      IsUpdateable="false"
      IsPersistent="false"
      IsNotNull="true"
      Precision="40"
      Type="java.lang.String"
      ColumnType="VARCHAR2"
      AliasName="NAME"
      Expression="NAME"
      SQLType="VARCHAR" >
      <DesignTime>
         <Attr Name="_DisplaySize" Value="40" />
      </DesignTime>
   </ViewAttribute>
   <ViewAttribute
      Name="Description"
      IsUpdateable="false"
      IsPersistent="false"
      Precision="2000"
      Type="java.lang.String"
      ColumnType="VARCHAR2"
      AliasName="DESCRIPTION"
      Expression="DESCRIPTION"
      SQLType="VARCHAR" >
      <DesignTime>
         <Attr Name="_DisplaySize" Value="2000" />
      </DesignTime>
   </ViewAttribute>
   <ViewAttribute
      Name="DisplaySeq"
      IsUpdateable="false"
      IsPersistent="false"
      Precision="4"
      Scale="0"
      Type="oracle.jbo.domain.Number"
      ColumnType="NUMBER"
      AliasName="DISPLAY_SEQ"
      Expression="DISPLAY_SEQ"
      SQLType="NUMERIC" >
      <DesignTime>
         <Attr Name="_DisplaySize" Value="22" />
      </DesignTime>
   </ViewAttribute>
</ViewObject>
