<?xml version="1.0" encoding="windows-1252" ?>
<!DOCTYPE ViewObject SYSTEM "jbo_03_01.dtd">
<!---->
<ViewObject
  xmlns="http://xmlns.oracle.com/bc4j"
  Name="LovContSubType"
  Version="12.2.1.22.48"
  InheritPersonalization="merge"
  BindingStyle="OracleName"
  CustomQuery="true"
  ComponentClass="gov.usda.fs.nrm.gacommon.model.dataaccess.raca.lov.LovContSubTypeImpl"
  PageIterMode="Full">
  <DesignTime>
    <Attr Name="_codeGenFlag2" Value="Coll"/>
    <Attr Name="_isExpertMode" Value="true"/>
  </DesignTime>
  <Properties>
    <SchemaBasedProperties>
      <LABEL
        ResId="gov.usda.fs.nrm.gacommon.model.dataaccess.raca.lov.LovContSubType_LABEL"/>
    </SchemaBasedProperties>
  </Properties>
  <SQLQuery><![CDATA[SELECT Codes.NAME,  
       Codes.DESCRIPTION, 
       Codes.display_seq       
FROM II_CODES Codes  
WHERE Codes.ATT_NAME = 'GA_CONTACT_TYPE'  
order by Codes.NAME]]></SQLQuery>
  <ViewAttribute
    Name="Name"
    IsUpdateable="false"
    IsPersistent="false"
    PrecisionRule="true"
    Precision="255"
    Type="java.lang.String"
    ColumnType="VARCHAR2"
    AliasName="NAME"
    Expression="NAME"
    SQLType="VARCHAR">
    <DesignTime>
      <Attr Name="_DisplaySize" Value="40"/>
    </DesignTime>
  </ViewAttribute>
  <ViewAttribute
    Name="Description"
    IsUpdateable="false"
    IsPersistent="false"
    PrecisionRule="true"
    Precision="2000"
    Type="java.lang.String"
    ColumnType="VARCHAR2"
    AliasName="DESCRIPTION"
    Expression="DESCRIPTION"
    SQLType="VARCHAR">
    <DesignTime>
      <Attr Name="_DisplaySize" Value="2000"/>
    </DesignTime>
  </ViewAttribute>
  <ViewAttribute
    Name="DisplaySeq"
    IsUpdateable="false"
    IsPersistent="false"
    PrecisionRule="true"
    Precision="4"
    Scale="0"
    Type="oracle.jbo.domain.Number"
    ColumnType="NUMBER"
    AliasName="DISPLAY_SEQ"
    Expression="DISPLAY_SEQ"
    SQLType="NUMERIC"/>
  <AttrArray Name="KeyAttributes">
    <Item Value="Name"/>
  </AttrArray>
  <ResourceBundle>
    <PropertiesBundle
      PropertiesFile="gov.usda.fs.nrm.gacommon.model.ModelBundle"/>
  </ResourceBundle>
</ViewObject>
