<?xml version="1.0" encoding="windows-1252" ?>
<!DOCTYPE ViewObject SYSTEM "jbo_03_01.dtd">
<!---->
<ViewObject
  xmlns="http://xmlns.oracle.com/bc4j"
  Name="LovOrg"
  Version="12.2.1.22.48"
  InheritPersonalization="merge"
  BindingStyle="OracleName"
  CustomQuery="true"
  ComponentClass="gov.usda.fs.nrm.gacommon.model.dataaccess.raca.lov.LovOrgImpl"
  PageIterMode="Full">
  <DesignTime>
    <Attr Name="_codeGenFlag2" Value="Coll"/>
    <Attr Name="_isExpertMode" Value="true"/>
  </DesignTime>
  <Properties>
    <SchemaBasedProperties>
      <LABEL
        ResId="gov.usda.fs.nrm.gacommon.model.dataaccess.raca.lov.LovOrg_LABEL"/>
    </SchemaBasedProperties>
  </Properties>
  <SQLQuery><![CDATA[SELECT SECURITY_ID as Org, SECURITY_ORG_NAME as Description, SECURITY_ORG_CN as cn FROM II_SECURITY_ID_LOV_V WHERE TABLE_NAME = 'ACCPLISHMENT_INSTRUMENTS' order by SECURITY_ID]]></SQLQuery>
  <ViewAttribute
    Name="Org"
    IsUpdateable="false"
    IsPersistent="false"
    PrecisionRule="true"
    Precision="255"
    Type="java.lang.String"
    ColumnType="VARCHAR2"
    AliasName="ORG"
    Expression="ORG"
    SQLType="VARCHAR">
    <DesignTime>
      <Attr Name="_DisplaySize" Value="30"/>
    </DesignTime>
  </ViewAttribute>
  <ViewAttribute
    Name="Description"
    IsUpdateable="false"
    IsPersistent="false"
    PrecisionRule="true"
    Precision="120"
    Type="java.lang.String"
    ColumnType="VARCHAR2"
    AliasName="DESCRIPTION"
    Expression="DESCRIPTION"
    SQLType="VARCHAR">
    <DesignTime>
      <Attr Name="_DisplaySize" Value="120"/>
    </DesignTime>
  </ViewAttribute>
  <ViewAttribute
    Name="Cn"
    IsUpdateable="false"
    IsPersistent="false"
    PrecisionRule="true"
    Precision="34"
    Type="java.lang.String"
    ColumnType="VARCHAR2"
    AliasName="CN"
    Expression="CN"
    SQLType="VARCHAR">
    <DesignTime>
      <Attr Name="_DisplaySize" Value="34"/>
    </DesignTime>
  </ViewAttribute>
  <AttrArray Name="KeyAttributes">
    <Item Value="Org"/>
  </AttrArray>
  <ResourceBundle>
    <PropertiesBundle
      PropertiesFile="model.ModelBundle"/>
  </ResourceBundle>
</ViewObject>
