<?xml version="1.0" encoding="windows-1252" ?>
<adfc-config xmlns="http://xmlns.oracle.com/adf/controller" version="1.2">
  <task-flow-definition id="adf-raca-contact-flow">
    <default-activity>contacts</default-activity>
    <data-control-scope>
      <shared/>
    </data-control-scope>
    <managed-bean id="__1">
      <managed-bean-name>racaContactsBean</managed-bean-name>
      <managed-bean-class>gov.usda.fs.nrm.gacommon.view.bean.raca.RacaContactsBean</managed-bean-class>
      <managed-bean-scope>request</managed-bean-scope>
    </managed-bean>
    <managed-bean id="__2">
      <managed-bean-name>racaUserBean</managed-bean-name>
      <managed-bean-class>gov.usda.fs.nrm.gacommon.view.bean.raca.RacaUserBean</managed-bean-class>
      <managed-bean-scope>session</managed-bean-scope>
    </managed-bean>
    <view id="contacts">
      <page>/fragments/raca/racacontacts.jsff</page>
    </view>
    <use-page-fragments/>
  </task-flow-definition>
</adfc-config>
