<?xml version="1.0" encoding="windows-1252" ?>
<adfc-config xmlns="http://xmlns.oracle.com/adf/controller" version="1.2">
  <task-flow-definition id="gacontext">
    <default-activity>gaContext</default-activity>
    <data-control-scope>
      <shared/>
    </data-control-scope>
    <managed-bean id="__1">
      <managed-bean-name>statusDialogBean</managed-bean-name>
      <managed-bean-class>gov.usda.fs.nrm.gacommon.view.bean.raca.StatusDialogBean</managed-bean-class>
      <managed-bean-scope>pageFlow</managed-bean-scope>
    </managed-bean>
    <managed-bean id="__2">
      <managed-bean-name>tabActive</managed-bean-name>
      <managed-bean-class>gov.usda.fs.nrm.gacommon.view.bean.raca.TabActivation</managed-bean-class>
      <managed-bean-scope>view</managed-bean-scope>
    </managed-bean>
    <view id="gaContext">
      <page>/fragments/raca/racacontext.jsff</page>
    </view>
    <use-page-fragments/>
  </task-flow-definition>
</adfc-config>
