<?xml version="1.0" encoding="windows-1252" ?>
<menu xmlns="http://myfaces.apache.org/trinidad/menu">
 <!-- <groupNode id="itemNode_req" label="Requests"  idref="itemNode_req">-->
 <!-- <groupNode id="request" idref="adfMenu_reqDetails">-->
 
    <itemNode id="itemNode_reqDetails" label="Req Details" action="adfMenu_reqDetails" focusViewId="/reqDetails"/>
    <itemNode id="itemNode_jobCode" label="Job Code Notifcation" action="itemNode_jobcodjnotification"
              focusViewId="/jobCode"/>

 
  <!--</groupNode>-->
  <itemNode id="itemNode_contacts" label="Contacts" action="adfMenu_contacts" focusViewId="/contacts"/>
  <itemNode id="itemNode_cooperators" label="Cooperators" action="adfMenu_cooperators"
            focusViewId="/cooperators"/>
  <itemNode id="itemNode_bills" label="Bills" action="adfMenu_bills" focusViewId="/bills"/>
</menu>
