<?xml version='1.0' encoding='windows-1252' ?>
<!DOCTYPE Entity SYSTEM "jbo_03_01.dtd">
<!---->

<Entity
   xmlns="http://xmlns.oracle.com/bc4j"
   Name="AccinstContLinks"
   Version="12.2.1.22.48"
   DBObjectType="synonym"
   DBObjectName="II_ACCINST_CONT_LINKS"
   AliasName="AccinstContLinks"
   BindingStyle="OracleName"
   RowClass="gov.usda.fs.nrm.gacommon.model.entity.raca.AccinstContLinksImpl" >
   <DesignTime>
      <Attr Name="_codeGenFlag2" Value="Access"/>
      <Attr Name="_isCodegen" Value="true"/>
   </DesignTime>
   <Attribute
      Name="AccinstCn"
      IsUnique="true"
      IsNotNull="true"
      Precision="34"
      ColumnName="ACCINST_CN"
      SQLType="VARCHAR"
      Type="java.lang.String"
      ColumnType="VARCHAR2"
      TableName="II_ACCINST_CONT_LINKS" >
      <DesignTime>
         <Attr Name="_DisplaySize" Value="34" />
      </DesignTime>
   </Attribute>
   <Attribute
      Name="ContCn"
      IsUnique="true"
      IsNotNull="true"
      Precision="34"
      ColumnName="CONT_CN"
      SQLType="VARCHAR"
      Type="java.lang.String"
      ColumnType="VARCHAR2"
      TableName="II_ACCINST_CONT_LINKS" >
      <DesignTime>
         <Attr Name="_DisplaySize" Value="34" />
      </DesignTime>
   </Attribute>
   <Attribute
      Name="LinkTypeName"
      IsUnique="true"
      IsNotNull="true"
      Precision="40"
      ColumnName="LINK_TYPE_NAME"
      SQLType="VARCHAR"
      Type="java.lang.String"
      ColumnType="VARCHAR2"
      TableName="II_ACCINST_CONT_LINKS" >
      <DesignTime>
         <Attr Name="_DisplaySize" Value="40" />
      </DesignTime>
   </Attribute>
   <Attribute
      Name="StartDate"
      ColumnName="START_DATE"
      SQLType="DATE"
      Type="oracle.jbo.domain.Date"
      ColumnType="DATE"
      TableName="II_ACCINST_CONT_LINKS" >
      <DesignTime>
         <Attr Name="_DisplaySize" Value="7" />
      </DesignTime>
   </Attribute>
   <Attribute
      Name="EndDate"
      ColumnName="END_DATE"
      SQLType="DATE"
      Type="oracle.jbo.domain.Date"
      ColumnType="DATE"
      TableName="II_ACCINST_CONT_LINKS" >
      <DesignTime>
         <Attr Name="_DisplaySize" Value="7" />
      </DesignTime>
   </Attribute>
   <Attribute
      Name="Remarks"
      Precision="255"
      ColumnName="REMARKS"
      SQLType="VARCHAR"
      Type="java.lang.String"
      ColumnType="VARCHAR2"
      TableName="II_ACCINST_CONT_LINKS" >
      <DesignTime>
         <Attr Name="_DisplaySize" Value="255" />
      </DesignTime>
      <Properties >
         <SchemaBasedProperties >
            <DISPLAYWIDTH
               Value="40" >
            </DISPLAYWIDTH>
         </SchemaBasedProperties>
      </Properties>
   </Attribute>
   <Attribute
      Name="LeadingInd"
      Precision="1"
      ColumnName="LEADING_IND"
      SQLType="VARCHAR"
      Type="java.lang.String"
      ColumnType="VARCHAR2"
      TableName="II_ACCINST_CONT_LINKS" >
      <DesignTime>
         <Attr Name="_DisplaySize" Value="1" />
      </DesignTime>
   </Attribute>
   <Attribute
      Name="Department"
      Precision="40"
      ColumnName="DEPARTMENT"
      SQLType="VARCHAR"
      Type="java.lang.String"
      ColumnType="VARCHAR2"
      TableName="II_ACCINST_CONT_LINKS" >
      <DesignTime>
         <Attr Name="_DisplaySize" Value="40" />
      </DesignTime>
   </Attribute>
   <Attribute
      Name="Division"
      Precision="40"
      ColumnName="DIVISION"
      SQLType="VARCHAR"
      Type="java.lang.String"
      ColumnType="VARCHAR2"
      TableName="II_ACCINST_CONT_LINKS" >
      <DesignTime>
         <Attr Name="_DisplaySize" Value="40" />
      </DesignTime>
   </Attribute>
   <Attribute
      Name="FfisVendorId"
      Precision="11"
      ColumnName="FFIS_VENDOR_ID"
      SQLType="VARCHAR"
      Type="java.lang.String"
      ColumnType="VARCHAR2"
      TableName="II_ACCINST_CONT_LINKS" >
      <DesignTime>
         <Attr Name="_DisplaySize" Value="11" />
      </DesignTime>
      <Properties >
         <SchemaBasedProperties >
            <LABEL
               ResId="gov.usda.fs.nrm.gacommon.model.entity.raca.AccinstContLinks.FfisVendorId_LABEL" >
            </LABEL>
            <DISPLAYWIDTH
               Value="30" >
            </DISPLAYWIDTH>
         </SchemaBasedProperties>
      </Properties>
   </Attribute>
   <Attribute
      Name="FaadsAddrCn"
      Precision="34"
      ColumnName="FAADS_ADDR_CN"
      SQLType="VARCHAR"
      Type="java.lang.String"
      ColumnType="VARCHAR2"
      TableName="II_ACCINST_CONT_LINKS" >
      <DesignTime>
         <Attr Name="_DisplaySize" Value="34" />
      </DesignTime>
   </Attribute>
   <Attribute
      Name="InstitutionCode"
      Precision="40"
      ColumnName="INSTITUTION_CODE"
      SQLType="VARCHAR"
      Type="java.lang.String"
      ColumnType="VARCHAR2"
      TableName="II_ACCINST_CONT_LINKS" >
      <DesignTime>
         <Attr Name="_DisplaySize" Value="40" />
      </DesignTime>
   </Attribute>
   <Attribute
      Name="FedDebtDelnqntInd"
      Precision="1"
      ColumnName="FED_DEBT_DELNQNT_IND"
      SQLType="VARCHAR"
      Type="java.lang.String"
      ColumnType="VARCHAR2"
      TableName="II_ACCINST_CONT_LINKS" >
      <DesignTime>
         <Attr Name="_DisplaySize" Value="1" />
      </DesignTime>
   </Attribute>
   <Attribute
      Name="PayeeInd"
      Precision="1"
      ColumnName="PAYEE_IND"
      SQLType="VARCHAR"
      Type="java.lang.String"
      ColumnType="VARCHAR2"
      TableName="II_ACCINST_CONT_LINKS" >
      <DesignTime>
         <Attr Name="_DisplaySize" Value="1" />
      </DesignTime>
   </Attribute>
   <Attribute
      Name="ApplicantInd"
      Precision="1"
      ColumnName="APPLICANT_IND"
      SQLType="VARCHAR"
      Type="java.lang.String"
      ColumnType="VARCHAR2"
      TableName="II_ACCINST_CONT_LINKS" >
      <DesignTime>
         <Attr Name="_DisplaySize" Value="1" />
      </DesignTime>
   </Attribute>
   <Attribute
      Name="LinkSubType"
      IsUnique="true"
      Precision="40"
      ColumnName="LINK_SUB_TYPE"
      SQLType="VARCHAR"
      Type="java.lang.String"
      ColumnType="VARCHAR2"
      TableName="II_ACCINST_CONT_LINKS" >
      <DesignTime>
         <Attr Name="_DisplaySize" Value="40" />
      </DesignTime>
      <Properties >
         <SchemaBasedProperties >
            <DISPLAYWIDTH
               Value="4" >
            </DISPLAYWIDTH>
            <LABEL
               ResId="gov.usda.fs.nrm.gacommon.model.entity.raca.AccinstContLinks.LinkSubType_LABEL" >
            </LABEL>
         </SchemaBasedProperties>
      </Properties>
   </Attribute>
   <Attribute
      Name="Cn"
      IsNotNull="true"
      Precision="34"
      ColumnName="CN"
      SQLType="VARCHAR"
      Type="java.lang.String"
      ColumnType="VARCHAR2"
      TableName="II_ACCINST_CONT_LINKS"
      PrimaryKey="true" >
      <DesignTime>
         <Attr Name="_DisplaySize" Value="34" />
      </DesignTime>
   </Attribute>
   <Attribute
      Name="FfisCanNumberStatus"
      Precision="40"
      ColumnName="FFIS_CAN_NUMBER_STATUS"
      SQLType="VARCHAR"
      Type="java.lang.String"
      ColumnType="VARCHAR2"
      TableName="II_ACCINST_CONT_LINKS" >
      <DesignTime>
         <Attr Name="_DisplaySize" Value="40" />
      </DesignTime>
   </Attribute>
   <Attribute
      Name="PayerInd"
      DefaultValue="N"
      Precision="1"
      ColumnName="PAYER_IND"
      SQLType="VARCHAR"
      Type="java.lang.String"
      ColumnType="VARCHAR2"
      TableName="II_ACCINST_CONT_LINKS" >
      <DesignTime>
         <Attr Name="_DisplaySize" Value="1" />
      </DesignTime>
      <Properties >
         <SchemaBasedProperties >
            <LABEL
               ResId="gov.usda.fs.nrm.gacommon.model.entity.raca.AccinstContLinks.PayerInd_LABEL" >
            </LABEL>
         </SchemaBasedProperties>
      </Properties>
   </Attribute>
   <AccessorAttribute
      Name="Contacts"
      Association="gov.usda.fs.nrm.gacommon.model.entity.raca.AccinstClContFkAssoc"
      AssociationEnd="gov.usda.fs.nrm.gacommon.model.entity.raca.AccinstClContFkAssoc.Contacts"
      AssociationOtherEnd="gov.usda.fs.nrm.gacommon.model.entity.raca.AccinstClContFkAssoc.AccinstContLinks"
      Type="gov.usda.fs.nrm.gacommon.model.entity.raca.ContactsImpl"
      IsUpdateable="true">
   </AccessorAttribute>
   <AccessorAttribute
      Name="FfisVendors"
      Association="gov.usda.fs.nrm.gacommon.model.entity.raca.AccinstClVendFkAssoc"
      AssociationEnd="gov.usda.fs.nrm.gacommon.model.entity.raca.AccinstClVendFkAssoc.FfisVendors"
      AssociationOtherEnd="gov.usda.fs.nrm.gacommon.model.entity.raca.AccinstClVendFkAssoc.AccinstContLinks"
      Type="gov.usda.fs.nrm.gacommon.model.entity.raca.FfisVendorsImpl"
      IsUpdateable="true">
   </AccessorAttribute>
   <Key
      Name="AccinstClPk"
      PrimaryKey="true" >
      <DesignTime>
         <Attr Name="_DBObjectName" Value="ACCINST_CL_PK"/>
      </DesignTime>
      <AttrArray Name="Attributes"/>
   </Key>
   <Key
      Name="AccinstClUk" >
      <DesignTime>
         <Attr Name="_isUnique" Value="true"/>
         <Attr Name="_DBObjectName" Value="ACCINST_CL_UK"/>
      </DesignTime>
      <AttrArray Name="Attributes"/>
   </Key>
   <Key
      Name="SysC00222180" >
      <DesignTime>
         <Attr Name="_checkCondition" Value='"CN" IS NOT NULL'/>
         <Attr Name="_isCheck" Value="true"/>
         <Attr Name="_DBObjectName" Value="SYS_C00222180"/>
      </DesignTime>
      <AttrArray Name="Attributes"/>
   </Key>
   <Key
      Name="SysC009092" >
      <DesignTime>
         <Attr Name="_checkCondition" Value='"ACCINST_CN" IS NOT NULL'/>
         <Attr Name="_isCheck" Value="true"/>
         <Attr Name="_DBObjectName" Value="SYS_C009092"/>
      </DesignTime>
      <AttrArray Name="Attributes"/>
   </Key>
   <Key
      Name="SysC009093" >
      <DesignTime>
         <Attr Name="_checkCondition" Value='"CONT_CN" IS NOT NULL'/>
         <Attr Name="_isCheck" Value="true"/>
         <Attr Name="_DBObjectName" Value="SYS_C009093"/>
      </DesignTime>
      <AttrArray Name="Attributes"/>
   </Key>
   <Key
      Name="SysC009094" >
      <DesignTime>
         <Attr Name="_checkCondition" Value='"LINK_TYPE_NAME" IS NOT NULL'/>
         <Attr Name="_isCheck" Value="true"/>
         <Attr Name="_DBObjectName" Value="SYS_C009094"/>
      </DesignTime>
      <AttrArray Name="Attributes"/>
   </Key>
   <Key
      Name="AccinstClAccinstFk" >
      <DesignTime>
         <Attr Name="_referencedKey" Value="ACCINST_PK"/>
         <Attr Name="_isForeign" Value="true"/>
         <Attr Name="_DBObjectName" Value="ACCINST_CL_ACCINST_FK"/>
      </DesignTime>
      <AttrArray Name="Attributes"/>
   </Key>
   <Key
      Name="AccinstClContFk" >
      <DesignTime>
         <Attr Name="_referencedKey" Value="CONT_PK"/>
         <Attr Name="_isForeign" Value="true"/>
         <Attr Name="_DBObjectName" Value="ACCINST_CL_CONT_FK"/>
      </DesignTime>
      <AttrArray Name="Attributes"/>
   </Key>
   <Key
      Name="AccinstClFaadsFk" >
      <DesignTime>
         <Attr Name="_referencedKey" Value="II_FAADS_RECIP_ADDRS_PK"/>
         <Attr Name="_isForeign" Value="true"/>
         <Attr Name="_DBObjectName" Value="ACCINST_CL_FAADS_FK"/>
      </DesignTime>
      <AttrArray Name="Attributes"/>
   </Key>
   <Key
      Name="AccinstClVendFk" >
      <DesignTime>
         <Attr Name="_referencedKey" Value="II_FFIS_VENDORS_PK"/>
         <Attr Name="_isForeign" Value="true"/>
         <Attr Name="_DBObjectName" Value="ACCINST_CL_VEND_FK"/>
      </DesignTime>
      <AttrArray Name="Attributes"/>
   </Key>
</Entity>
