<?xml version='1.0' encoding='windows-1252' ?>
<!DOCTYPE Entity SYSTEM "jbo_03_01.dtd">
<!---->

<Entity
   xmlns="http://xmlns.oracle.com/bc4j"
   Name="AccplishmentInstruments"
   Version="12.2.1.22.48"
   DBObjectType="synonym"
   DBObjectName="ACCPLISHMENT_INSTRUMENTS"
   AliasName="AccplishmentInstruments"
   BindingStyle="OracleName"
   RowClass="gov.usda.fs.nrm.gacommon.model.entity.raca.AccplishmentInstrumentsImpl" >
   <DesignTime>
      <Attr Name="_codeGenFlag2" Value="Access" />
      <Attr Name="_isCodegen" Value="true" />
   </DesignTime>
   <Attribute
      Name="Cn"
      IsNotNull="true"
      Precision="34"
      ColumnName="CN"
      SQLType="VARCHAR"
      Type="java.lang.String"
      ColumnType="VARCHAR2"
      TableName="ACCPLISHMENT_INSTRUMENTS"
      PrimaryKey="true" >
      <DesignTime>
         <Attr Name="_DisplaySize" Value="34" />
      </DesignTime>
   </Attribute>
   <Attribute
      Name="Id"
      IsUnique="true"
      IsNotNull="true"
      Precision="40"
      ColumnName="ID"
      SQLType="VARCHAR"
      Type="java.lang.String"
      ColumnType="VARCHAR2"
      TableName="ACCPLISHMENT_INSTRUMENTS" >
      <DesignTime>
         <Attr Name="_DisplaySize" Value="40" />
      </DesignTime>
      <Properties >
         <SchemaBasedProperties >
            <DISPLAYWIDTH
               Value="30" >
            </DISPLAYWIDTH>
            <LABEL
               ResId="gov.usda.fs.nrm.gacommon.model.entity.raca.AccplishmentInstruments.Id_LABEL" >
            </LABEL>
         </SchemaBasedProperties>
      </Properties>
   </Attribute>
   <Attribute
      Name="Name"
      Precision="200"
      ColumnName="NAME"
      SQLType="VARCHAR"
      Type="java.lang.String"
      ColumnType="VARCHAR2"
      TableName="ACCPLISHMENT_INSTRUMENTS" >
      <DesignTime>
         <Attr Name="_DisplaySize" Value="200" />
      </DesignTime>
      <Properties >
         <SchemaBasedProperties >
            <DISPLAYWIDTH
               Value="60" >
            </DISPLAYWIDTH>
         </SchemaBasedProperties>
      </Properties>
   </Attribute>
   <Attribute
      Name="ObjTech"
      IsNotNull="true"
      DefaultValue="ORACLE"
      Precision="30"
      ColumnName="OBJ_TECH"
      SQLType="VARCHAR"
      Type="java.lang.String"
      ColumnType="VARCHAR2"
      TableName="ACCPLISHMENT_INSTRUMENTS" >
      <DesignTime>
         <Attr Name="_DisplaySize" Value="30" />
      </DesignTime>
   </Attribute>
   <Attribute
      Name="ObjName"
      IsUnique="true"
      IsNotNull="true"
      DefaultValue="RACA"
      Precision="30"
      ColumnName="OBJ_NAME"
      SQLType="VARCHAR"
      Type="java.lang.String"
      ColumnType="VARCHAR2"
      TableName="ACCPLISHMENT_INSTRUMENTS" >
      <DesignTime>
         <Attr Name="_DisplaySize" Value="30" />
      </DesignTime>
      <Properties >
         <SchemaBasedProperties >
            <LABEL
               ResId="gov.usda.fs.nrm.gacommon.model.entity.raca.AccplishmentInstruments.ObjName_LABEL" >
            </LABEL>
         </SchemaBasedProperties>
      </Properties>
   </Attribute>
   <Attribute
      Name="ObjClass"
      IsNotNull="true"
      DefaultValue="ACCOMPLISHMENT_INSTRUMENT"
      Precision="30"
      ColumnName="OBJ_CLASS"
      SQLType="VARCHAR"
      Type="java.lang.String"
      ColumnType="VARCHAR2"
      TableName="ACCPLISHMENT_INSTRUMENTS" >
      <DesignTime>
         <Attr Name="_DisplaySize" Value="30" />
      </DesignTime>
   </Attribute>
   <Attribute
      Name="ManagingContCn"
      Precision="34"
      ColumnName="MANAGING_CONT_CN"
      SQLType="VARCHAR"
      Type="java.lang.String"
      ColumnType="VARCHAR2"
      TableName="ACCPLISHMENT_INSTRUMENTS" >
      <DesignTime>
         <Attr Name="_DisplaySize" Value="34" />
      </DesignTime>
   </Attribute>
   <Attribute
      Name="ReplacedByAiCn"
      Precision="34"
      ColumnName="REPLACED_BY_AI_CN"
      SQLType="VARCHAR"
      Type="java.lang.String"
      ColumnType="VARCHAR2"
      TableName="ACCPLISHMENT_INSTRUMENTS" >
      <DesignTime>
         <Attr Name="_DisplaySize" Value="34" />
      </DesignTime>
   </Attribute>
   <Attribute
      Name="Description"
      Precision="2000"
      ColumnName="DESCRIPTION"
      SQLType="VARCHAR"
      Type="java.lang.String"
      ColumnType="VARCHAR2"
      TableName="ACCPLISHMENT_INSTRUMENTS" >
      <DesignTime>
         <Attr Name="_DisplaySize" Value="2000" />
      </DesignTime>
   </Attribute>
   <Attribute
      Name="TransId"
      IsUnique="true"
      Precision="34"
      ColumnName="TRANS_ID"
      SQLType="VARCHAR"
      Type="java.lang.String"
      ColumnType="VARCHAR2"
      TableName="ACCPLISHMENT_INSTRUMENTS" >
      <DesignTime>
         <Attr Name="_DisplaySize" Value="34" />
      </DesignTime>
   </Attribute>
   <Attribute
      Name="MasterSite"
      Precision="6"
      Scale="0"
      ColumnName="MASTER_SITE"
      SQLType="NUMERIC"
      Type="oracle.jbo.domain.Number"
      ColumnType="NUMBER"
      TableName="ACCPLISHMENT_INSTRUMENTS" >
      <DesignTime>
         <Attr Name="_DisplaySize" Value="22" />
      </DesignTime>
   </Attribute>
   <Attribute
      Name="SecurityId"
      IsUnique="true"
      IsNotNull="true"
      DefaultValue="XXXX"
      Precision="30"
      ColumnName="SECURITY_ID"
      SQLType="VARCHAR"
      Type="java.lang.String"
      ColumnType="VARCHAR2"
      TableName="ACCPLISHMENT_INSTRUMENTS" >
      <DesignTime>
         <Attr Name="_DisplaySize" Value="30" />
      </DesignTime>
      <Properties >
         <SchemaBasedProperties >
            <LABEL
               ResId="gov.usda.fs.nrm.gacommon.model.entity.raca.AccplishmentInstruments.SecurityId_LABEL" >
            </LABEL>
         </SchemaBasedProperties>
      </Properties>
   </Attribute>
   <Attribute
      Name="AgencyCode"
      DefaultValue="11"
      Precision="4"
      ColumnName="AGENCY_CODE"
      SQLType="VARCHAR"
      Type="java.lang.String"
      ColumnType="VARCHAR2"
      TableName="ACCPLISHMENT_INSTRUMENTS" >
      <DesignTime>
         <Attr Name="_DisplaySize" Value="4" />
      </DesignTime>
   </Attribute>
   <Key
      Name="AccinstAccinst2Uk" >
      <DesignTime>
         <Attr Name="_isUnique" Value="true" />
         <Attr Name="_DBObjectName" Value="ACCINST_ACCINST2_UK" />
      </DesignTime>
      <AttrArray Name="Attributes"/>
   </Key>
   <Key
      Name="AccplishmentinstrumentsPrimaryKey"
      PrimaryKey="true" >
      <DesignTime>
         <Attr Name="_DBObjectName" Value="ACCPLISHMENTINSTRUMENTS_PRIMAR" />
      </DesignTime>
      <AttrArray Name="Attributes"/>
   </Key>
   <Key
      Name="AiIdUpperChk" >
      <DesignTime>
         <Attr Name="_checkCondition" Value="        ID = UPPER(ID)        " />
         <Attr Name="_isCheck" Value="true" />
         <Attr Name="_DBObjectName" Value="AI_ID_UPPER_CHK" />
      </DesignTime>
      <AttrArray Name="Attributes"/>
   </Key>
   <Key
      Name="AiNameUpperChk" >
      <DesignTime>
         <Attr Name="_checkCondition" Value="        NAME=UPPER(NAME)        " />
         <Attr Name="_isCheck" Value="true" />
         <Attr Name="_DBObjectName" Value="AI_NAME_UPPER_CHK" />
      </DesignTime>
      <AttrArray Name="Attributes"/>
   </Key>
   <Key
      Name="SysC00170406" >
      <DesignTime>
         <Attr Name="_checkCondition" Value="&#34;SECURITY_ID&#34; IS NOT NULL" />
         <Attr Name="_isCheck" Value="true" />
         <Attr Name="_DBObjectName" Value="SYS_C00170406" />
      </DesignTime>
      <AttrArray Name="Attributes"/>
   </Key>
   <Key
      Name="SysC009073" >
      <DesignTime>
         <Attr Name="_checkCondition" Value="&#34;CN&#34; IS NOT NULL" />
         <Attr Name="_isCheck" Value="true" />
         <Attr Name="_DBObjectName" Value="SYS_C009073" />
      </DesignTime>
      <AttrArray Name="Attributes"/>
   </Key>
   <Key
      Name="SysC009074" >
      <DesignTime>
         <Attr Name="_checkCondition" Value="&#34;ID&#34; IS NOT NULL" />
         <Attr Name="_isCheck" Value="true" />
         <Attr Name="_DBObjectName" Value="SYS_C009074" />
      </DesignTime>
      <AttrArray Name="Attributes"/>
   </Key>
   <Key
      Name="SysC009075" >
      <DesignTime>
         <Attr Name="_checkCondition" Value="&#34;OBJ_TECH&#34; IS NOT NULL" />
         <Attr Name="_isCheck" Value="true" />
         <Attr Name="_DBObjectName" Value="SYS_C009075" />
      </DesignTime>
      <AttrArray Name="Attributes"/>
   </Key>
   <Key
      Name="SysC009076" >
      <DesignTime>
         <Attr Name="_checkCondition" Value="&#34;OBJ_NAME&#34; IS NOT NULL" />
         <Attr Name="_isCheck" Value="true" />
         <Attr Name="_DBObjectName" Value="SYS_C009076" />
      </DesignTime>
      <AttrArray Name="Attributes"/>
   </Key>
   <Key
      Name="SysC009077" >
      <DesignTime>
         <Attr Name="_checkCondition" Value="&#34;OBJ_CLASS&#34; IS NOT NULL" />
         <Attr Name="_isCheck" Value="true" />
         <Attr Name="_DBObjectName" Value="SYS_C009077" />
      </DesignTime>
      <AttrArray Name="Attributes"/>
   </Key>
   <Key
      Name="AccinstContFk" >
      <DesignTime>
         <Attr Name="_referencedKey" Value="CONT_PK" />
         <Attr Name="_isForeign" Value="true" />
         <Attr Name="_DBObjectName" Value="ACCINST_CONT_FK" />
      </DesignTime>
      <AttrArray Name="Attributes"/>
   </Key>
   <Key
      Name="AccinstObjFk" >
      <DesignTime>
         <Attr Name="_referencedKey" Value="OBJ_PK" />
         <Attr Name="_isForeign" Value="true" />
         <Attr Name="_DBObjectName" Value="ACCINST_OBJ_FK" />
      </DesignTime>
      <AttrArray Name="Attributes"/>
   </Key>
   <Key
      Name="AccinstReplacedByFk" >
      <DesignTime>
         <Attr Name="_referencedKey" Value="ACCINST_PK" />
         <Attr Name="_isForeign" Value="true" />
         <Attr Name="_DBObjectName" Value="ACCINST_REPLACED_BY_FK" />
      </DesignTime>
      <AttrArray Name="Attributes"/>
   </Key>
   <Key
      Name="AccinstTransFk" >
      <DesignTime>
         <Attr Name="_referencedKey" Value="TRANS_PK" />
         <Attr Name="_isForeign" Value="true" />
         <Attr Name="_DBObjectName" Value="ACCINST_TRANS_FK" />
      </DesignTime>
      <AttrArray Name="Attributes"/>
   </Key>
</Entity>
