<?xml version='1.0' encoding='windows-1252' ?>
<!DOCTYPE Entity SYSTEM "jbo_03_01.dtd">
<!---->
<Entity
   xmlns="http://xmlns.oracle.com/bc4j"
   Name="Addresses"
   Version="12.2.1.22.48"
   DBObjectType="synonym"
   DBObjectName="II_ADDRESSES"
   AliasName="Addresses"
   BindingStyle="OracleName"
    RowClass="gov.usda.fs.nrm.gacommon.model.entity.raca.AddressesImpl">
    <DesignTime>
        <Attr Name="_codeGenFlag2" Value="Access"/>
        <Attr Name="_isCodegen" Value="true"/>
    </DesignTime>
    <Attribute
       Name="ContCn"
       IsNotNull="true"
       Precision="34"
       ColumnName="CONT_CN"
       SQLType="VARCHAR"
       Type="java.lang.String"
       ColumnType="VARCHAR2"
       TableName="II_ADDRESSES">
        <DesignTime>
            <Attr Name="_DisplaySize" Value="34"/>
        </DesignTime>
    </Attribute>
    <Attribute
       Name="AddressType"
       IsNotNull="true"
       Precision="40"
       ColumnName="ADDRESS_TYPE"
       SQLType="VARCHAR"
       Type="java.lang.String"
       ColumnType="VARCHAR2"
       TableName="II_ADDRESSES">
        <DesignTime>
            <Attr Name="_DisplaySize" Value="40"/>
        </DesignTime>
        <Properties>
            <SchemaBasedProperties>
                <LABEL
                    ResId="gov.usda.fs.nrm.gacommon.model.entity.raca.Addresses.AddressType_LABEL"></LABEL>
            </SchemaBasedProperties>
        </Properties>
    </Attribute>
    <Attribute
       Name="Line1"
       Precision="75"
       ColumnName="LINE_1"
       SQLType="VARCHAR"
       Type="java.lang.String"
       ColumnType="VARCHAR2"
       TableName="II_ADDRESSES">
        <DesignTime>
            <Attr Name="_DisplaySize" Value="75"/>
        </DesignTime>
        <Properties>
            <SchemaBasedProperties>
                <LABEL
                    ResId="gov.usda.fs.nrm.gacommon.model.entity.raca.Addresses.Line1_LABEL"></LABEL>
            </SchemaBasedProperties>
        </Properties>
    </Attribute>
    <Attribute
       Name="Line2"
       Precision="75"
       ColumnName="LINE_2"
       SQLType="VARCHAR"
       Type="java.lang.String"
       ColumnType="VARCHAR2"
       TableName="II_ADDRESSES">
        <DesignTime>
            <Attr Name="_DisplaySize" Value="75"/>
        </DesignTime>
        <Properties>
            <SchemaBasedProperties>
                <LABEL
                    ResId="gov.usda.fs.nrm.gacommon.model.entity.raca.Addresses.Line2_LABEL"></LABEL>
            </SchemaBasedProperties>
        </Properties>
    </Attribute>
    <Attribute
       Name="Line3"
       Precision="75"
       ColumnName="LINE_3"
       SQLType="VARCHAR"
       Type="java.lang.String"
       ColumnType="VARCHAR2"
       TableName="II_ADDRESSES">
        <DesignTime>
            <Attr Name="_DisplaySize" Value="75"/>
        </DesignTime>
        <Properties>
            <SchemaBasedProperties>
                <LABEL
                    ResId="gov.usda.fs.nrm.gacommon.model.entity.raca.Addresses.Line3_LABEL"></LABEL>
            </SchemaBasedProperties>
        </Properties>
    </Attribute>
    <Attribute
       Name="CityName"
       Precision="40"
       ColumnName="CITY_NAME"
       SQLType="VARCHAR"
       Type="java.lang.String"
       ColumnType="VARCHAR2"
       TableName="II_ADDRESSES">
        <DesignTime>
            <Attr Name="_DisplaySize" Value="40"/>
        </DesignTime>
        <Properties>
            <SchemaBasedProperties>
                <LABEL
                    ResId="gov.usda.fs.nrm.gacommon.model.entity.raca.Addresses.CityName_LABEL"></LABEL>
            </SchemaBasedProperties>
        </Properties>
    </Attribute>
    <Attribute
       Name="StateCode"
       Precision="40"
       ColumnName="STATE_CODE"
       SQLType="VARCHAR"
       Type="java.lang.String"
       ColumnType="VARCHAR2"
       TableName="II_ADDRESSES">
        <DesignTime>
            <Attr Name="_DisplaySize" Value="40"/>
        </DesignTime>
        <Properties>
            <SchemaBasedProperties>
                <LABEL
                    ResId="gov.usda.fs.nrm.gacommon.model.entity.raca.Addresses.StateCode_LABEL"></LABEL>
            </SchemaBasedProperties>
        </Properties>
    </Attribute>
    <Attribute
       Name="PostalCode"
       Precision="10"
       ColumnName="POSTAL_CODE"
       SQLType="VARCHAR"
       Type="java.lang.String"
       ColumnType="VARCHAR2"
       TableName="II_ADDRESSES">
        <DesignTime>
            <Attr Name="_DisplaySize" Value="10"/>
        </DesignTime>
        <Properties>
            <SchemaBasedProperties>
                <LABEL
                    ResId="gov.usda.fs.nrm.gacommon.model.entity.raca.Addresses.PostalCode_LABEL"></LABEL>
            </SchemaBasedProperties>
        </Properties>
    </Attribute>
    <Attribute
       Name="ElectronicAddress"
       Precision="255"
       ColumnName="ELECTRONIC_ADDRESS"
       SQLType="VARCHAR"
       Type="java.lang.String"
       ColumnType="VARCHAR2"
       TableName="II_ADDRESSES">
        <DesignTime>
            <Attr Name="_DisplaySize" Value="255"/>
        </DesignTime>
        <Properties>
            <SchemaBasedProperties>
                <LABEL
                    ResId="gov.usda.fs.nrm.gacommon.model.entity.raca.Addresses.ElectronicAddress_LABEL"></LABEL>
            </SchemaBasedProperties>
        </Properties>
    </Attribute>
    <Attribute
       Name="Restrictions"
       Precision="255"
       ColumnName="RESTRICTIONS"
       SQLType="VARCHAR"
       Type="java.lang.String"
       ColumnType="VARCHAR2"
       TableName="II_ADDRESSES">
        <DesignTime>
            <Attr Name="_DisplaySize" Value="255"/>
        </DesignTime>
    </Attribute>
    <Attribute
       Name="CountryName"
       Precision="40"
       ColumnName="COUNTRY_NAME"
       SQLType="VARCHAR"
       Type="java.lang.String"
       ColumnType="VARCHAR2"
       TableName="II_ADDRESSES">
        <DesignTime>
            <Attr Name="_DisplaySize" Value="40"/>
        </DesignTime>
        <Properties>
            <SchemaBasedProperties>
                <LABEL
                    ResId="gov.usda.fs.nrm.gacommon.model.entity.raca.Addresses.CountryName_LABEL"></LABEL>
            </SchemaBasedProperties>
        </Properties>
    </Attribute>
    <Attribute
       Name="CongressionalDistrict"
       Precision="40"
       ColumnName="CONGRESSIONAL_DISTRICT"
       SQLType="VARCHAR"
       Type="java.lang.String"
       ColumnType="VARCHAR2"
       TableName="II_ADDRESSES">
        <DesignTime>
            <Attr Name="_DisplaySize" Value="40"/>
        </DesignTime>
        <Properties>
            <SchemaBasedProperties>
                <LABEL
                    ResId="gov.usda.fs.nrm.gacommon.model.entity.raca.Addresses.CongressionalDistrict_LABEL"></LABEL>
            </SchemaBasedProperties>
        </Properties>
    </Attribute>
    <Attribute
       Name="County"
       Precision="40"
       ColumnName="COUNTY"
       SQLType="VARCHAR"
       Type="java.lang.String"
       ColumnType="VARCHAR2"
       TableName="II_ADDRESSES">
        <DesignTime>
            <Attr Name="_DisplaySize" Value="40"/>
        </DesignTime>
    </Attribute>
    <Attribute
       Name="ProgramArea"
       IsNotNull="true"
       Precision="40"
       ColumnName="PROGRAM_AREA"
       SQLType="VARCHAR"
       Type="java.lang.String"
       ColumnType="VARCHAR2"
       TableName="II_ADDRESSES">
        <DesignTime>
            <Attr Name="_DisplaySize" Value="40"/>
        </DesignTime>
    </Attribute>
    <Attribute
       Name="SecurityId"
       IsNotNull="true"
       Precision="30"
       ColumnName="SECURITY_ID"
       SQLType="VARCHAR"
       Type="java.lang.String"
       ColumnType="VARCHAR2"
       TableName="II_ADDRESSES">
        <DesignTime>
            <Attr Name="_DisplaySize" Value="30"/>
        </DesignTime>
    </Attribute>
    <Attribute
       Name="Zip4"
       Precision="4"
       ColumnName="ZIP4"
       SQLType="VARCHAR"
       Type="java.lang.String"
       ColumnType="VARCHAR2"
       TableName="II_ADDRESSES">
        <DesignTime>
            <Attr Name="_DisplaySize" Value="4"/>
        </DesignTime>
        <Properties>
            <SchemaBasedProperties>
                <LABEL
                    ResId="gov.usda.fs.nrm.gacommon.model.entity.raca.Addresses.Zip4_LABEL"></LABEL>
            </SchemaBasedProperties>
        </Properties>
    </Attribute>
    <Attribute
       Name="AddrCn"
       IsNotNull="true"
       Precision="34"
       ColumnName="ADDR_CN"
       SQLType="VARCHAR"
       Type="java.lang.String"
       ColumnType="VARCHAR2"
       TableName="II_ADDRESSES"
       PrimaryKey="true">
        <DesignTime>
            <Attr Name="_DisplaySize" Value="34"/>
        </DesignTime>
    </Attribute>
    <AccessorAttribute
        Name="Contacts"
        Association="gov.usda.fs.nrm.gacommon.model.entity.raca.AddContFkAssoc"
        AssociationEnd="gov.usda.fs.nrm.gacommon.model.entity.raca.AddContFkAssoc.Contacts"
        AssociationOtherEnd="gov.usda.fs.nrm.gacommon.model.entity.raca.AddContFkAssoc.Addresses"
        Type="gov.usda.fs.nrm.gacommon.model.entity.raca.ContactsImpl"
        IsUpdateable="true">
   </AccessorAttribute>
    <Key
        Name="SysC00245884">
        <DesignTime>
            <Attr Name="_checkCondition" Value='"PROGRAM_AREA" IS NOT NULL'/>
            <Attr Name="_isCheck" Value="true"/>
            <Attr Name="_DBObjectName" Value="SYS_C00245884"/>
        </DesignTime>
        <AttrArray Name="Attributes"/>
    </Key>
    <Key
        Name="SysC00245885">
        <DesignTime>
            <Attr Name="_checkCondition" Value='"SECURITY_ID" IS NOT NULL'/>
            <Attr Name="_isCheck" Value="true"/>
            <Attr Name="_DBObjectName" Value="SYS_C00245885"/>
        </DesignTime>
        <AttrArray Name="Attributes"/>
    </Key>
    <Key
        Name="SysC009125">
        <DesignTime>
            <Attr Name="_checkCondition" Value='"CONT_CN" IS NOT NULL'/>
            <Attr Name="_isCheck" Value="true"/>
            <Attr Name="_DBObjectName" Value="SYS_C009125"/>
        </DesignTime>
        <AttrArray Name="Attributes"/>
    </Key>
    <Key
        Name="SysC009126">
        <DesignTime>
            <Attr Name="_checkCondition" Value='"ADDRESS_TYPE" IS NOT NULL'/>
            <Attr Name="_isCheck" Value="true"/>
            <Attr Name="_DBObjectName" Value="SYS_C009126"/>
        </DesignTime>
        <AttrArray Name="Attributes"/>
    </Key>
    <Key
        Name="AddContFk">
        <DesignTime>
            <Attr Name="_referencedKey" Value="CONT_PK"/>
            <Attr Name="_isForeign" Value="true"/>
            <Attr Name="_DBObjectName" Value="ADD_CONT_FK"/>
        </DesignTime>
        <AttrArray Name="Attributes"/>
    </Key>
</Entity>
