<?xml version='1.0' encoding='windows-1252' ?>
<!DOCTYPE Entity SYSTEM "jbo_03_01.dtd">
<!---->
<Entity
   xmlns="http://xmlns.oracle.com/bc4j"
   Name="AiGaAppV"
   Version="12.2.1.22.48"
   DBObjectType="synonym"
   DBObjectName="II_AI_GA_APP_V"
   AliasName="AiGaAppV"
   BindingStyle="OracleName"
    RowClass="gov.usda.fs.nrm.gacommon.model.entity.raca.AiGaAppVImpl">
    <DesignTime>
        <Attr Name="_codeGenFlag2" Value="Access"/>
        <Attr Name="_isCodegen" Value="true"/>
    </DesignTime>
    <Attribute
       Name="Cn"
       IsNotNull="true"
       Precision="34"
       ColumnName="CN"
       SQLType="VARCHAR"
       Type="java.lang.String"
       ColumnType="VARCHAR2"
       TableName="II_AI_GA_APP_V"
       PrimaryKey="true">
        <DesignTime>
            <Attr Name="_DisplaySize" Value="34"/>
        </DesignTime>
    </Attribute>
    <Attribute
       Name="Id"
       IsNotNull="true"
       Precision="40"
       ColumnName="ID"
       SQLType="VARCHAR"
       Type="java.lang.String"
       ColumnType="VARCHAR2"
       TableName="II_AI_GA_APP_V">
        <DesignTime>
            <Attr Name="_DisplaySize" Value="40"/>
        </DesignTime>
        <Properties>
            <SchemaBasedProperties>
                <LABEL
                    ResId="gov.usda.fs.nrm.gacommon.model.entity.raca.AiGaAppV.Id_LABEL"></LABEL>
            </SchemaBasedProperties>
        </Properties>
    </Attribute>
    <Attribute
       Name="Name"
       Precision="200"
       ColumnName="NAME"
       SQLType="VARCHAR"
       Type="java.lang.String"
       ColumnType="VARCHAR2"
       TableName="II_AI_GA_APP_V">
        <DesignTime>
            <Attr Name="_DisplaySize" Value="200"/>
        </DesignTime>
    </Attribute>
    <Attribute
       Name="ObjTech"
       IsNotNull="true"
       Precision="30"
       ColumnName="OBJ_TECH"
       SQLType="VARCHAR"
       Type="java.lang.String"
       ColumnType="VARCHAR2"
       TableName="II_AI_GA_APP_V">
        <DesignTime>
            <Attr Name="_DisplaySize" Value="30"/>
        </DesignTime>
    </Attribute>
    <Attribute
       Name="ObjName"
       IsNotNull="true"
       Precision="30"
       ColumnName="OBJ_NAME"
       SQLType="VARCHAR"
       Type="java.lang.String"
       ColumnType="VARCHAR2"
       TableName="II_AI_GA_APP_V">
        <DesignTime>
            <Attr Name="_DisplaySize" Value="30"/>
        </DesignTime>
        <Properties>
            <SchemaBasedProperties>
                <LABEL
                    ResId="gov.usda.fs.nrm.gacommon.model.entity.raca.AiGaAppV.ObjName_LABEL"></LABEL>
            </SchemaBasedProperties>
        </Properties>
    </Attribute>
    <Attribute
       Name="ObjClass"
       IsNotNull="true"
       Precision="30"
       ColumnName="OBJ_CLASS"
       SQLType="VARCHAR"
       Type="java.lang.String"
       ColumnType="VARCHAR2"
       TableName="II_AI_GA_APP_V">
        <DesignTime>
            <Attr Name="_DisplaySize" Value="30"/>
        </DesignTime>
    </Attribute>
    <Attribute
       Name="Description"
       Precision="2000"
       ColumnName="DESCRIPTION"
       SQLType="VARCHAR"
       Type="java.lang.String"
       ColumnType="VARCHAR2"
       TableName="II_AI_GA_APP_V">
        <DesignTime>
            <Attr Name="_DisplaySize" Value="2000"/>
        </DesignTime>
    </Attribute>
    <Attribute
       Name="ManagingContCn"
       Precision="34"
       ColumnName="MANAGING_CONT_CN"
       SQLType="VARCHAR"
       Type="java.lang.String"
       ColumnType="VARCHAR2"
       TableName="II_AI_GA_APP_V">
        <DesignTime>
            <Attr Name="_DisplaySize" Value="34"/>
        </DesignTime>
    </Attribute>
    <Attribute
       Name="GaCn"
       Precision="34"
       ColumnName="GA_CN"
       SQLType="VARCHAR"
       Type="java.lang.String"
       ColumnType="VARCHAR2"
       TableName="II_AI_GA_APP_V">
        <DesignTime>
            <Attr Name="_DisplaySize" Value="34"/>
        </DesignTime>
    </Attribute>
    <Attribute
       Name="FedIdFy"
       Precision="4"
       ColumnName="FED_ID_FY"
       SQLType="VARCHAR"
       Type="java.lang.String"
       ColumnType="VARCHAR2"
       TableName="II_AI_GA_APP_V">
        <DesignTime>
            <Attr Name="_DisplaySize" Value="4"/>
        </DesignTime>
    </Attribute>
    <Attribute
       Name="FedIdType"
       Precision="2"
       ColumnName="FED_ID_TYPE"
       SQLType="VARCHAR"
       Type="java.lang.String"
       ColumnType="VARCHAR2"
       TableName="II_AI_GA_APP_V">
        <DesignTime>
            <Attr Name="_DisplaySize" Value="2"/>
        </DesignTime>
    </Attribute>
    <Attribute
       Name="FedIdAgency"
       Precision="2"
       ColumnName="FED_ID_AGENCY"
       SQLType="VARCHAR"
       Type="java.lang.String"
       ColumnType="VARCHAR2"
       TableName="II_AI_GA_APP_V">
        <DesignTime>
            <Attr Name="_DisplaySize" Value="2"/>
        </DesignTime>
    </Attribute>
    <Attribute
       Name="FedIdRegion"
       Precision="2"
       ColumnName="FED_ID_REGION"
       SQLType="VARCHAR"
       Type="java.lang.String"
       ColumnType="VARCHAR2"
       TableName="II_AI_GA_APP_V">
        <DesignTime>
            <Attr Name="_DisplaySize" Value="2"/>
        </DesignTime>
    </Attribute>
    <Attribute
       Name="FedIdUnit"
       Precision="2"
       ColumnName="FED_ID_UNIT"
       SQLType="VARCHAR"
       Type="java.lang.String"
       ColumnType="VARCHAR2"
       TableName="II_AI_GA_APP_V">
        <DesignTime>
            <Attr Name="_DisplaySize" Value="2"/>
        </DesignTime>
    </Attribute>
    <Attribute
       Name="FedIdSubunit"
       Precision="2"
       ColumnName="FED_ID_SUBUNIT"
       SQLType="VARCHAR"
       Type="java.lang.String"
       ColumnType="VARCHAR2"
       TableName="II_AI_GA_APP_V">
        <DesignTime>
            <Attr Name="_DisplaySize" Value="2"/>
        </DesignTime>
    </Attribute>
    <Attribute
       Name="FedIdSeq"
       Precision="3"
       Scale="0"
       ColumnName="FED_ID_SEQ"
       SQLType="NUMERIC"
       Type="oracle.jbo.domain.Number"
       ColumnType="NUMBER"
       TableName="II_AI_GA_APP_V">
        <DesignTime>
            <Attr Name="_DisplaySize" Value="22"/>
        </DesignTime>
    </Attribute>
    <Attribute
       Name="ProjTitle"
       Precision="200"
       ColumnName="PROJ_TITLE"
       SQLType="VARCHAR"
       Type="java.lang.String"
       ColumnType="VARCHAR2"
       TableName="II_AI_GA_APP_V">
        <DesignTime>
            <Attr Name="_DisplaySize" Value="200"/>
        </DesignTime>
    </Attribute>
    <Attribute
       Name="ProjStatus"
       Precision="15"
       ColumnName="PROJ_STATUS"
       SQLType="VARCHAR"
       Type="java.lang.String"
       ColumnType="VARCHAR2"
       TableName="II_AI_GA_APP_V">
        <DesignTime>
            <Attr Name="_DisplaySize" Value="15"/>
        </DesignTime>
    </Attribute>
    <Attribute
       Name="ApplicationId"
       Precision="34"
       ColumnName="APPLICATION_ID"
       SQLType="VARCHAR"
       Type="java.lang.String"
       ColumnType="VARCHAR2"
       TableName="II_AI_GA_APP_V">
        <DesignTime>
            <Attr Name="_DisplaySize" Value="34"/>
        </DesignTime>
    </Attribute>
    <Attribute
       Name="ApplicationType"
       Precision="30"
       ColumnName="APPLICATION_TYPE"
       SQLType="VARCHAR"
       Type="java.lang.String"
       ColumnType="VARCHAR2"
       TableName="II_AI_GA_APP_V">
        <DesignTime>
            <Attr Name="_DisplaySize" Value="30"/>
        </DesignTime>
    </Attribute>
    <Attribute
       Name="AppSubmissionType"
       Precision="100"
       ColumnName="APP_SUBMISSION_TYPE"
       SQLType="VARCHAR"
       Type="java.lang.String"
       ColumnType="VARCHAR2"
       TableName="II_AI_GA_APP_V">
        <DesignTime>
            <Attr Name="_DisplaySize" Value="100"/>
        </DesignTime>
    </Attribute>
    <Attribute
       Name="AppSubmitDate"
       ColumnName="APP_SUBMIT_DATE"
       SQLType="DATE"
       Type="oracle.jbo.domain.Date"
       ColumnType="DATE"
       TableName="II_AI_GA_APP_V">
        <DesignTime>
            <Attr Name="_DisplaySize" Value="7"/>
        </DesignTime>
    </Attribute>
    <Attribute
       Name="AppReceivedDate"
       ColumnName="APP_RECEIVED_DATE"
       SQLType="DATE"
       Type="oracle.jbo.domain.Date"
       ColumnType="DATE"
       TableName="II_AI_GA_APP_V">
        <DesignTime>
            <Attr Name="_DisplaySize" Value="7"/>
        </DesignTime>
    </Attribute>
    <Attribute
       Name="HhsPaymentInd"
       Precision="1"
       ColumnName="HHS_PAYMENT_IND"
       SQLType="VARCHAR"
       Type="java.lang.String"
       ColumnType="VARCHAR2"
       TableName="II_AI_GA_APP_V">
        <DesignTime>
            <Attr Name="_DisplaySize" Value="1"/>
        </DesignTime>
    </Attribute>
    <Attribute
       Name="ProposedStartDate"
       ColumnName="PROPOSED_START_DATE"
       SQLType="DATE"
       Type="oracle.jbo.domain.Date"
       ColumnType="DATE"
       TableName="II_AI_GA_APP_V">
        <DesignTime>
            <Attr Name="_DisplaySize" Value="7"/>
        </DesignTime>
    </Attribute>
    <Attribute
       Name="ProposedEndDate"
       ColumnName="PROPOSED_END_DATE"
       SQLType="DATE"
       Type="oracle.jbo.domain.Date"
       ColumnType="DATE"
       TableName="II_AI_GA_APP_V">
        <DesignTime>
            <Attr Name="_DisplaySize" Value="7"/>
        </DesignTime>
    </Attribute>
    <Attribute
       Name="ProjDesc"
       Precision="2000"
       ColumnName="PROJ_DESC"
       SQLType="VARCHAR"
       Type="java.lang.String"
       ColumnType="VARCHAR2"
       TableName="II_AI_GA_APP_V">
        <DesignTime>
            <Attr Name="_DisplaySize" Value="2000"/>
        </DesignTime>
    </Attribute>
    <Attribute
       Name="ProjReceivedDt"
       ColumnName="PROJ_RECEIVED_DT"
       SQLType="DATE"
       Type="oracle.jbo.domain.Date"
       ColumnType="DATE"
       TableName="II_AI_GA_APP_V">
        <DesignTime>
            <Attr Name="_DisplaySize" Value="7"/>
        </DesignTime>
    </Attribute>
    <Attribute
       Name="ProjExecutionDt"
       ColumnName="PROJ_EXECUTION_DT"
       SQLType="DATE"
       Type="oracle.jbo.domain.Date"
       ColumnType="DATE"
       TableName="II_AI_GA_APP_V">
        <DesignTime>
            <Attr Name="_DisplaySize" Value="7"/>
        </DesignTime>
    </Attribute>
    <Attribute
       Name="ProjStartDt"
       ColumnName="PROJ_START_DT"
       SQLType="DATE"
       Type="oracle.jbo.domain.Date"
       ColumnType="DATE"
       TableName="II_AI_GA_APP_V">
        <DesignTime>
            <Attr Name="_DisplaySize" Value="7"/>
        </DesignTime>
    </Attribute>
    <Attribute
       Name="ProjObligationDt"
       ColumnName="PROJ_OBLIGATION_DT"
       SQLType="DATE"
       Type="oracle.jbo.domain.Date"
       ColumnType="DATE"
       TableName="II_AI_GA_APP_V">
        <DesignTime>
            <Attr Name="_DisplaySize" Value="7"/>
        </DesignTime>
    </Attribute>
    <Attribute
       Name="ProjExpirationDt"
       ColumnName="PROJ_EXPIRATION_DT"
       SQLType="DATE"
       Type="oracle.jbo.domain.Date"
       ColumnType="DATE"
       TableName="II_AI_GA_APP_V">
        <DesignTime>
            <Attr Name="_DisplaySize" Value="7"/>
        </DesignTime>
    </Attribute>
    <Attribute
       Name="ProjRwu"
       Precision="10"
       ColumnName="PROJ_RWU"
       SQLType="VARCHAR"
       Type="java.lang.String"
       ColumnType="VARCHAR2"
       TableName="II_AI_GA_APP_V">
        <DesignTime>
            <Attr Name="_DisplaySize" Value="10"/>
        </DesignTime>
    </Attribute>
    <Attribute
       Name="ProjCloseDt"
       ColumnName="PROJ_CLOSE_DT"
       SQLType="DATE"
       Type="oracle.jbo.domain.Date"
       ColumnType="DATE"
       TableName="II_AI_GA_APP_V">
        <DesignTime>
            <Attr Name="_DisplaySize" Value="7"/>
        </DesignTime>
    </Attribute>
    <Attribute
       Name="ProjCancellationDt"
       ColumnName="PROJ_CANCELLATION_DT"
       SQLType="DATE"
       Type="oracle.jbo.domain.Date"
       ColumnType="DATE"
       TableName="II_AI_GA_APP_V">
        <DesignTime>
            <Attr Name="_DisplaySize" Value="7"/>
        </DesignTime>
    </Attribute>
    <Attribute
       Name="DateMailed"
       ColumnName="DATE_MAILED"
       SQLType="DATE"
       Type="oracle.jbo.domain.Date"
       ColumnType="DATE"
       TableName="II_AI_GA_APP_V">
        <DesignTime>
            <Attr Name="_DisplaySize" Value="7"/>
        </DesignTime>
    </Attribute>
    <Attribute
       Name="DateSigned"
       ColumnName="DATE_SIGNED"
       SQLType="DATE"
       Type="oracle.jbo.domain.Date"
       ColumnType="DATE"
       TableName="II_AI_GA_APP_V">
        <DesignTime>
            <Attr Name="_DisplaySize" Value="7"/>
        </DesignTime>
    </Attribute>
    <Attribute
       Name="ExtramuralInd"
       Precision="1"
       ColumnName="EXTRAMURAL_IND"
       SQLType="VARCHAR"
       Type="java.lang.String"
       ColumnType="VARCHAR2"
       TableName="II_AI_GA_APP_V">
        <DesignTime>
            <Attr Name="_DisplaySize" Value="1"/>
        </DesignTime>
    </Attribute>
    <Attribute
       Name="ProjCfdaNo"
       Precision="7"
       ColumnName="PROJ_CFDA_NO"
       SQLType="VARCHAR"
       Type="java.lang.String"
       ColumnType="VARCHAR2"
       TableName="II_AI_GA_APP_V">
        <DesignTime>
            <Attr Name="_DisplaySize" Value="7"/>
        </DesignTime>
    </Attribute>
    <Attribute
       Name="ProjScienceCd"
       Precision="3"
       ColumnName="PROJ_SCIENCE_CD"
       SQLType="VARCHAR"
       Type="java.lang.String"
       ColumnType="VARCHAR2"
       TableName="II_AI_GA_APP_V">
        <DesignTime>
            <Attr Name="_DisplaySize" Value="3"/>
        </DesignTime>
    </Attribute>
    <Attribute
       Name="ResearchType"
       Precision="1"
       ColumnName="RESEARCH_TYPE"
       SQLType="VARCHAR"
       Type="java.lang.String"
       ColumnType="VARCHAR2"
       TableName="II_AI_GA_APP_V">
        <DesignTime>
            <Attr Name="_DisplaySize" Value="1"/>
        </DesignTime>
    </Attribute>
    <Attribute
       Name="JournalInd"
       Precision="1"
       ColumnName="JOURNAL_IND"
       SQLType="VARCHAR"
       Type="java.lang.String"
       ColumnType="VARCHAR2"
       TableName="II_AI_GA_APP_V">
        <DesignTime>
            <Attr Name="_DisplaySize" Value="1"/>
        </DesignTime>
    </Attribute>
    <Attribute
       Name="ModNumber"
       Precision="3"
       Scale="0"
       ColumnName="MOD_NUMBER"
       SQLType="NUMERIC"
       Type="oracle.jbo.domain.Number"
       ColumnType="NUMBER"
       TableName="II_AI_GA_APP_V">
        <DesignTime>
            <Attr Name="_DisplaySize" Value="22"/>
        </DesignTime>
    </Attribute>
    <Attribute
       Name="OrigFedId"
       Precision="120"
       ColumnName="ORIG_FED_ID"
       SQLType="VARCHAR"
       Type="java.lang.String"
       ColumnType="VARCHAR2"
       TableName="II_AI_GA_APP_V">
        <DesignTime>
            <Attr Name="_DisplaySize" Value="120"/>
        </DesignTime>
    </Attribute>
    <Attribute
       Name="Comments"
       Precision="2000"
       ColumnName="COMMENTS"
       SQLType="VARCHAR"
       Type="java.lang.String"
       ColumnType="VARCHAR2"
       TableName="II_AI_GA_APP_V">
        <DesignTime>
            <Attr Name="_DisplaySize" Value="2000"/>
        </DesignTime>
    </Attribute>
    <Attribute
       Name="MasterFedId"
       Precision="120"
       ColumnName="MASTER_FED_ID"
       SQLType="VARCHAR"
       Type="java.lang.String"
       ColumnType="VARCHAR2"
       TableName="II_AI_GA_APP_V">
        <DesignTime>
            <Attr Name="_DisplaySize" Value="120"/>
        </DesignTime>
    </Attribute>
    <Attribute
       Name="AopInd"
       Precision="1"
       ColumnName="AOP_IND"
       SQLType="VARCHAR"
       Type="java.lang.String"
       ColumnType="VARCHAR2"
       TableName="II_AI_GA_APP_V">
        <DesignTime>
            <Attr Name="_DisplaySize" Value="1"/>
        </DesignTime>
    </Attribute>
    <Attribute
       Name="GeoType"
       Precision="2"
       ColumnName="GEO_TYPE"
       SQLType="VARCHAR"
       Type="java.lang.String"
       ColumnType="VARCHAR2"
       TableName="II_AI_GA_APP_V">
        <DesignTime>
            <Attr Name="_DisplaySize" Value="2"/>
        </DesignTime>
    </Attribute>
    <Attribute
       Name="ManagingStateCounty"
       Precision="240"
       ColumnName="MANAGING_STATE_COUNTY"
       SQLType="VARCHAR"
       Type="java.lang.String"
       ColumnType="VARCHAR2"
       TableName="II_AI_GA_APP_V">
        <DesignTime>
            <Attr Name="_DisplaySize" Value="240"/>
        </DesignTime>
    </Attribute>
    <Attribute
       Name="AreasEffected"
       Precision="200"
       ColumnName="AREAS_EFFECTED"
       SQLType="VARCHAR"
       Type="java.lang.String"
       ColumnType="VARCHAR2"
       TableName="II_AI_GA_APP_V">
        <DesignTime>
            <Attr Name="_DisplaySize" Value="200"/>
        </DesignTime>
    </Attribute>
    <Attribute
       Name="Ffin"
       Precision="40"
       ColumnName="FFIN"
       SQLType="VARCHAR"
       Type="java.lang.String"
       ColumnType="VARCHAR2"
       TableName="II_AI_GA_APP_V">
        <DesignTime>
            <Attr Name="_DisplaySize" Value="40"/>
        </DesignTime>
    </Attribute>
    <Attribute
       Name="StateEoCode"
       Precision="1"
       ColumnName="STATE_EO_CODE"
       SQLType="VARCHAR"
       Type="java.lang.String"
       ColumnType="VARCHAR2"
       TableName="II_AI_GA_APP_V">
        <DesignTime>
            <Attr Name="_DisplaySize" Value="1"/>
        </DesignTime>
    </Attribute>
    <Attribute
       Name="StateEoDate"
       ColumnName="STATE_EO_DATE"
       SQLType="DATE"
       Type="oracle.jbo.domain.Date"
       ColumnType="DATE"
       TableName="II_AI_GA_APP_V">
        <DesignTime>
            <Attr Name="_DisplaySize" Value="7"/>
        </DesignTime>
    </Attribute>
    <Attribute
       Name="FedEstFund"
       Precision="12"
       Scale="2"
       ColumnName="FED_EST_FUND"
       SQLType="NUMERIC"
       Type="oracle.jbo.domain.Number"
       ColumnType="NUMBER"
       TableName="II_AI_GA_APP_V">
        <DesignTime>
            <Attr Name="_DisplaySize" Value="22"/>
        </DesignTime>
    </Attribute>
    <Attribute
       Name="ApplicantEstFund"
       Precision="12"
       Scale="2"
       ColumnName="APPLICANT_EST_FUND"
       SQLType="NUMERIC"
       Type="oracle.jbo.domain.Number"
       ColumnType="NUMBER"
       TableName="II_AI_GA_APP_V">
        <DesignTime>
            <Attr Name="_DisplaySize" Value="22"/>
        </DesignTime>
    </Attribute>
    <Attribute
       Name="StateEstFund"
       Precision="12"
       Scale="2"
       ColumnName="STATE_EST_FUND"
       SQLType="NUMERIC"
       Type="oracle.jbo.domain.Number"
       ColumnType="NUMBER"
       TableName="II_AI_GA_APP_V">
        <DesignTime>
            <Attr Name="_DisplaySize" Value="22"/>
        </DesignTime>
    </Attribute>
    <Attribute
       Name="LocalEstFund"
       Precision="12"
       Scale="2"
       ColumnName="LOCAL_EST_FUND"
       SQLType="NUMERIC"
       Type="oracle.jbo.domain.Number"
       ColumnType="NUMBER"
       TableName="II_AI_GA_APP_V">
        <DesignTime>
            <Attr Name="_DisplaySize" Value="22"/>
        </DesignTime>
    </Attribute>
    <Attribute
       Name="PiEstFund"
       Precision="12"
       Scale="2"
       ColumnName="PI_EST_FUND"
       SQLType="NUMERIC"
       Type="oracle.jbo.domain.Number"
       ColumnType="NUMBER"
       TableName="II_AI_GA_APP_V">
        <DesignTime>
            <Attr Name="_DisplaySize" Value="22"/>
        </DesignTime>
    </Attribute>
    <Attribute
       Name="OthEstFund"
       Precision="12"
       Scale="2"
       ColumnName="OTH_EST_FUND"
       SQLType="NUMERIC"
       Type="oracle.jbo.domain.Number"
       ColumnType="NUMBER"
       TableName="II_AI_GA_APP_V">
        <DesignTime>
            <Attr Name="_DisplaySize" Value="22"/>
        </DesignTime>
    </Attribute>
    <Attribute
       Name="Status"
       Precision="40"
       ColumnName="STATUS"
       SQLType="VARCHAR"
       Type="java.lang.String"
       ColumnType="VARCHAR2"
       TableName="II_AI_GA_APP_V">
        <DesignTime>
            <Attr Name="_DisplaySize" Value="40"/>
        </DesignTime>
    </Attribute>
    <Attribute
       Name="StatusDate"
       ColumnName="STATUS_DATE"
       SQLType="DATE"
       Type="oracle.jbo.domain.Date"
       ColumnType="DATE"
       TableName="II_AI_GA_APP_V">
        <DesignTime>
            <Attr Name="_DisplaySize" Value="7"/>
        </DesignTime>
    </Attribute>
    <Attribute
       Name="RerouteFrom"
       Precision="10"
       ColumnName="REROUTE_FROM"
       SQLType="VARCHAR"
       Type="java.lang.String"
       ColumnType="VARCHAR2"
       TableName="II_AI_GA_APP_V">
        <DesignTime>
            <Attr Name="_DisplaySize" Value="10"/>
        </DesignTime>
    </Attribute>
    <Attribute
       Name="RerouteDate"
       ColumnName="REROUTE_DATE"
       SQLType="DATE"
       Type="oracle.jbo.domain.Date"
       ColumnType="DATE"
       TableName="II_AI_GA_APP_V">
        <DesignTime>
            <Attr Name="_DisplaySize" Value="7"/>
        </DesignTime>
    </Attribute>
    <Attribute
       Name="ProjectCongressionalDistrict"
       Precision="40"
       ColumnName="PROJECT_CONGRESSIONAL_DISTRICT"
       SQLType="VARCHAR"
       Type="java.lang.String"
       ColumnType="VARCHAR2"
       TableName="II_AI_GA_APP_V">
        <DesignTime>
            <Attr Name="_DisplaySize" Value="40"/>
        </DesignTime>
    </Attribute>
    <Attribute
       Name="FfisDocId"
       Precision="11"
       ColumnName="FFIS_DOC_ID"
       SQLType="VARCHAR"
       Type="java.lang.String"
       ColumnType="VARCHAR2"
       TableName="II_AI_GA_APP_V">
        <DesignTime>
            <Attr Name="_DisplaySize" Value="11"/>
        </DesignTime>
    </Attribute>
    <Attribute
       Name="LockedInd"
       Precision="1"
       ColumnName="LOCKED_IND"
       SQLType="VARCHAR"
       Type="java.lang.String"
       ColumnType="VARCHAR2"
       TableName="II_AI_GA_APP_V">
        <DesignTime>
            <Attr Name="_DisplaySize" Value="1"/>
        </DesignTime>
    </Attribute>
    <Attribute
       Name="ApplicantName"
       Precision="200"
       ColumnName="APPLICANT_NAME"
       SQLType="VARCHAR"
       Type="java.lang.String"
       ColumnType="VARCHAR2"
       TableName="II_AI_GA_APP_V">
        <DesignTime>
            <Attr Name="_DisplaySize" Value="200"/>
        </DesignTime>
    </Attribute>
    <Attribute
       Name="StateIdentifier"
       Precision="40"
       ColumnName="STATE_IDENTIFIER"
       SQLType="VARCHAR"
       Type="java.lang.String"
       ColumnType="VARCHAR2"
       TableName="II_AI_GA_APP_V">
        <DesignTime>
            <Attr Name="_DisplaySize" Value="40"/>
        </DesignTime>
    </Attribute>
    <Attribute
       Name="InternationalActInd"
       Precision="1"
       ColumnName="INTERNATIONAL_ACT_IND"
       SQLType="VARCHAR"
       Type="java.lang.String"
       ColumnType="VARCHAR2"
       TableName="II_AI_GA_APP_V">
        <DesignTime>
            <Attr Name="_DisplaySize" Value="1"/>
        </DesignTime>
    </Attribute>
    <Attribute
       Name="ProjType"
       Precision="3"
       ColumnName="PROJ_TYPE"
       SQLType="VARCHAR"
       Type="java.lang.String"
       ColumnType="VARCHAR2"
       TableName="II_AI_GA_APP_V">
        <DesignTime>
            <Attr Name="_DisplaySize" Value="3"/>
        </DesignTime>
    </Attribute>
    <Attribute
       Name="AdvanceAllowedInd"
       Precision="1"
       ColumnName="ADVANCE_ALLOWED_IND"
       SQLType="VARCHAR"
       Type="java.lang.String"
       ColumnType="VARCHAR2"
       TableName="II_AI_GA_APP_V">
        <DesignTime>
            <Attr Name="_DisplaySize" Value="1"/>
        </DesignTime>
    </Attribute>
    <Attribute
       Name="CreatedDate"
       IsNotNull="true"
       ColumnName="CREATED_DATE"
       SQLType="DATE"
       Type="oracle.jbo.domain.Date"
       ColumnType="DATE"
       TableName="II_AI_GA_APP_V">
        <DesignTime>
            <Attr Name="_DisplaySize" Value="7"/>
        </DesignTime>
    </Attribute>
    <Attribute
       Name="CreatedBy"
       IsNotNull="true"
       Precision="30"
       ColumnName="CREATED_BY"
       SQLType="VARCHAR"
       Type="java.lang.String"
       ColumnType="VARCHAR2"
       TableName="II_AI_GA_APP_V">
        <DesignTime>
            <Attr Name="_DisplaySize" Value="30"/>
        </DesignTime>
    </Attribute>
    <Attribute
       Name="CreatedInInstance"
       IsNotNull="true"
       Precision="6"
       Scale="0"
       ColumnName="CREATED_IN_INSTANCE"
       SQLType="NUMERIC"
       Type="oracle.jbo.domain.Number"
       ColumnType="NUMBER"
       TableName="II_AI_GA_APP_V">
        <DesignTime>
            <Attr Name="_DisplaySize" Value="22"/>
        </DesignTime>
    </Attribute>
    <Attribute
       Name="SecurityId"
       IsNotNull="true"
       Precision="30"
       ColumnName="SECURITY_ID"
       SQLType="VARCHAR"
       Type="java.lang.String"
       ColumnType="VARCHAR2"
       TableName="II_AI_GA_APP_V">
        <DesignTime>
            <Attr Name="_DisplaySize" Value="30"/>
        </DesignTime>
        <Properties>
            <SchemaBasedProperties>
                <LABEL
                    ResId="gov.usda.fs.nrm.gacommon.model.entity.raca.AiGaAppV.SecurityId_LABEL"></LABEL>
            </SchemaBasedProperties>
        </Properties>
    </Attribute>
    <Attribute
       Name="ProgrmResponsibilityType"
       Precision="30"
       ColumnName="PROGRM_RESPONSIBILITY_TYPE"
       SQLType="VARCHAR"
       Type="java.lang.String"
       ColumnType="VARCHAR2"
       TableName="II_AI_GA_APP_V">
        <DesignTime>
            <Attr Name="_DisplaySize" Value="30"/>
        </DesignTime>
    </Attribute>
    <Attribute
       Name="CooperatorAgreementNumber"
       Precision="34"
       ColumnName="COOPERATOR_AGREEMENT_NUMBER"
       SQLType="VARCHAR"
       Type="java.lang.String"
       ColumnType="VARCHAR2"
       TableName="II_AI_GA_APP_V">
        <DesignTime>
            <Attr Name="_DisplaySize" Value="34"/>
        </DesignTime>
    </Attribute>
    <AccessorAttribute
       Name="AiRacaAgmtAppV"
        Association="gov.usda.fs.nrm.gacommon.model.entity.raca.AiRacaAgmtAiGaAppVAssoc"
        AssociationEnd="gov.usda.fs.nrm.gacommon.model.entity.raca.AiRacaAgmtAiGaAppVAssoc.AiRacaAgmtAppV"
        AssociationOtherEnd="gov.usda.fs.nrm.gacommon.model.entity.raca.AiRacaAgmtAiGaAppVAssoc.AiGaAppV"
        Type="gov.usda.fs.nrm.gacommon.model.entity.raca.AiRacaAgmtAppVImpl"
        IsUpdateable="true">
   </AccessorAttribute>
    <Key
       Name="AigaappvPrimaryKey"
       PrimaryKey="true">
        <DesignTime>
            <Attr Name="_DBObjectName" Value="AIGAAPPV_PRIMARY_KEY"/>
        </DesignTime>
        <AttrArray Name="Attributes"/>
    </Key>
</Entity>
