<?xml version='1.0' encoding='windows-1252' ?>
<!DOCTYPE Entity SYSTEM "jbo_03_01.dtd">
<!---->
<Entity
   xmlns="http://xmlns.oracle.com/bc4j"
   Name="AiRacaAgmtAppV"
   Version="12.2.1.22.48"
   DBObjectType="synonym"
   DBObjectName="II_AI_RACA_AGMT_APP_V"
   AliasName="AiRacaAgmtAppV"
   BindingStyle="OracleName"
    RowClass="gov.usda.fs.nrm.gacommon.model.entity.raca.AiRacaAgmtAppVImpl">
    <DesignTime>
        <Attr Name="_codeGenFlag2" Value="Access"/>
        <Attr Name="_panelSchema" Value="view"/>
        <Attr Name="_isCodegen" Value="true"/>
    </DesignTime>
    <Attribute
       Name="Cn"
       IsNotNull="true"
       Precision="34"
       ColumnName="CN"
       SQLType="VARCHAR"
       Type="java.lang.String"
       ColumnType="VARCHAR2"
       TableName="II_AI_RACA_AGMT_APP_V"
       PrimaryKey="true">
        <DesignTime>
            <Attr Name="_DisplaySize" Value="34"/>
        </DesignTime>
    </Attribute>
    <Attribute
       Name="Id"
       IsNotNull="true"
       Precision="40"
       ColumnName="ID"
       SQLType="VARCHAR"
       Type="java.lang.String"
       ColumnType="VARCHAR2"
       TableName="II_AI_RACA_AGMT_APP_V">
        <DesignTime>
            <Attr Name="_DisplaySize" Value="40"/>
        </DesignTime>
        <Properties>
            <SchemaBasedProperties>
                <DISPLAYWIDTH
                   Value="18"></DISPLAYWIDTH>
                <LABEL
                    ResId="gov.usda.fs.nrm.gacommon.model.entity.raca.AiRacaAgmtAppV.Id_LABEL"></LABEL>
            </SchemaBasedProperties>
        </Properties>
    </Attribute>
    <Attribute
       Name="Name"
       Precision="200"
       ColumnName="NAME"
       SQLType="VARCHAR"
       Type="java.lang.String"
       ColumnType="VARCHAR2"
       TableName="II_AI_RACA_AGMT_APP_V">
        <DesignTime>
            <Attr Name="_DisplaySize" Value="200"/>
        </DesignTime>
    </Attribute>
    <Attribute
       Name="ObjTech"
       IsNotNull="true"
       DefaultValue="ORACLE"
       Precision="30"
       ColumnName="OBJ_TECH"
       SQLType="VARCHAR"
       Type="java.lang.String"
       ColumnType="VARCHAR2"
       TableName="II_AI_RACA_AGMT_APP_V">
        <DesignTime>
            <Attr Name="_DisplaySize" Value="30"/>
        </DesignTime>
    </Attribute>
    <Attribute
       Name="ObjName"
       IsNotNull="true"
       DefaultValue="RACA"
       Precision="30"
       ColumnName="OBJ_NAME"
       SQLType="VARCHAR"
       Type="java.lang.String"
       ColumnType="VARCHAR2"
       TableName="II_AI_RACA_AGMT_APP_V">
        <DesignTime>
            <Attr Name="_DisplaySize" Value="30"/>
        </DesignTime>
        <Properties>
            <SchemaBasedProperties>
                <LABEL
                    ResId="gov.usda.fs.nrm.gacommon.model.entity.raca.AiRacaAgmtAppV.ObjName_LABEL"></LABEL>
            </SchemaBasedProperties>
        </Properties>
    </Attribute>
    <Attribute
       Name="ObjClass"
       IsNotNull="true"
       DefaultValue="ACCOMPLISHMENT_INSTRUMENT"
       Precision="30"
       ColumnName="OBJ_CLASS"
       SQLType="VARCHAR"
       Type="java.lang.String"
       ColumnType="VARCHAR2"
       TableName="II_AI_RACA_AGMT_APP_V">
        <DesignTime>
            <Attr Name="_DisplaySize" Value="30"/>
        </DesignTime>
    </Attribute>
    <Attribute
       Name="Description"
       Precision="2000"
       ColumnName="DESCRIPTION"
       SQLType="VARCHAR"
       Type="java.lang.String"
       ColumnType="VARCHAR2"
       TableName="II_AI_RACA_AGMT_APP_V">
        <DesignTime>
            <Attr Name="_DisplaySize" Value="2000"/>
        </DesignTime>
    </Attribute>
    <Attribute
       Name="ManagingContCn"
       Precision="34"
       ColumnName="MANAGING_CONT_CN"
       SQLType="VARCHAR"
       Type="java.lang.String"
       ColumnType="VARCHAR2"
       TableName="II_AI_RACA_AGMT_APP_V">
        <DesignTime>
            <Attr Name="_DisplaySize" Value="34"/>
        </DesignTime>
    </Attribute>
    <Attribute
       Name="SecurityId"
       Precision="30"
       ColumnName="SECURITY_ID"
       SQLType="VARCHAR"
       Type="java.lang.String"
       ColumnType="VARCHAR2"
       TableName="II_AI_RACA_AGMT_APP_V">
        <DesignTime>
            <Attr Name="_DisplaySize" Value="30"/>
        </DesignTime>
        <Properties>
            <SchemaBasedProperties>
                <LABEL
                    ResId="gov.usda.fs.nrm.gacommon.model.entity.raca.AiRacaAgmtAppV.SecurityId_LABEL"></LABEL>
                <DISPLAYWIDTH
                   Value="6"></DISPLAYWIDTH>
            </SchemaBasedProperties>
        </Properties>
    </Attribute>
    <Attribute
       Name="RacaAgmtCn"
       Precision="34"
       ColumnName="RACA_AGMT_CN"
       SQLType="VARCHAR"
       Type="java.lang.String"
       ColumnType="VARCHAR2"
       TableName="II_AI_RACA_AGMT_APP_V">
        <DesignTime>
            <Attr Name="_DisplaySize" Value="34"/>
        </DesignTime>
    </Attribute>
    <Attribute
       Name="CollectionType"
       Precision="50"
       ColumnName="COLLECTION_TYPE"
       SQLType="VARCHAR"
       Type="java.lang.String"
       ColumnType="VARCHAR2"
       TableName="II_AI_RACA_AGMT_APP_V">
        <DesignTime>
            <Attr Name="_DisplaySize" Value="50"/>
        </DesignTime>
        <Properties>
            <SchemaBasedProperties>
                <LABEL
                    ResId="gov.usda.fs.nrm.gacommon.model.entity.raca.AiRacaAgmtAppV.CollectionType_LABEL"></LABEL>
            </SchemaBasedProperties>
        </Properties>
    </Attribute>
    <Attribute
       Name="CooperatorAgreementNo"
       Precision="40"
       ColumnName="COOPERATOR_AGREEMENT_NO"
       SQLType="VARCHAR"
       Type="java.lang.String"
       ColumnType="VARCHAR2"
       TableName="II_AI_RACA_AGMT_APP_V">
        <DesignTime>
            <Attr Name="_DisplaySize" Value="40"/>
        </DesignTime>
        <Properties>
            <SchemaBasedProperties>
                <LABEL
                    ResId="gov.usda.fs.nrm.gacommon.model.entity.raca.AiRacaAgmtAppV.CooperatorAgreementNo_LABEL"></LABEL>
                <DISPLAYWIDTH
                   Value="18"></DISPLAYWIDTH>
            </SchemaBasedProperties>
        </Properties>
    </Attribute>
    <Attribute
       Name="ProjectTitle"
       Precision="200"
       ColumnName="PROJECT_TITLE"
       SQLType="VARCHAR"
       Type="java.lang.String"
       ColumnType="VARCHAR2"
       TableName="II_AI_RACA_AGMT_APP_V">
        <DesignTime>
            <Attr Name="_DisplaySize" Value="200"/>
        </DesignTime>
        <Properties>
            <SchemaBasedProperties>
                <LABEL
                    ResId="gov.usda.fs.nrm.gacommon.model.entity.raca.AiRacaAgmtAppV.ProjectTitle_LABEL"></LABEL>
                <DISPLAYWIDTH
                   Value="60"></DISPLAYWIDTH>
            </SchemaBasedProperties>
        </Properties>
    </Attribute>
    <Attribute
       Name="CooperatorCashContribution"
       Precision="12"
       Scale="2"
       ColumnName="COOPERATOR_CASH_CONTRIBUTION"
       SQLType="NUMERIC"
       Type="oracle.jbo.domain.Number"
       ColumnType="NUMBER"
       TableName="II_AI_RACA_AGMT_APP_V">
        <DesignTime>
            <Attr Name="_DisplaySize" Value="22"/>
        </DesignTime>
        <Properties>
            <SchemaBasedProperties>
                <LABEL
                    ResId="gov.usda.fs.nrm.gacommon.model.entity.raca.AiRacaAgmtAppV.CooperatorCashContribution_LABEL"></LABEL>
                <FMT_FORMAT
                    ResId="gov.usda.fs.nrm.gacommon.model.entity.raca.AiRacaAgmtAppV.CooperatorCashContribution_FMT_FORMAT"></FMT_FORMAT>
                <FMT_FORMATTER
                    ResId="gov.usda.fs.nrm.gacommon.model.entity.raca.AiRacaAgmtAppV.CooperatorCashContribution_FMT_FORMATTER"></FMT_FORMATTER>
            </SchemaBasedProperties>
        </Properties>
    </Attribute>
    <Attribute
       Name="ExpirationDate"
       ColumnName="EXPIRATION_DATE"
       SQLType="DATE"
       Type="oracle.jbo.domain.Date"
       ColumnType="DATE"
       TableName="II_AI_RACA_AGMT_APP_V">
        <DesignTime>
            <Attr Name="_DisplaySize" Value="7"/>
        </DesignTime>
        <Properties>
            <SchemaBasedProperties>
                <FMT_FORMAT
                    ResId="gov.usda.fs.nrm.gacommon.model.entity.raca.AiRacaAgmtAppV.ExpirationDate_FMT_FORMAT"></FMT_FORMAT>
                <FMT_FORMATTER
                    ResId="gov.usda.fs.nrm.gacommon.model.entity.raca.AiRacaAgmtAppV.ExpirationDate_FMT_FORMATTER"></FMT_FORMATTER>
                <LABEL
                    ResId="gov.usda.fs.nrm.gacommon.model.entity.raca.AiRacaAgmtAppV.ExpirationDate_LABEL"></LABEL>
            </SchemaBasedProperties>
        </Properties>
    </Attribute>
    <Attribute
       Name="AssessOverheadDocumented"
       DefaultValue="N"
       Precision="1"
       ColumnName="ASSESS_OVERHEAD_DOCUMENTED"
       SQLType="VARCHAR"
       Type="java.lang.String"
       ColumnType="VARCHAR2"
       TableName="II_AI_RACA_AGMT_APP_V">
        <DesignTime>
            <Attr Name="_DisplaySize" Value="1"/>
        </DesignTime>
    </Attribute>
    <Attribute
       Name="AssessOverhead"
       DefaultValue="N"
       Precision="1"
       ColumnName="ASSESS_OVERHEAD"
       SQLType="VARCHAR"
       Type="java.lang.String"
       ColumnType="VARCHAR2"
       TableName="II_AI_RACA_AGMT_APP_V">
        <DesignTime>
            <Attr Name="_DisplaySize" Value="1"/>
        </DesignTime>
    </Attribute>
    <Attribute
       Name="Fsh1909131a"
       Precision="1"
       ColumnName="FSH_1909_13_1A"
       SQLType="VARCHAR"
       Type="java.lang.String"
       ColumnType="VARCHAR2"
       TableName="II_AI_RACA_AGMT_APP_V">
        <DesignTime>
            <Attr Name="_DisplaySize" Value="1"/>
        </DesignTime>
    </Attribute>
    <Attribute
       Name="Fsh1909131b"
       Precision="1"
       ColumnName="FSH_1909_13_1B"
       SQLType="VARCHAR"
       Type="java.lang.String"
       ColumnType="VARCHAR2"
       TableName="II_AI_RACA_AGMT_APP_V">
        <DesignTime>
            <Attr Name="_DisplaySize" Value="1"/>
        </DesignTime>
    </Attribute>
    <Attribute
       Name="Fsh1909133"
       Precision="1"
       ColumnName="FSH_1909_13_3"
       SQLType="VARCHAR"
       Type="java.lang.String"
       ColumnType="VARCHAR2"
       TableName="II_AI_RACA_AGMT_APP_V">
        <DesignTime>
            <Attr Name="_DisplaySize" Value="1"/>
        </DesignTime>
    </Attribute>
    <Attribute
       Name="AgreementEffectiveDate"
       ColumnName="AGREEMENT_EFFECTIVE_DATE"
       SQLType="DATE"
       Type="oracle.jbo.domain.Date"
       ColumnType="DATE"
       TableName="II_AI_RACA_AGMT_APP_V">
        <DesignTime>
            <Attr Name="_DisplaySize" Value="7"/>
        </DesignTime>
        <Properties>
            <SchemaBasedProperties>
                <FMT_FORMAT
                    ResId="gov.usda.fs.nrm.gacommon.model.entity.raca.AiRacaAgmtAppV.AgreementEffectiveDate_FMT_FORMAT"></FMT_FORMAT>
                <LABEL
                    ResId="gov.usda.fs.nrm.gacommon.model.entity.raca.AiRacaAgmtAppV.AgreementEffectiveDate_LABEL"></LABEL>
                <FMT_FORMATTER
                    ResId="gov.usda.fs.nrm.gacommon.model.entity.raca.AiRacaAgmtAppV.AgreementEffectiveDate_FMT_FORMATTER"></FMT_FORMATTER>
            </SchemaBasedProperties>
        </Properties>
    </Attribute>
    <Attribute
       Name="DateAgreementReceivedAsc"
       ColumnName="DATE_AGREEMENT_RECEIVED_ASC"
       SQLType="DATE"
       Type="oracle.jbo.domain.Date"
       ColumnType="DATE"
       TableName="II_AI_RACA_AGMT_APP_V">
        <DesignTime>
            <Attr Name="_DisplaySize" Value="7"/>
        </DesignTime>
        <Properties>
            <SchemaBasedProperties>
                <FMT_FORMAT
                    ResId="gov.usda.fs.nrm.gacommon.model.entity.raca.AiRacaAgmtAppV.DateAgreementReceivedAsc_FMT_FORMAT"></FMT_FORMAT>
                <FMT_FORMATTER
                    ResId="gov.usda.fs.nrm.gacommon.model.entity.raca.AiRacaAgmtAppV.DateAgreementReceivedAsc_FMT_FORMATTER"></FMT_FORMATTER>
                <LABEL
                    ResId="gov.usda.fs.nrm.gacommon.model.entity.raca.AiRacaAgmtAppV.DateAgreementReceivedAsc_LABEL"></LABEL>
            </SchemaBasedProperties>
        </Properties>
    </Attribute>
    <Attribute
       Name="DateClosedByFinanceMgt"
       ColumnName="DATE_CLOSED_BY_FINANCE_MGT"
       SQLType="DATE"
       Type="oracle.jbo.domain.Date"
       ColumnType="DATE"
       TableName="II_AI_RACA_AGMT_APP_V">
        <DesignTime>
            <Attr Name="_DisplaySize" Value="7"/>
        </DesignTime>
        <Properties>
            <SchemaBasedProperties>
                <FMT_FORMAT
                    ResId="gov.usda.fs.nrm.gacommon.model.entity.raca.AiRacaAgmtAppV.DateClosedByFinanceMgt_FMT_FORMAT"></FMT_FORMAT>
                <FMT_FORMATTER
                    ResId="gov.usda.fs.nrm.gacommon.model.entity.raca.AiRacaAgmtAppV.DateClosedByFinanceMgt_FMT_FORMATTER"></FMT_FORMATTER>
                <LABEL
                    ResId="gov.usda.fs.nrm.gacommon.model.entity.raca.AiRacaAgmtAppV.DateClosedByFinanceMgt_LABEL"></LABEL>
            </SchemaBasedProperties>
        </Properties>
    </Attribute>
    <Attribute
       Name="JobCodes"
       Precision="60"
       ColumnName="JOB_CODES"
       SQLType="VARCHAR"
       Type="java.lang.String"
       ColumnType="VARCHAR2"
       TableName="II_AI_RACA_AGMT_APP_V">
        <DesignTime>
            <Attr Name="_DisplaySize" Value="60"/>
        </DesignTime>
        <Properties>
            <SchemaBasedProperties>
                <DISPLAYWIDTH
                   Value="50"></DISPLAYWIDTH>
                <LABEL
                    ResId="gov.usda.fs.nrm.gacommon.model.entity.raca.AiRacaAgmtAppV.JobCodes_LABEL"></LABEL>
            </SchemaBasedProperties>
        </Properties>
    </Attribute>
    <Attribute
       Name="Fund"
       Precision="40"
       ColumnName="FUND"
       SQLType="VARCHAR"
       Type="java.lang.String"
       ColumnType="VARCHAR2"
       TableName="II_AI_RACA_AGMT_APP_V">
        <DesignTime>
            <Attr Name="_DisplaySize" Value="40"/>
        </DesignTime>
        <Properties>
            <SchemaBasedProperties>
                <DISPLAYWIDTH
                   Value="8"></DISPLAYWIDTH>
            </SchemaBasedProperties>
        </Properties>
    </Attribute>
    <Attribute
       Name="Program"
       Precision="40"
       ColumnName="PROGRAM"
       SQLType="VARCHAR"
       Type="java.lang.String"
       ColumnType="VARCHAR2"
       TableName="II_AI_RACA_AGMT_APP_V">
        <DesignTime>
            <Attr Name="_DisplaySize" Value="40"/>
        </DesignTime>
        <Properties>
            <SchemaBasedProperties>
                <DISPLAYWIDTH
                   Value="8"></DISPLAYWIDTH>
            </SchemaBasedProperties>
        </Properties>
    </Attribute>
    <Attribute
       Name="Rptg"
       Precision="4"
       ColumnName="RPTG"
       SQLType="VARCHAR"
       Type="java.lang.String"
       ColumnType="VARCHAR2"
       TableName="II_AI_RACA_AGMT_APP_V">
        <DesignTime>
            <Attr Name="_DisplaySize" Value="4"/>
        </DesignTime>
        <Properties>
            <SchemaBasedProperties>
                <LABEL
                    ResId="gov.usda.fs.nrm.gacommon.model.entity.raca.AiRacaAgmtAppV.Rptg_LABEL"></LABEL>
            </SchemaBasedProperties>
        </Properties>
    </Attribute>
    <Attribute
       Name="BranchHandlingAgreement"
       Precision="50"
       ColumnName="BRANCH_HANDLING_AGREEMENT"
       SQLType="VARCHAR"
       Type="java.lang.String"
       ColumnType="VARCHAR2"
       TableName="II_AI_RACA_AGMT_APP_V">
        <DesignTime>
            <Attr Name="_DisplaySize" Value="50"/>
        </DesignTime>
        <Properties>
            <SchemaBasedProperties>
                <LABEL
                    ResId="gov.usda.fs.nrm.gacommon.model.entity.raca.AiRacaAgmtAppV.BranchHandlingAgreement_LABEL"></LABEL>
            </SchemaBasedProperties>
        </Properties>
    </Attribute>
    <Attribute
       Name="FfisAgreementNo"
       Precision="18"
       ColumnName="FFIS_AGREEMENT_NO"
       SQLType="VARCHAR"
       Type="java.lang.String"
       ColumnType="VARCHAR2"
       TableName="II_AI_RACA_AGMT_APP_V">
        <DesignTime>
            <Attr Name="_DisplaySize" Value="18"/>
        </DesignTime>
        <Properties>
            <SchemaBasedProperties>
                <LABEL
                    ResId="gov.usda.fs.nrm.gacommon.model.entity.raca.AiRacaAgmtAppV.FfisAgreementNo_LABEL"></LABEL>
            </SchemaBasedProperties>
        </Properties>
    </Attribute>
    <Attribute
       Name="Status"
       DefaultValue="NEW"
       Precision="40"
       ColumnName="STATUS"
       SQLType="VARCHAR"
       Type="java.lang.String"
       ColumnType="VARCHAR2"
       TableName="II_AI_RACA_AGMT_APP_V">
        <DesignTime>
            <Attr Name="_DisplaySize" Value="40"/>
        </DesignTime>
        <Properties>
            <SchemaBasedProperties>
                <DISPLAYWIDTH
                   Value="25"></DISPLAYWIDTH>
                <LABEL
                    ResId="gov.usda.fs.nrm.gacommon.model.entity.raca.AiRacaAgmtAppV.Status_LABEL"></LABEL>
            </SchemaBasedProperties>
        </Properties>
    </Attribute>
    <Attribute
       Name="StatusDate"
       ColumnName="STATUS_DATE"
       SQLType="DATE"
       Type="oracle.jbo.domain.Date"
       ColumnType="DATE"
       TableName="II_AI_RACA_AGMT_APP_V">
        <DesignTime>
            <Attr Name="_DisplaySize" Value="7"/>
        </DesignTime>
        <Properties>
            <SchemaBasedProperties>
                <FMT_FORMATTER
                    ResId="gov.usda.fs.nrm.gacommon.model.entity.raca.AiRacaAgmtAppV.StatusDate_FMT_FORMATTER"></FMT_FORMATTER>
                <FMT_FORMAT
                    ResId="gov.usda.fs.nrm.gacommon.model.entity.raca.AiRacaAgmtAppV.StatusDate_FMT_FORMAT"></FMT_FORMAT>
                <LABEL
                    ResId="gov.usda.fs.nrm.gacommon.model.entity.raca.AiRacaAgmtAppV.StatusDate_LABEL"></LABEL>
            </SchemaBasedProperties>
        </Properties>
    </Attribute>
    <Attribute
       Name="Comments"
       Precision="2000"
       ColumnName="COMMENTS"
       SQLType="VARCHAR"
       Type="java.lang.String"
       ColumnType="VARCHAR2"
       TableName="II_AI_RACA_AGMT_APP_V">
        <DesignTime>
            <Attr Name="_DisplaySize" Value="2000"/>
        </DesignTime>
        <Properties>
            <SchemaBasedProperties>
                <LABEL
                    ResId="gov.usda.fs.nrm.gacommon.model.entity.raca.AiRacaAgmtAppV.Comments_LABEL"></LABEL>
            </SchemaBasedProperties>
        </Properties>
    </Attribute>
    <Attribute
       Name="BudgetOrgCode"
       Precision="4"
       ColumnName="BUDGET_ORG_CODE"
       SQLType="VARCHAR"
       Type="java.lang.String"
       ColumnType="VARCHAR2"
       TableName="II_AI_RACA_AGMT_APP_V">
        <DesignTime>
            <Attr Name="_DisplaySize" Value="4"/>
        </DesignTime>
        <Properties>
            <SchemaBasedProperties>
                <DISPLAYWIDTH
                   Value="6"></DISPLAYWIDTH>
                <LABEL
                    ResId="gov.usda.fs.nrm.gacommon.model.entity.raca.AiRacaAgmtAppV.BudgetOrgCode_LABEL"></LABEL>
            </SchemaBasedProperties>
        </Properties>
    </Attribute>
    <Attribute
       Name="AgreementSubtype"
       Precision="50"
       ColumnName="AGREEMENT_SUBTYPE"
       SQLType="VARCHAR"
       Type="java.lang.String"
       ColumnType="VARCHAR2"
       TableName="II_AI_RACA_AGMT_APP_V">
        <DesignTime>
            <Attr Name="_DisplaySize" Value="50"/>
        </DesignTime>
    </Attribute>
    <AccessorAttribute
       Name="AiGaAppV"
        Association="gov.usda.fs.nrm.gacommon.model.entity.raca.AiRacaAgmtAiGaAppVAssoc"
        AssociationEnd="gov.usda.fs.nrm.gacommon.model.entity.raca.AiRacaAgmtAiGaAppVAssoc.AiGaAppV"
        AssociationOtherEnd="gov.usda.fs.nrm.gacommon.model.entity.raca.AiRacaAgmtAiGaAppVAssoc.AiRacaAgmtAppV"
       Type="oracle.jbo.RowIterator"
       IsUpdateable="false">
   </AccessorAttribute>
    <AccessorAttribute
       Name="RacaReqs"
        Association="gov.usda.fs.nrm.gacommon.model.entity.raca.AiRacaAgmtRacaReqsAssoc"
        AssociationEnd="gov.usda.fs.nrm.gacommon.model.entity.raca.AiRacaAgmtRacaReqsAssoc.RacaReqs"
        AssociationOtherEnd="gov.usda.fs.nrm.gacommon.model.entity.raca.AiRacaAgmtRacaReqsAssoc.AiRacaAgmtAppV"
       Type="oracle.jbo.RowIterator"
       IsUpdateable="false">
   </AccessorAttribute>
    <AccessorAttribute
       Name="RacaCloseoutReasons"
        Association="gov.usda.fs.nrm.gacommon.model.entity.raca.ClosReson2RacaAgmtFkAssoc"
        AssociationEnd="gov.usda.fs.nrm.gacommon.model.entity.raca.ClosReson2RacaAgmtFkAssoc.RacaCloseoutReasons"
        AssociationOtherEnd="gov.usda.fs.nrm.gacommon.model.entity.raca.ClosReson2RacaAgmtFkAssoc.AiRacaAgmtAppV"
       Type="oracle.jbo.RowIterator"
       IsUpdateable="false">
   </AccessorAttribute>
    <Key
       Name="AiracaagmtappvPrimaryKey"
       PrimaryKey="true">
        <DesignTime>
            <Attr Name="_DBObjectName" Value="AIRACAAGMTAPPV_PRIMARY_KEY"/>
        </DesignTime>
        <AttrArray Name="Attributes"/>
    </Key>
</Entity>
