<?xml version='1.0' encoding='windows-1252' ?>
<!DOCTYPE Entity SYSTEM "jbo_03_01.dtd">
<!---->
<Entity
   xmlns="http://xmlns.oracle.com/bc4j"
   Name="Contacts"
   Version="12.2.1.22.48"
   DBObjectType="synonym"
   DBObjectName="II_CONTACTS"
   AliasName="Contacts"
   BindingStyle="OracleName"
    RowClass="gov.usda.fs.nrm.gacommon.model.entity.raca.ContactsImpl">
    <DesignTime>
        <Attr Name="_codeGenFlag2" Value="Access"/>
        <Attr Name="_isCodegen" Value="true"/>
    </DesignTime>
    <Attribute
       Name="Cn"
       IsNotNull="true"
       Precision="34"
       ColumnName="CN"
       SQLType="VARCHAR"
       Type="java.lang.String"
       ColumnType="VARCHAR2"
       TableName="II_CONTACTS"
       PrimaryKey="true">
        <DesignTime>
            <Attr Name="_DisplaySize" Value="34"/>
        </DesignTime>
    </Attribute>
    <Attribute
       Name="ObjTech"
       IsUnique="true"
       IsNotNull="true"
       Precision="30"
       ColumnName="OBJ_TECH"
       SQLType="VARCHAR"
       Type="java.lang.String"
       ColumnType="VARCHAR2"
       TableName="II_CONTACTS">
        <DesignTime>
            <Attr Name="_DisplaySize" Value="30"/>
        </DesignTime>
    </Attribute>
    <Attribute
       Name="ObjName"
       IsUnique="true"
       IsNotNull="true"
       Precision="30"
       ColumnName="OBJ_NAME"
       SQLType="VARCHAR"
       Type="java.lang.String"
       ColumnType="VARCHAR2"
       TableName="II_CONTACTS">
        <DesignTime>
            <Attr Name="_DisplaySize" Value="30"/>
        </DesignTime>
    </Attribute>
    <Attribute
       Name="ObjClass"
       IsUnique="true"
       IsNotNull="true"
       Precision="30"
       ColumnName="OBJ_CLASS"
       SQLType="VARCHAR"
       Type="java.lang.String"
       ColumnType="VARCHAR2"
       TableName="II_CONTACTS">
        <DesignTime>
            <Attr Name="_DisplaySize" Value="30"/>
        </DesignTime>
    </Attribute>
    <Attribute
       Name="Id"
       IsUnique="true"
       IsNotNull="true"
       Precision="30"
       ColumnName="ID"
       SQLType="VARCHAR"
       Type="java.lang.String"
       ColumnType="VARCHAR2"
       TableName="II_CONTACTS">
        <DesignTime>
            <Attr Name="_DisplaySize" Value="30"/>
        </DesignTime>
        <Properties>
            <SchemaBasedProperties>
                <LABEL
                    ResId="gov.usda.fs.nrm.gacommon.model.entity.raca.Contacts.Id_LABEL"></LABEL>
            </SchemaBasedProperties>
        </Properties>
    </Attribute>
    <Attribute
       Name="TransId"
       IsUnique="true"
       Precision="34"
       ColumnName="TRANS_ID"
       SQLType="VARCHAR"
       Type="java.lang.String"
       ColumnType="VARCHAR2"
       TableName="II_CONTACTS">
        <DesignTime>
            <Attr Name="_DisplaySize" Value="34"/>
        </DesignTime>
    </Attribute>
    <Attribute
       Name="Name"
       Precision="60"
       ColumnName="NAME"
       SQLType="VARCHAR"
       Type="java.lang.String"
       ColumnType="VARCHAR2"
       TableName="II_CONTACTS">
        <DesignTime>
            <Attr Name="_DisplaySize" Value="60"/>
        </DesignTime>
    </Attribute>
    <Attribute
       Name="MasterSite"
       Precision="6"
       Scale="0"
       ColumnName="MASTER_SITE"
       SQLType="NUMERIC"
       Type="oracle.jbo.domain.Number"
       ColumnType="NUMBER"
       TableName="II_CONTACTS">
        <DesignTime>
            <Attr Name="_DisplaySize" Value="22"/>
        </DesignTime>
    </Attribute>
    <Attribute
       Name="Remarks"
       Precision="255"
       ColumnName="REMARKS"
       SQLType="VARCHAR"
       Type="java.lang.String"
       ColumnType="VARCHAR2"
       TableName="II_CONTACTS">
        <DesignTime>
            <Attr Name="_DisplaySize" Value="255"/>
        </DesignTime>
    </Attribute>
    <Attribute
       Name="SecurityId"
       Precision="30"
       ColumnName="SECURITY_ID"
       SQLType="VARCHAR"
       Type="java.lang.String"
       ColumnType="VARCHAR2"
       TableName="II_CONTACTS">
        <DesignTime>
            <Attr Name="_DisplaySize" Value="30"/>
        </DesignTime>
    </Attribute>
    <Attribute
       Name="AgencyCode"
       Precision="4"
       ColumnName="AGENCY_CODE"
       SQLType="VARCHAR"
       Type="java.lang.String"
       ColumnType="VARCHAR2"
       TableName="II_CONTACTS">
        <DesignTime>
            <Attr Name="_DisplaySize" Value="4"/>
        </DesignTime>
    </Attribute>
    <Attribute
       Name="AdminOrgInd"
       IsNotNull="true"
       Precision="1"
       ColumnName="ADMIN_ORG_IND"
       SQLType="VARCHAR"
       Type="java.lang.String"
       ColumnType="VARCHAR2"
       TableName="II_CONTACTS">
        <DesignTime>
            <Attr Name="_DisplaySize" Value="1"/>
        </DesignTime>
    </Attribute>
    <Attribute
       Name="Ein"
       Precision="40"
       ColumnName="EIN"
       SQLType="VARCHAR"
       Type="java.lang.String"
       ColumnType="VARCHAR2"
       TableName="II_CONTACTS">
        <DesignTime>
            <Attr Name="_DisplaySize" Value="40"/>
        </DesignTime>
        <Properties>
            <SchemaBasedProperties>
                <LABEL
                    ResId="gov.usda.fs.nrm.gacommon.model.entity.raca.Contacts.Ein_LABEL"></LABEL>
            </SchemaBasedProperties>
        </Properties>
    </Attribute>
    <Attribute
       Name="Duns"
       Precision="40"
       ColumnName="DUNS"
       SQLType="VARCHAR"
       Type="java.lang.String"
       ColumnType="VARCHAR2"
       TableName="II_CONTACTS">
        <DesignTime>
            <Attr Name="_DisplaySize" Value="40"/>
        </DesignTime>
    </Attribute>
    <Attribute
       Name="FaadsCn"
       Precision="34"
       ColumnName="FAADS_CN"
       SQLType="VARCHAR"
       Type="java.lang.String"
       ColumnType="VARCHAR2"
       TableName="II_CONTACTS">
        <DesignTime>
            <Attr Name="_DisplaySize" Value="34"/>
        </DesignTime>
    </Attribute>
    <Attribute
       Name="FfisVendorStatus"
       Precision="40"
       ColumnName="FFIS_VENDOR_STATUS"
       SQLType="VARCHAR"
       Type="java.lang.String"
       ColumnType="VARCHAR2"
       TableName="II_CONTACTS">
        <DesignTime>
            <Attr Name="_DisplaySize" Value="40"/>
        </DesignTime>
    </Attribute>
    <Attribute
       Name="AlcCode"
       Precision="40"
       ColumnName="ALC_CODE"
       SQLType="VARCHAR"
       Type="java.lang.String"
       ColumnType="VARCHAR2"
       TableName="II_CONTACTS">
        <DesignTime>
            <Attr Name="_DisplaySize" Value="40"/>
        </DesignTime>
        <Properties>
            <SchemaBasedProperties>
                <LABEL
                    ResId="gov.usda.fs.nrm.gacommon.model.entity.raca.Contacts.AlcCode_LABEL"></LABEL>
            </SchemaBasedProperties>
        </Properties>
    </Attribute>
    <AccessorAttribute
       Name="Addresses"
        Association="gov.usda.fs.nrm.gacommon.model.entity.raca.AddContFkAssoc"
        AssociationEnd="gov.usda.fs.nrm.gacommon.model.entity.raca.AddContFkAssoc.Addresses"
        AssociationOtherEnd="gov.usda.fs.nrm.gacommon.model.entity.raca.AddContFkAssoc.Contacts"
       Type="oracle.jbo.RowIterator"
       IsUpdateable="false">
   </AccessorAttribute>
    <AccessorAttribute
       Name="AccinstContLinks"
        Association="gov.usda.fs.nrm.gacommon.model.entity.raca.AccinstClContFkAssoc"
        AssociationEnd="gov.usda.fs.nrm.gacommon.model.entity.raca.AccinstClContFkAssoc.AccinstContLinks"
        AssociationOtherEnd="gov.usda.fs.nrm.gacommon.model.entity.raca.AccinstClContFkAssoc.Contacts"
       Type="oracle.jbo.RowIterator"
       IsUpdateable="false">
   </AccessorAttribute>
    <AccessorAttribute
       Name="PhoneNumbers"
        Association="gov.usda.fs.nrm.gacommon.model.entity.raca.PnContFkAssoc"
        AssociationEnd="gov.usda.fs.nrm.gacommon.model.entity.raca.PnContFkAssoc.PhoneNumbers"
        AssociationOtherEnd="gov.usda.fs.nrm.gacommon.model.entity.raca.PnContFkAssoc.Contacts"
       Type="oracle.jbo.RowIterator"
       IsUpdateable="false">
   </AccessorAttribute>
    <Key
       Name="CkUc19548Id">
        <DesignTime>
            <Attr Name="_checkCondition" Value="        ID= upper(ID)        "/>
            <Attr Name="_isCheck" Value="true"/>
            <Attr Name="_DBObjectName" Value="CK_UC_19548_ID"/>
        </DesignTime>
    </Key>
    <Key
       Name="ContCont2Uk">
        <DesignTime>
            <Attr Name="_isUnique" Value="true"/>
            <Attr Name="_DBObjectName" Value="CONT_CONT2_UK"/>
        </DesignTime>
    </Key>
    <Key
       Name="ContPk"
       PrimaryKey="true">
        <DesignTime>
            <Attr Name="_DBObjectName" Value="CONT_PK"/>
        </DesignTime>
    </Key>
    <Key
       Name="IiAdminOrgIndCk">
        <DesignTime>
            <Attr Name="_checkCondition" Value="ADMIN_ORG_IND in ('Y','N')"/>
            <Attr Name="_isCheck" Value="true"/>
            <Attr Name="_DBObjectName" Value="II_ADMIN_ORG_IND_CK"/>
        </DesignTime>
    </Key>
    <Key
       Name="SysC00270724">
        <DesignTime>
            <Attr Name="_checkCondition" Value='"ADMIN_ORG_IND" IS NOT NULL'/>
            <Attr Name="_isCheck" Value="true"/>
            <Attr Name="_DBObjectName" Value="SYS_C00270724"/>
        </DesignTime>
    </Key>
    <Key
       Name="SysC007863">
        <DesignTime>
            <Attr Name="_checkCondition" Value='"CN" IS NOT NULL'/>
            <Attr Name="_isCheck" Value="true"/>
            <Attr Name="_DBObjectName" Value="SYS_C007863"/>
        </DesignTime>
    </Key>
    <Key
       Name="SysC007864">
        <DesignTime>
            <Attr Name="_checkCondition" Value='"OBJ_TECH" IS NOT NULL'/>
            <Attr Name="_isCheck" Value="true"/>
            <Attr Name="_DBObjectName" Value="SYS_C007864"/>
        </DesignTime>
    </Key>
    <Key
       Name="SysC007865">
        <DesignTime>
            <Attr Name="_checkCondition" Value='"OBJ_NAME" IS NOT NULL'/>
            <Attr Name="_isCheck" Value="true"/>
            <Attr Name="_DBObjectName" Value="SYS_C007865"/>
        </DesignTime>
    </Key>
    <Key
       Name="SysC007866">
        <DesignTime>
            <Attr Name="_checkCondition" Value='"OBJ_CLASS" IS NOT NULL'/>
            <Attr Name="_isCheck" Value="true"/>
            <Attr Name="_DBObjectName" Value="SYS_C007866"/>
        </DesignTime>
    </Key>
    <Key
       Name="SysC007867">
        <DesignTime>
            <Attr Name="_checkCondition" Value='"ID" IS NOT NULL'/>
            <Attr Name="_isCheck" Value="true"/>
            <Attr Name="_DBObjectName" Value="SYS_C007867"/>
        </DesignTime>
    </Key>
    <Key
       Name="ContObjFk">
        <DesignTime>
            <Attr Name="_referencedKey" Value="OBJ_PK"/>
            <Attr Name="_isForeign" Value="true"/>
            <Attr Name="_DBObjectName" Value="CONT_OBJ_FK"/>
        </DesignTime>
    </Key>
    <Key
       Name="ContTransFk">
        <DesignTime>
            <Attr Name="_referencedKey" Value="TRANS_PK"/>
            <Attr Name="_isForeign" Value="true"/>
            <Attr Name="_DBObjectName" Value="CONT_TRANS_FK"/>
        </DesignTime>
    </Key>
    <Key
       Name="IiContAgcFk">
        <DesignTime>
            <Attr Name="_referencedKey" Value="II_AGC_PK"/>
            <Attr Name="_isForeign" Value="true"/>
            <Attr Name="_DBObjectName" Value="II_CONT_AGC_FK"/>
        </DesignTime>
    </Key>
    <Key
       Name="IiContFaadsFk">
        <DesignTime>
            <Attr Name="_referencedKey" Value="II_FAADS_RECIPIENTS_PK"/>
            <Attr Name="_isForeign" Value="true"/>
            <Attr Name="_DBObjectName" Value="II_CONT_FAADS_FK"/>
        </DesignTime>
    </Key>
</Entity>
