<?xml version='1.0' encoding='windows-1252' ?>
<!DOCTYPE Association SYSTEM "jbo_03_01.dtd">
<!---->

<Association
   xmlns="http://xmlns.oracle.com/bc4j"
   Name="IiRacaBillLinesFkAssoc"
   Version="12.2.1.22.48" >
   <DesignTime>
      <Attr Name="_isCodegen" Value="true" />
   </DesignTime>
   <AssociationEnd
      Name="RacaBills"
      Cardinality="1"
      Source="true"
      Owner="gov.usda.fs.nrm.gacommon.model.entity.raca.RacaBills" >
      <DesignTime>
         <Attr Name="_isUpdateable" Value="true"/>
         <Attr Name="_aggregation" Value="0"/>
         <Attr Name="_finderName" Value="RacaBills"/>
         <Attr Name="_foreignKey" Value="gov.usda.fs.nrm.gacommon.model.entity.raca.RacaBills.IiRacaBillsPk"/>
      </DesignTime>
      <AttrArray Name="Attributes">
         <Item Value="gov.usda.fs.nrm.gacommon.model.entity.raca.RacaBills.Cn" />
      </AttrArray>
   </AssociationEnd>
   <AssociationEnd
      Name="RacaBillLines"
      Cardinality="-1"
      Owner="gov.usda.fs.nrm.gacommon.model.entity.raca.RacaBillLines" >
      <DesignTime>
         <Attr Name="_isUpdateable" Value="true"/>
         <Attr Name="_aggregation" Value="0"/>
         <Attr Name="_finderName" Value="RacaBillLines"/>
         <Attr Name="_foreignKey" Value="gov.usda.fs.nrm.gacommon.model.entity.raca.RacaBillLines.IiRacaBillLinesFk"/>
      </DesignTime>
      <AttrArray Name="Attributes">
         <Item Value="gov.usda.fs.nrm.gacommon.model.entity.raca.RacaBillLines.BillCn" />
      </AttrArray>
   </AssociationEnd>
</Association>
