<?xml version='1.0' encoding='windows-1252' ?>
<!DOCTYPE Entity SYSTEM "jbo_03_01.dtd">
<!---->
<Entity
   xmlns="http://xmlns.oracle.com/bc4j"
   Name="RacaReqs"
   Version="12.2.1.22.48"
   DBObjectType="synonym"
   DBObjectName="II_RACA_REQS"
   AliasName="RacaReqs"
   BindingStyle="OracleName"
    RowClass="gov.usda.fs.nrm.gacommon.model.entity.raca.RacaReqsImpl">
    <DesignTime>
        <Attr Name="_codeGenFlag2" Value="Access"/>
        <Attr Name="_isCodegen" Value="true"/>
    </DesignTime>
    <Attribute
       Name="Cn"
       IsNotNull="true"
       Precision="34"
       ColumnName="CN"
       SQLType="VARCHAR"
       Type="java.lang.String"
       ColumnType="VARCHAR2"
       TableName="II_RACA_REQS"
       PrimaryKey="true">
        <DesignTime>
            <Attr Name="_DisplaySize" Value="34"/>
        </DesignTime>
    </Attribute>
    <Attribute
       Name="RacaAgmtCn"
       IsNotNull="true"
       Precision="34"
       ColumnName="RACA_AGMT_CN"
       SQLType="VARCHAR"
       Type="java.lang.String"
       ColumnType="VARCHAR2"
       TableName="II_RACA_REQS">
        <DesignTime>
            <Attr Name="_DisplaySize" Value="34"/>
        </DesignTime>
    </Attribute>
    <Attribute
       Name="RacaReqNo"
       IsNotNull="true"
       Precision="4"
       Scale="0"
       ColumnName="RACA_REQ_NO"
       SQLType="NUMERIC"
       Type="oracle.jbo.domain.Number"
       ColumnType="NUMBER"
       TableName="II_RACA_REQS">
        <DesignTime>
            <Attr Name="_DisplaySize" Value="22"/>
        </DesignTime>
        <Properties>
            <SchemaBasedProperties>
                <LABEL
                    ResId="gov.usda.fs.nrm.gacommon.model.entity.raca.RacaReqs.RacaReqNo_LABEL"></LABEL>
            </SchemaBasedProperties>
        </Properties>
    </Attribute>
    <Attribute
       Name="TransmittalPurpose"
       Precision="50"
       ColumnName="TRANSMITTAL_PURPOSE"
       SQLType="VARCHAR"
       Type="java.lang.String"
       ColumnType="VARCHAR2"
       TableName="II_RACA_REQS">
        <DesignTime>
            <Attr Name="_DisplaySize" Value="50"/>
        </DesignTime>
        <Properties>
            <SchemaBasedProperties>
                <LABEL
                    ResId="gov.usda.fs.nrm.gacommon.model.entity.raca.RacaReqs.TransmittalPurpose_LABEL"></LABEL>
            </SchemaBasedProperties>
        </Properties>
    </Attribute>
    <Attribute
       Name="OtherTransmittalPurpose"
       Precision="200"
       ColumnName="OTHER_TRANSMITTAL_PURPOSE"
       SQLType="VARCHAR"
       Type="java.lang.String"
       ColumnType="VARCHAR2"
       TableName="II_RACA_REQS">
        <DesignTime>
            <Attr Name="_DisplaySize" Value="200"/>
        </DesignTime>
        <Properties>
            <SchemaBasedProperties>
                <LABEL
                    ResId="gov.usda.fs.nrm.gacommon.model.entity.raca.RacaReqs.OtherTransmittalPurpose_LABEL"></LABEL>
                <DISPLAYWIDTH
                   Value="24"></DISPLAYWIDTH>
            </SchemaBasedProperties>
        </Properties>
    </Attribute>
    <Attribute
       Name="ExpirationDate"
       ColumnName="EXPIRATION_DATE"
       SQLType="DATE"
       Type="oracle.jbo.domain.Date"
       ColumnType="DATE"
       TableName="II_RACA_REQS">
        <DesignTime>
            <Attr Name="_DisplaySize" Value="7"/>
        </DesignTime>
        <Properties>
            <SchemaBasedProperties>
                <FMT_FORMAT
                    ResId="gov.usda.fs.nrm.gacommon.model.entity.raca.RacaReqs.ExpirationDate_FMT_FORMAT"></FMT_FORMAT>
                <FMT_FORMATTER
                    ResId="gov.usda.fs.nrm.gacommon.model.entity.raca.RacaReqs.ExpirationDate_FMT_FORMATTER"></FMT_FORMATTER>
                <LABEL
                    ResId="gov.usda.fs.nrm.gacommon.model.entity.raca.RacaReqs.ExpirationDate_LABEL"></LABEL>
            </SchemaBasedProperties>
        </Properties>
    </Attribute>
    <Attribute
       Name="RestrictionAnnualSpend"
       Precision="1"
       ColumnName="RESTRICTION_ANNUAL_SPEND"
       SQLType="VARCHAR"
       Type="java.lang.String"
       ColumnType="VARCHAR2"
       TableName="II_RACA_REQS">
        <DesignTime>
            <Attr Name="_DisplaySize" Value="1"/>
        </DesignTime>
    </Attribute>
    <Attribute
       Name="VerifiedDate"
       ColumnName="VERIFIED_DATE"
       SQLType="DATE"
       Type="oracle.jbo.domain.Date"
       ColumnType="DATE"
       TableName="II_RACA_REQS">
        <DesignTime>
            <Attr Name="_DisplaySize" Value="7"/>
        </DesignTime>
        <Properties>
            <SchemaBasedProperties>
                <FMT_FORMAT
                    ResId="gov.usda.fs.nrm.gacommon.model.entity.raca.RacaReqs.VerifiedDate_FMT_FORMAT"></FMT_FORMAT>
                <LABEL
                    ResId="gov.usda.fs.nrm.gacommon.model.entity.raca.RacaReqs.VerifiedDate_LABEL"></LABEL>
                <FMT_FORMATTER
                    ResId="gov.usda.fs.nrm.gacommon.model.entity.raca.RacaReqs.VerifiedDate_FMT_FORMATTER"></FMT_FORMATTER>
            </SchemaBasedProperties>
        </Properties>
    </Attribute>
    <Attribute
       Name="BillingDocumentDate"
       ColumnName="BILLING_DOCUMENT_DATE"
       SQLType="DATE"
       Type="oracle.jbo.domain.Date"
       ColumnType="DATE"
       TableName="II_RACA_REQS">
        <DesignTime>
            <Attr Name="_DisplaySize" Value="7"/>
        </DesignTime>
        <Properties>
            <SchemaBasedProperties>
                <LABEL
                    ResId="gov.usda.fs.nrm.gacommon.model.entity.raca.RacaReqs.BillingDocumentDate_LABEL"></LABEL>
                <FMT_FORMATTER
                    ResId="gov.usda.fs.nrm.gacommon.model.entity.raca.RacaReqs.BillingDocumentDate_FMT_FORMATTER"></FMT_FORMATTER>
                <FMT_FORMAT
                    ResId="gov.usda.fs.nrm.gacommon.model.entity.raca.RacaReqs.BillingDocumentDate_FMT_FORMAT"></FMT_FORMAT>
            </SchemaBasedProperties>
        </Properties>
    </Attribute>
    <Attribute
       Name="DateNotificationIssued"
       ColumnName="DATE_NOTIFICATION_ISSUED"
       SQLType="DATE"
       Type="oracle.jbo.domain.Date"
       ColumnType="DATE"
       TableName="II_RACA_REQS">
        <DesignTime>
            <Attr Name="_DisplaySize" Value="7"/>
        </DesignTime>
        <Properties>
            <SchemaBasedProperties>
                <FMT_FORMAT
                    ResId="gov.usda.fs.nrm.gacommon.model.entity.raca.RacaReqs.DateNotificationIssued_FMT_FORMAT"></FMT_FORMAT>
                <LABEL
                    ResId="gov.usda.fs.nrm.gacommon.model.entity.raca.RacaReqs.DateNotificationIssued_LABEL"></LABEL>
                <FMT_FORMATTER
                    ResId="gov.usda.fs.nrm.gacommon.model.entity.raca.RacaReqs.DateNotificationIssued_FMT_FORMATTER"></FMT_FORMATTER>
            </SchemaBasedProperties>
        </Properties>
    </Attribute>
    <Attribute
       Name="JobCodes"
       Precision="60"
       ColumnName="JOB_CODES"
       SQLType="VARCHAR"
       Type="java.lang.String"
       ColumnType="VARCHAR2"
       TableName="II_RACA_REQS">
        <DesignTime>
            <Attr Name="_DisplaySize" Value="60"/>
        </DesignTime>
        <Properties>
            <SchemaBasedProperties>
                <LABEL
                    ResId="gov.usda.fs.nrm.gacommon.model.entity.raca.RacaReqs.JobCodes_LABEL"></LABEL>
            </SchemaBasedProperties>
        </Properties>
    </Attribute>
    <Attribute
       Name="CurrentBfyAmount"
       Precision="12"
       Scale="2"
       ColumnName="CURRENT_BFY_AMOUNT"
       SQLType="NUMERIC"
       Type="oracle.jbo.domain.Number"
       ColumnType="NUMBER"
       TableName="II_RACA_REQS">
        <DesignTime>
            <Attr Name="_DisplaySize" Value="22"/>
        </DesignTime>
        <Properties>
            <SchemaBasedProperties>
                <LABEL
                    ResId="gov.usda.fs.nrm.gacommon.model.entity.raca.RacaReqs.CurrentBfyAmount_LABEL"></LABEL>
                <FMT_FORMAT
                    ResId="gov.usda.fs.nrm.gacommon.model.entity.raca.RacaReqs.CurrentBfyAmount_FMT_FORMAT"></FMT_FORMAT>
                <FMT_FORMATTER
                    ResId="gov.usda.fs.nrm.gacommon.model.entity.raca.RacaReqs.CurrentBfyAmount_FMT_FORMATTER"></FMT_FORMATTER>
            </SchemaBasedProperties>
        </Properties>
    </Attribute>
    <Attribute
       Name="Status"
       IsNotNull="true"
       DefaultValue="NEW"
       Precision="40"
       ColumnName="STATUS"
       SQLType="VARCHAR"
       Type="java.lang.String"
       ColumnType="VARCHAR2"
       TableName="II_RACA_REQS">
        <DesignTime>
            <Attr Name="_DisplaySize" Value="40"/>
        </DesignTime>
        <Properties>
            <SchemaBasedProperties>
                <DISPLAYWIDTH
                   Value="15"></DISPLAYWIDTH>
                <LABEL
                    ResId="gov.usda.fs.nrm.gacommon.model.entity.raca.RacaReqs.Status_LABEL"></LABEL>
            </SchemaBasedProperties>
        </Properties>
    </Attribute>
    <Attribute
       Name="StatusDate"
       IsNotNull="true"
       ColumnName="STATUS_DATE"
       SQLType="DATE"
       Type="oracle.jbo.domain.Date"
       ColumnType="DATE"
       TableName="II_RACA_REQS">
        <DesignTime>
            <Attr Name="_DisplaySize" Value="7"/>
        </DesignTime>
        <Properties>
            <SchemaBasedProperties>
                <FMT_FORMATTER
                    ResId="gov.usda.fs.nrm.gacommon.model.entity.raca.RacaReqs.StatusDate_FMT_FORMATTER"></FMT_FORMATTER>
                <FMT_FORMAT
                    ResId="gov.usda.fs.nrm.gacommon.model.entity.raca.RacaReqs.StatusDate_FMT_FORMAT"></FMT_FORMAT>
                <LABEL
                    ResId="gov.usda.fs.nrm.gacommon.model.entity.raca.RacaReqs.StatusDate_LABEL"></LABEL>
            </SchemaBasedProperties>
        </Properties>
    </Attribute>
    <Attribute
       Name="Comments"
       Precision="2000"
       ColumnName="COMMENTS"
       SQLType="VARCHAR"
       Type="java.lang.String"
       ColumnType="VARCHAR2"
       TableName="II_RACA_REQS">
        <DesignTime>
            <Attr Name="_DisplaySize" Value="2000"/>
        </DesignTime>
        <Properties>
            <SchemaBasedProperties>
                <LABEL
                    ResId="gov.usda.fs.nrm.gacommon.model.entity.raca.RacaReqs.Comments_LABEL"></LABEL>
            </SchemaBasedProperties>
        </Properties>
    </Attribute>
    <Attribute
       Name="JobCodeDescription"
       Precision="200"
       ColumnName="JOB_CODE_DESCRIPTION"
       SQLType="VARCHAR"
       Type="java.lang.String"
       ColumnType="VARCHAR2"
       TableName="II_RACA_REQS">
        <DesignTime>
            <Attr Name="_DisplaySize" Value="200"/>
        </DesignTime>
        <Properties>
            <SchemaBasedProperties>
                <LABEL
                    ResId="gov.usda.fs.nrm.gacommon.model.entity.raca.RacaReqs.JobCodeDescription_LABEL"></LABEL>
            </SchemaBasedProperties>
        </Properties>
    </Attribute>
    <Attribute
       Name="AgreementAopAttached"
       Precision="1"
       ColumnName="AGREEMENT_AOP_ATTACHED"
       SQLType="VARCHAR"
       Type="java.lang.String"
       ColumnType="VARCHAR2"
       TableName="II_RACA_REQS">
        <DesignTime>
            <Attr Name="_DisplaySize" Value="1"/>
        </DesignTime>
        <Properties>
            <SchemaBasedProperties>
                <LABEL
                    ResId="gov.usda.fs.nrm.gacommon.model.entity.raca.RacaReqs.AgreementAopAttached_LABEL"></LABEL>
            </SchemaBasedProperties>
        </Properties>
    </Attribute>
    <Attribute
       Name="WorkplanAttached"
       Precision="1"
       ColumnName="WORKPLAN_ATTACHED"
       SQLType="VARCHAR"
       Type="java.lang.String"
       ColumnType="VARCHAR2"
       TableName="II_RACA_REQS">
        <DesignTime>
            <Attr Name="_DisplaySize" Value="1"/>
        </DesignTime>
        <Properties>
            <SchemaBasedProperties>
                <LABEL
                    ResId="gov.usda.fs.nrm.gacommon.model.entity.raca.RacaReqs.WorkplanAttached_LABEL"></LABEL>
            </SchemaBasedProperties>
        </Properties>
    </Attribute>
    <Attribute
       Name="TreasurySymbol"
       Precision="30"
       ColumnName="TREASURY_SYMBOL"
       SQLType="VARCHAR"
       Type="java.lang.String"
       ColumnType="VARCHAR2"
       TableName="II_RACA_REQS">
        <DesignTime>
            <Attr Name="_DisplaySize" Value="30"/>
        </DesignTime>
        <Properties>
            <SchemaBasedProperties>
                <LABEL
                    ResId="gov.usda.fs.nrm.gacommon.model.entity.raca.RacaReqs.TreasurySymbol_LABEL"></LABEL>
            </SchemaBasedProperties>
        </Properties>
    </Attribute>
    <Attribute
       Name="ObligatingDocNo"
       Precision="30"
       ColumnName="OBLIGATING_DOC_NO"
       SQLType="VARCHAR"
       Type="java.lang.String"
       ColumnType="VARCHAR2"
       TableName="II_RACA_REQS">
        <DesignTime>
            <Attr Name="_DisplaySize" Value="30"/>
        </DesignTime>
        <Properties>
            <SchemaBasedProperties>
                <LABEL
                    ResId="gov.usda.fs.nrm.gacommon.model.entity.raca.RacaReqs.ObligatingDocNo_LABEL"></LABEL>
            </SchemaBasedProperties>
        </Properties>
    </Attribute>
    <Attribute
       Name="Fs6500243Attached"
       Precision="1"
       ColumnName="FS_6500_243_ATTACHED"
       SQLType="VARCHAR"
       Type="java.lang.String"
       ColumnType="VARCHAR2"
       TableName="II_RACA_REQS">
        <DesignTime>
            <Attr Name="_DisplaySize" Value="1"/>
        </DesignTime>
        <Properties>
            <SchemaBasedProperties>
                <LABEL
                    ResId="gov.usda.fs.nrm.gacommon.model.entity.raca.RacaReqs.Fs6500243Attached_LABEL"></LABEL>
            </SchemaBasedProperties>
        </Properties>
    </Attribute>
    <AccessorAttribute
       Name="RacaReqStatuses"
        Association="gov.usda.fs.nrm.gacommon.model.entity.raca.RacaReqsRacaReqStatusesAssoc"
        AssociationEnd="gov.usda.fs.nrm.gacommon.model.entity.raca.RacaReqsRacaReqStatusesAssoc.RacaReqStatuses"
        AssociationOtherEnd="gov.usda.fs.nrm.gacommon.model.entity.raca.RacaReqsRacaReqStatusesAssoc.RacaReqs"
       Type="oracle.jbo.RowIterator"
       IsUpdateable="false">
   </AccessorAttribute>
    <AccessorAttribute
       Name="AiRacaAgmtAppV"
        Association="gov.usda.fs.nrm.gacommon.model.entity.raca.AiRacaAgmtRacaReqsAssoc"
        AssociationEnd="gov.usda.fs.nrm.gacommon.model.entity.raca.AiRacaAgmtRacaReqsAssoc.AiRacaAgmtAppV"
        AssociationOtherEnd="gov.usda.fs.nrm.gacommon.model.entity.raca.AiRacaAgmtRacaReqsAssoc.RacaReqs"
        Type="gov.usda.fs.nrm.gacommon.model.entity.raca.AiRacaAgmtAppVImpl"
        IsUpdateable="true">
   </AccessorAttribute>
    <AccessorAttribute
       Name="RacaJobCodeNotif"
        Association="gov.usda.fs.nrm.gacommon.model.entity.raca.RacaReqsJobCodeNotifAssoc"
        AssociationEnd="gov.usda.fs.nrm.gacommon.model.entity.raca.RacaReqsJobCodeNotifAssoc.RacaJobCodeNotif"
        AssociationOtherEnd="gov.usda.fs.nrm.gacommon.model.entity.raca.RacaReqsJobCodeNotifAssoc.RacaReqs"
       Type="oracle.jbo.RowIterator"
       IsUpdateable="false">
   </AccessorAttribute>
    <Key
       Name="IiRacaReqsFsAttachCk">
        <DesignTime>
            <Attr Name="_checkCondition" Value="FS_6500_243_ATTACHED IN ('Y','N', null)"/>
            <Attr Name="_isCheck" Value="true"/>
            <Attr Name="_DBObjectName" Value="II_RACA_REQS_FS_ATTACH_CK"/>
        </DesignTime>
        <AttrArray Name="Attributes"/>
    </Key>
    <Key
       Name="RacareqsPrimaryKey"
       PrimaryKey="true">
        <DesignTime>
            <Attr Name="_DBObjectName" Value="RACAREQS_PRIMARY_KEY"/>
        </DesignTime>
        <AttrArray Name="Attributes"/>
    </Key>
    <Key
       Name="SysC00531726">
        <DesignTime>
            <Attr Name="_checkCondition" Value='"CN" IS NOT NULL'/>
            <Attr Name="_isCheck" Value="true"/>
            <Attr Name="_DBObjectName" Value="SYS_C00531726"/>
        </DesignTime>
        <AttrArray Name="Attributes"/>
    </Key>
    <Key
       Name="SysC00531727">
        <DesignTime>
            <Attr Name="_checkCondition" Value='"RACA_AGMT_CN" IS NOT NULL'/>
            <Attr Name="_isCheck" Value="true"/>
            <Attr Name="_DBObjectName" Value="SYS_C00531727"/>
        </DesignTime>
        <AttrArray Name="Attributes"/>
    </Key>
    <Key
       Name="SysC00531728">
        <DesignTime>
            <Attr Name="_checkCondition" Value='"RACA_REQ_NO" IS NOT NULL'/>
            <Attr Name="_isCheck" Value="true"/>
            <Attr Name="_DBObjectName" Value="SYS_C00531728"/>
        </DesignTime>
        <AttrArray Name="Attributes"/>
    </Key>
    <Key
       Name="SysC00531729">
        <DesignTime>
            <Attr Name="_checkCondition" Value='"STATUS" IS NOT NULL'/>
            <Attr Name="_isCheck" Value="true"/>
            <Attr Name="_DBObjectName" Value="SYS_C00531729"/>
        </DesignTime>
        <AttrArray Name="Attributes"/>
    </Key>
    <Key
       Name="SysC00531730">
        <DesignTime>
            <Attr Name="_checkCondition" Value='"STATUS_DATE" IS NOT NULL'/>
            <Attr Name="_isCheck" Value="true"/>
            <Attr Name="_DBObjectName" Value="SYS_C00531730"/>
        </DesignTime>
        <AttrArray Name="Attributes"/>
    </Key>
    <Key
       Name="SysC00715809">
        <DesignTime>
            <Attr Name="_checkCondition" Value='"CN" IS NOT NULL'/>
            <Attr Name="_isCheck" Value="true"/>
            <Attr Name="_DBObjectName" Value="SYS_C00715809"/>
        </DesignTime>
        <AttrArray Name="Attributes"/>
    </Key>
    <Key
       Name="SysC00715810">
        <DesignTime>
            <Attr Name="_checkCondition" Value='"RACA_AGMT_CN" IS NOT NULL'/>
            <Attr Name="_isCheck" Value="true"/>
            <Attr Name="_DBObjectName" Value="SYS_C00715810"/>
        </DesignTime>
        <AttrArray Name="Attributes"/>
    </Key>
    <Key
       Name="SysC00715811">
        <DesignTime>
            <Attr Name="_checkCondition" Value='"RACA_REQ_NO" IS NOT NULL'/>
            <Attr Name="_isCheck" Value="true"/>
            <Attr Name="_DBObjectName" Value="SYS_C00715811"/>
        </DesignTime>
        <AttrArray Name="Attributes"/>
    </Key>
    <Key
       Name="SysC00715812">
        <DesignTime>
            <Attr Name="_checkCondition" Value='"STATUS" IS NOT NULL'/>
            <Attr Name="_isCheck" Value="true"/>
            <Attr Name="_DBObjectName" Value="SYS_C00715812"/>
        </DesignTime>
        <AttrArray Name="Attributes"/>
    </Key>
    <Key
       Name="SysC00715813">
        <DesignTime>
            <Attr Name="_checkCondition" Value='"STATUS_DATE" IS NOT NULL'/>
            <Attr Name="_isCheck" Value="true"/>
            <Attr Name="_DBObjectName" Value="SYS_C00715813"/>
        </DesignTime>
        <AttrArray Name="Attributes"/>
    </Key>
    <Key
       Name="IiRacaReqsFk">
        <DesignTime>
            <Attr Name="_referencedKey" Value="II_RACA_AGREEMENTS_PK"/>
            <Attr Name="_isForeign" Value="true"/>
            <Attr Name="_DBObjectName" Value="II_RACA_REQS_FK"/>
        </DesignTime>
        <AttrArray Name="Attributes"/>
    </Key>
</Entity>
