<?xml version='1.0' encoding='windows-1252' ?>
<!DOCTYPE Entity SYSTEM "jbo_03_01.dtd">
<!---->
<Entity
   xmlns="http://xmlns.oracle.com/bc4j"
   Name="RacaSpecBillingReq"
   Version="12.2.1.22.48"
   DBObjectType="synonym"
   DBObjectName="II_RACA_SPEC_BILLING_REQ"
   AliasName="RacaSpecBillingReq"
   BindingStyle="OracleName"
    RowClass="gov.usda.fs.nrm.gacommon.model.entity.raca.RacaSpecBillingReqImpl">
    <DesignTime>
        <Attr Name="_codeGenFlag2" Value="Access"/>
        <Attr Name="_isCodegen" Value="true"/>
    </DesignTime>
    <Attribute
       Name="Cn"
       IsNotNull="true"
       Precision="34"
       ColumnName="CN"
       SQLType="VARCHAR"
       Type="java.lang.String"
       ColumnType="VARCHAR2"
       TableName="II_RACA_SPEC_BILLING_REQ"
       PrimaryKey="true">
        <DesignTime>
            <Attr Name="_DisplaySize" Value="34"/>
        </DesignTime>
    </Attribute>
    <Attribute
       Name="RacaAgmtCn"
       IsNotNull="true"
       Precision="34"
       ColumnName="RACA_AGMT_CN"
       SQLType="VARCHAR"
       Type="java.lang.String"
       ColumnType="VARCHAR2"
       TableName="II_RACA_SPEC_BILLING_REQ">
        <DesignTime>
            <Attr Name="_DisplaySize" Value="34"/>
        </DesignTime>
    </Attribute>
    <Attribute
       Name="SpecBillReqCd"
       IsNotNull="true"
       Precision="40"
       ColumnName="SPEC_BILL_REQ_CD"
       SQLType="VARCHAR"
       Type="java.lang.String"
       ColumnType="VARCHAR2"
       TableName="II_RACA_SPEC_BILLING_REQ">
        <DesignTime>
            <Attr Name="_DisplaySize" Value="40"/>
        </DesignTime>
        <Properties>
            <SchemaBasedProperties>
                <DISPLAYWIDTH
                   Value="4"></DISPLAYWIDTH>
                <LABEL
                    ResId="gov.usda.fs.nrm.gacommon.model.entity.raca.RacaSpecBillingReq.SpecBillReqCd_LABEL"></LABEL>
            </SchemaBasedProperties>
        </Properties>
    </Attribute>
    <Attribute
       Name="SpecBillReqDesc"
       Precision="500"
       ColumnName="SPEC_BILL_REQ_DESC"
       SQLType="VARCHAR"
       Type="java.lang.String"
       ColumnType="VARCHAR2"
       TableName="II_RACA_SPEC_BILLING_REQ">
        <DesignTime>
            <Attr Name="_DisplaySize" Value="500"/>
        </DesignTime>
        <Properties>
            <SchemaBasedProperties>
                <LABEL
                    ResId="gov.usda.fs.nrm.gacommon.model.entity.raca.RacaSpecBillingReq.SpecBillReqDesc_LABEL"></LABEL>
                <DISPLAYWIDTH
                   Value="80"></DISPLAYWIDTH>
            </SchemaBasedProperties>
        </Properties>
    </Attribute>
    <Attribute
       Name="Comments"
       Precision="1000"
       ColumnName="COMMENTS"
       SQLType="VARCHAR"
       Type="java.lang.String"
       ColumnType="VARCHAR2"
       TableName="II_RACA_SPEC_BILLING_REQ">
        <DesignTime>
            <Attr Name="_DisplaySize" Value="1000"/>
        </DesignTime>
        <Properties>
            <SchemaBasedProperties>
                <DISPLAYWIDTH
                   Value="80"></DISPLAYWIDTH>
            </SchemaBasedProperties>
        </Properties>
    </Attribute>
    <Key
       Name="RacaspecbillingreqPrimaryKey"
       PrimaryKey="true">
        <DesignTime>
            <Attr Name="_DBObjectName" Value="RACASPECBILLINGREQ_PRIMARY_KEY"/>
        </DesignTime>
        <AttrArray Name="Attributes"/>
    </Key>
</Entity>
