<?xml version='1.0' encoding='windows-1252' ?>
<!DOCTYPE Entity SYSTEM "jbo_03_01.dtd">
<!---->

<Entity
   xmlns="http://xmlns.oracle.com/bc4j"
   Name="RacaJobCodeNotifLines"
   Version="12.2.1.22.48"
   DBObjectType="synonym"
   DBObjectName="II_RACA_JOB_CODE_NOTIF_LINES"
   AliasName="RacaJobCodeNotifLines"
   BindingStyle="OracleName"
   RowClass="gov.usda.fs.nrm.gacommon.model.entity.raca.RacaJobCodeNotifLinesImpl" >
   <DesignTime>
      <Attr Name="_codeGenFlag2" Value="Access" />
      <Attr Name="_isCodegen" Value="true" />
   </DesignTime>
   <Attribute
      Name="Cn"
      IsNotNull="true"
      Precision="34"
      ColumnName="CN"
      SQLType="VARCHAR"
      Type="java.lang.String"
      ColumnType="VARCHAR2"
      TableName="II_RACA_JOB_CODE_NOTIF_LINES"
      PrimaryKey="true" >
      <DesignTime>
         <Attr Name="_DisplaySize" Value="34" />
      </DesignTime>
   </Attribute>
   <Attribute
      Name="JobCodeNotifCn"
      IsNotNull="true"
      Precision="34"
      ColumnName="JOB_CODE_NOTIF_CN"
      SQLType="VARCHAR"
      Type="java.lang.String"
      ColumnType="VARCHAR2"
      TableName="II_RACA_JOB_CODE_NOTIF_LINES" >
      <DesignTime>
         <Attr Name="_DisplaySize" Value="34" />
      </DesignTime>
   </Attribute>
   <Attribute
      Name="JobCodeFundType"
      Precision="40"
      ColumnName="JOB_CODE_FUND_TYPE"
      SQLType="VARCHAR"
      Type="java.lang.String"
      ColumnType="VARCHAR2"
      TableName="II_RACA_JOB_CODE_NOTIF_LINES" >
      <DesignTime>
         <Attr Name="_DisplaySize" Value="40" />
      </DesignTime>
      <Properties
         >
         <SchemaBasedProperties
            >
            <LABEL
               ResId="gov.usda.fs.nrm.gacommon.model.entity.raca.RacaJobCodeNotifLines.JobCodeFundType_LABEL" >
            </LABEL>
         </SchemaBasedProperties>
      </Properties>
   </Attribute>
   <Attribute
      Name="RecipientCn"
      Precision="34"
      ColumnName="RECIPIENT_CN"
      SQLType="VARCHAR"
      Type="java.lang.String"
      ColumnType="VARCHAR2"
      TableName="II_RACA_JOB_CODE_NOTIF_LINES" >
      <DesignTime>
         <Attr Name="_DisplaySize" Value="34" />
      </DesignTime>
   </Attribute>
   <Attribute
      Name="AgmtAmount"
      Precision="12"
      Scale="2"
      ColumnName="AGMT_AMOUNT"
      SQLType="NUMERIC"
      Type="oracle.jbo.domain.Number"
      ColumnType="NUMBER"
      TableName="II_RACA_JOB_CODE_NOTIF_LINES" >
      <DesignTime>
         <Attr Name="_DisplaySize" Value="22" />
      </DesignTime>
      <Properties
         >
         <SchemaBasedProperties
            >
            <LABEL
               ResId="gov.usda.fs.nrm.gacommon.model.entity.raca.RacaJobCodeNotifLines.AgmtAmount_LABEL" >
            </LABEL>
            <FMT_FORMAT
               ResId="gov.usda.fs.nrm.gacommon.model.entity.raca.RacaJobCodeNotifLines.AgmtAmount_FMT_FORMAT" >
            </FMT_FORMAT>
            <FMT_FORMATTER
               ResId="gov.usda.fs.nrm.gacommon.model.entity.raca.RacaJobCodeNotifLines.AgmtAmount_FMT_FORMATTER" >
            </FMT_FORMATTER>
         </SchemaBasedProperties>
      </Properties>
   </Attribute>
   <Attribute
      Name="BurdenAmount"
      Precision="12"
      Scale="2"
      ColumnName="BURDEN_AMOUNT"
      SQLType="NUMERIC"
      Type="oracle.jbo.domain.Number"
      ColumnType="NUMBER"
      TableName="II_RACA_JOB_CODE_NOTIF_LINES" >
      <DesignTime>
         <Attr Name="_DisplaySize" Value="22" />
      </DesignTime>
      <Properties
         >
         <SchemaBasedProperties
            >
            <FMT_FORMATTER
               ResId="gov.usda.fs.nrm.gacommon.model.entity.raca.RacaJobCodeNotifLines.BurdenAmount_FMT_FORMATTER" >
            </FMT_FORMATTER>
            <LABEL
               ResId="gov.usda.fs.nrm.gacommon.model.entity.raca.RacaJobCodeNotifLines.BurdenAmount_LABEL" >
            </LABEL>
            <FMT_FORMAT
               ResId="gov.usda.fs.nrm.gacommon.model.entity.raca.RacaJobCodeNotifLines.BurdenAmount_FMT_FORMAT" >
            </FMT_FORMAT>
         </SchemaBasedProperties>
      </Properties>
   </Attribute>
   <Attribute
      Name="NetSpending"
      Precision="12"
      Scale="2"
      ColumnName="NET_SPENDING"
      SQLType="NUMERIC"
      Type="oracle.jbo.domain.Number"
      ColumnType="NUMBER"
      TableName="II_RACA_JOB_CODE_NOTIF_LINES" >
      <DesignTime>
         <Attr Name="_DisplaySize" Value="22" />
      </DesignTime>
      <Properties
         >
         <SchemaBasedProperties
            >
            <LABEL
               ResId="gov.usda.fs.nrm.gacommon.model.entity.raca.RacaJobCodeNotifLines.NetSpending_LABEL" >
            </LABEL>
            <FMT_FORMATTER
               ResId="gov.usda.fs.nrm.gacommon.model.entity.raca.RacaJobCodeNotifLines.NetSpending_FMT_FORMATTER" >
            </FMT_FORMATTER>
            <FMT_FORMAT
               ResId="gov.usda.fs.nrm.gacommon.model.entity.raca.RacaJobCodeNotifLines.NetSpending_FMT_FORMAT" >
            </FMT_FORMAT>
         </SchemaBasedProperties>
      </Properties>
   </Attribute>
   <Attribute
      Name="BurdenRate"
      Precision="5"
      Scale="2"
      ColumnName="BURDEN_RATE"
      SQLType="NUMERIC"
      Type="oracle.jbo.domain.Number"
      ColumnType="NUMBER"
      TableName="II_RACA_JOB_CODE_NOTIF_LINES" >
      <DesignTime>
         <Attr Name="_DisplaySize" Value="22" />
      </DesignTime>
      <Properties
         >
         <SchemaBasedProperties
            >
            <DISPLAYWIDTH
               Value="4" >
            </DISPLAYWIDTH>
            <LABEL
               ResId="gov.usda.fs.nrm.gacommon.model.entity.raca.RacaJobCodeNotifLines.BurdenRate_LABEL" >
            </LABEL>
            <FMT_FORMAT
               ResId="gov.usda.fs.nrm.gacommon.model.entity.raca.RacaJobCodeNotifLines.BurdenRate_FMT_FORMAT" >
            </FMT_FORMAT>
            <FMT_FORMATTER
               ResId="gov.usda.fs.nrm.gacommon.model.entity.raca.RacaJobCodeNotifLines.BurdenRate_FMT_FORMATTER" >
            </FMT_FORMATTER>
         </SchemaBasedProperties>
      </Properties>
   </Attribute>
   <Attribute
      Name="JobCode"
      Precision="50"
      ColumnName="JOB_CODE"
      SQLType="VARCHAR"
      Type="java.lang.String"
      ColumnType="VARCHAR2"
      TableName="II_RACA_JOB_CODE_NOTIF_LINES" >
      <DesignTime>
         <Attr Name="_DisplaySize" Value="50" />
      </DesignTime>
      <Properties
         >
         <SchemaBasedProperties
            >
            <DISPLAYWIDTH
               Value="16" >
            </DISPLAYWIDTH>
         </SchemaBasedProperties>
      </Properties>
   </Attribute>
   <AccessorAttribute
      Name="RacaJobCodeNotif"
      Association="gov.usda.fs.nrm.gacommon.model.entity.raca.RacaJobCodeNLinesFkAssoc"
      AssociationEnd="gov.usda.fs.nrm.gacommon.model.entity.raca.RacaJobCodeNLinesFkAssoc.RacaJobCodeNotif"
      AssociationOtherEnd="gov.usda.fs.nrm.gacommon.model.entity.raca.RacaJobCodeNLinesFkAssoc.RacaJobCodeNotifLines"
      Type="gov.usda.fs.nrm.gacommon.model.entity.raca.RacaJobCodeNotifImpl"
      IsUpdateable="true">
   </AccessorAttribute>
   <Key
      Name="RacaJobCodeNLinesPk"
      PrimaryKey="true" >
      <DesignTime>
         <Attr Name="_DBObjectName" Value="RACA_JOB_CODE_N_LINES_PK" />
      </DesignTime>
      <AttrArray Name="Attributes"/>
   </Key>
   <Key
      Name="SysC001032036" >
      <DesignTime>
         <Attr Name="_checkCondition" Value="&#34;CN&#34; IS NOT NULL" />
         <Attr Name="_isCheck" Value="true" />
         <Attr Name="_DBObjectName" Value="SYS_C001032036" />
      </DesignTime>
      <AttrArray Name="Attributes"/>
   </Key>
   <Key
      Name="SysC001032037" >
      <DesignTime>
         <Attr Name="_checkCondition" Value="&#34;JOB_CODE_NOTIF_CN&#34; IS NOT NULL" />
         <Attr Name="_isCheck" Value="true" />
         <Attr Name="_DBObjectName" Value="SYS_C001032037" />
      </DesignTime>
      <AttrArray Name="Attributes"/>
   </Key>
   <Key
      Name="SysC001032038" >
      <DesignTime>
         <Attr Name="_checkCondition" Value="&#34;JOB_CODE&#34; IS NOT NULL" />
         <Attr Name="_isCheck" Value="true" />
         <Attr Name="_DBObjectName" Value="SYS_C001032038" />
      </DesignTime>
      <AttrArray Name="Attributes"/>
   </Key>
   <Key
      Name="RacaJobCodeNLinesFk" >
      <DesignTime>
         <Attr Name="_referencedKey" Value="II_RACA_JOB_CODE_NOTIF_PK" />
         <Attr Name="_isForeign" Value="true" />
         <Attr Name="_DBObjectName" Value="RACA_JOB_CODE_N_LINES_FK" />
      </DesignTime>
      <AttrArray Name="Attributes"/>
   </Key>
</Entity>
