<?xml version='1.0' encoding='windows-1252' ?>
<!DOCTYPE Entity SYSTEM "jbo_03_01.dtd">
<!---->
<Entity
   xmlns="http://xmlns.oracle.com/bc4j"
   Name="RacaBills"
   Version="12.2.1.22.48"
   DBObjectType="synonym"
   DBObjectName="II_RACA_BILLS"
   AliasName="RacaBills"
   BindingStyle="OracleName"
    RowClass="gov.usda.fs.nrm.gacommon.model.entity.raca.RacaBillsImpl">
    <DesignTime>
        <Attr Name="_codeGenFlag2" Value="Access"/>
        <Attr Name="_isCodegen" Value="true"/>
    </DesignTime>
    <Attribute
       Name="Cn"
       IsNotNull="true"
       Precision="34"
       ColumnName="CN"
       SQLType="VARCHAR"
       Type="java.lang.String"
       ColumnType="VARCHAR2"
       TableName="II_RACA_BILLS"
       PrimaryKey="true">
        <DesignTime>
            <Attr Name="_DisplaySize" Value="34"/>
        </DesignTime>
    </Attribute>
    <Attribute
       Name="GrantCn"
       Precision="34"
       ColumnName="GRANT_CN"
       SQLType="VARCHAR"
       Type="java.lang.String"
       ColumnType="VARCHAR2"
       TableName="II_RACA_BILLS">
        <DesignTime>
            <Attr Name="_DisplaySize" Value="34"/>
        </DesignTime>
    </Attribute>
    <Attribute
       Name="AgreementNumber"
       Precision="15"
       ColumnName="AGREEMENT_NUMBER"
       SQLType="VARCHAR"
       Type="java.lang.String"
       ColumnType="VARCHAR2"
       TableName="II_RACA_BILLS">
        <DesignTime>
            <Attr Name="_DisplaySize" Value="15"/>
        </DesignTime>
        <Properties>
            <SchemaBasedProperties>
                <LABEL
                    ResId="gov.usda.fs.nrm.gacommon.model.entity.raca.RacaBills.AgreementNumber_LABEL"></LABEL>
            </SchemaBasedProperties>
        </Properties>
    </Attribute>
    <Attribute
       Name="TransCode"
       Precision="2"
       ColumnName="TRANS_CODE"
       SQLType="VARCHAR"
       Type="java.lang.String"
       ColumnType="VARCHAR2"
       TableName="II_RACA_BILLS">
        <DesignTime>
            <Attr Name="_DisplaySize" Value="2"/>
        </DesignTime>
        <Properties>
            <SchemaBasedProperties>
                <LABEL
                    ResId="gov.usda.fs.nrm.gacommon.model.entity.raca.RacaBills.TransCode_LABEL"></LABEL>
            </SchemaBasedProperties>
        </Properties>
    </Attribute>
    <Attribute
       Name="TransType"
       Precision="2"
       ColumnName="TRANS_TYPE"
       SQLType="VARCHAR"
       Type="java.lang.String"
       ColumnType="VARCHAR2"
       TableName="II_RACA_BILLS">
        <DesignTime>
            <Attr Name="_DisplaySize" Value="2"/>
        </DesignTime>
        <Properties>
            <SchemaBasedProperties>
                <LABEL
                    ResId="gov.usda.fs.nrm.gacommon.model.entity.raca.RacaBills.TransType_LABEL"></LABEL>
            </SchemaBasedProperties>
        </Properties>
    </Attribute>
    <Attribute
       Name="DocId"
       IsUnique="true"
       Precision="11"
       ColumnName="DOC_ID"
       SQLType="VARCHAR"
       Type="java.lang.String"
       ColumnType="VARCHAR2"
       TableName="II_RACA_BILLS">
        <DesignTime>
            <Attr Name="_DisplaySize" Value="11"/>
        </DesignTime>
        <Properties>
            <SchemaBasedProperties>
                <LABEL
                    ResId="gov.usda.fs.nrm.gacommon.model.entity.raca.RacaBills.DocId_LABEL"></LABEL>
            </SchemaBasedProperties>
        </Properties>
    </Attribute>
    <Attribute
       Name="DocDate"
       IsUnique="true"
       ColumnName="DOC_DATE"
       SQLType="DATE"
       Type="oracle.jbo.domain.Date"
       ColumnType="DATE"
       TableName="II_RACA_BILLS">
        <DesignTime>
            <Attr Name="_DisplaySize" Value="7"/>
        </DesignTime>
        <Properties>
            <SchemaBasedProperties>
                <LABEL
                    ResId="gov.usda.fs.nrm.gacommon.model.entity.raca.RacaBills.DocDate_LABEL"></LABEL>
                <FMT_FORMAT
                    ResId="gov.usda.fs.nrm.gacommon.model.entity.raca.RacaBills.DocDate_FMT_FORMAT"></FMT_FORMAT>
                <FMT_FORMATTER
                    ResId="gov.usda.fs.nrm.gacommon.model.entity.raca.RacaBills.DocDate_FMT_FORMATTER"></FMT_FORMATTER>
            </SchemaBasedProperties>
        </Properties>
    </Attribute>
    <Attribute
       Name="Description"
       Precision="80"
       ColumnName="DESCRIPTION"
       SQLType="VARCHAR"
       Type="java.lang.String"
       ColumnType="VARCHAR2"
       TableName="II_RACA_BILLS">
        <DesignTime>
            <Attr Name="_DisplaySize" Value="80"/>
        </DesignTime>
    </Attribute>
    <AccessorAttribute
       Name="RacaBillLines"
        Association="gov.usda.fs.nrm.gacommon.model.entity.raca.IiRacaBillLinesFkAssoc"
        AssociationEnd="gov.usda.fs.nrm.gacommon.model.entity.raca.IiRacaBillLinesFkAssoc.RacaBillLines"
        AssociationOtherEnd="gov.usda.fs.nrm.gacommon.model.entity.raca.IiRacaBillLinesFkAssoc.RacaBills"
       Type="oracle.jbo.RowIterator"
       IsUpdateable="false">
   </AccessorAttribute>
    <Key
       Name="IiRacaBillsPk"
       PrimaryKey="true">
        <DesignTime>
            <Attr Name="_DBObjectName" Value="II_RACA_BILLS_PK"/>
        </DesignTime>
        <AttrArray Name="Attributes"/>
    </Key>
    <Key
       Name="IiRacaBillsUk">
        <DesignTime>
            <Attr Name="_isUnique" Value="true"/>
            <Attr Name="_DBObjectName" Value="II_RACA_BILLS_UK"/>
        </DesignTime>
        <AttrArray Name="Attributes"/>
    </Key>
</Entity>
