<?xml version = '1.0' encoding = 'UTF-8'?>
<References xmlns="http://xmlns.oracle.com/adf/jndi">
   <Reference name="KrowdDB" className="oracle.jdeveloper.db.adapter.DatabaseProvider" partial="true"
              manageInOracleEnterpriseManager="true" deployable="true" xmlns="">
      <Factory className="oracle.jdeveloper.db.adapter.DatabaseProviderFactory"/>
   </Reference>
   <Reference name="EmployeeBirthdayAndAnniversaryService"
              className="oracle.adf.model.connection.webservice.impl.WebServiceConnectionImpl" partial="false"
              manageInOracleEnterpriseManager="true" deployable="true" xmlns="">
      <Factory className="oracle.adf.model.connection.webservice.api.WebServiceConnectionFactory"/>
      <RefAddresses>
         <XmlRefAddr addrType="WebServiceConnection">
            <Contents>
               <wsconnection description="https://osbwlstst1.darden.com/osb/EmployeeBirthdayAndAnniversaryServiceV2?wsdl"
                             service="{http://www.darden.com/OSB-Service/EmployeeGetBADates}EmployeeBirthdayAndAnniversaryService">
                  
                  
                  <model name="{http://www.darden.com/OSB-Service/EmployeeGetBADates}EmployeeBirthdayAndAnniversaryService"
                         xmlns="http://oracle.com/ws/model">
                     
                     
                     <service name="{http://www.darden.com/OSB-Service/EmployeeGetBADates}EmployeeBirthdayAndAnniversaryService">
                        
                        
                        <port name="BADatesPort"
                              binding="{http://www.darden.com/OSB-Service/EmployeeGetBADates}BADatesBinding">
                           
                           
                           <soap addressUrl="https://osbwlstst1.darden.com/osb/EmployeeBirthdayAndAnniversaryServiceV2"
                                 xmlns="http://schemas.xmlsoap.org/wsdl/soap/"/>
                           
                           
                           <operation name="GetBADates">
                              
                              
                              <soap xmlns="http://schemas.xmlsoap.org/wsdl/soap/"/>
                              
                              
                              <output name=""/>
                              
                              
                              <input name=""/>
                              
                           
                           </operation>
                           
                        
                        </port>
                        
                     
                     </service>
                     
                  
                  </model>
                  
               
               </wsconnection>
            </Contents>
         </XmlRefAddr>
      </RefAddresses>
   </Reference>
   <Reference name="EmployeeRegistrationBindingQSService"
              className="oracle.adf.model.connection.webservice.impl.WebServiceConnectionImpl" partial="false"
              manageInOracleEnterpriseManager="true" deployable="true" xmlns="">
      <Factory className="oracle.adf.model.connection.webservice.api.WebServiceConnectionFactory"/>
      <RefAddresses>
         <XmlRefAddr addrType="WebServiceConnection">
            <Contents>
               <wsconnection description="https://osbwlstst1.darden.com/osb/RestaurantEmployeeRegistrationService?wsdl"
                             service="{http://www.darden.com/OSB-Service/EmployeeRegistration}EmployeeRegistrationBindingQSService">
                  
                  
                  <model name="{http://www.darden.com/OSB-Service/EmployeeRegistration}EmployeeRegistrationBindingQSService"
                         xmlns="http://oracle.com/ws/model">
                     
                     
                     <service name="{http://www.darden.com/OSB-Service/EmployeeRegistration}EmployeeRegistrationBindingQSService">
                        
                        
                        <port name="EmployeeRegistrationBindingQSPort"
                              binding="{http://www.darden.com/OSB-Service/EmployeeRegistration}EmployeeRegistrationBinding">
                           
                           
                           <soap addressUrl="https://osbwlstst1.darden.com/osb/RestaurantEmployeeRegistrationService"
                                 xmlns="http://schemas.xmlsoap.org/wsdl/soap/"/>
                           
                           
                           <operation name="GetEmployeeRegistrationInfo">
                              
                              
                              <soap soapAction="http://www.darden.com/OSB-Service/EmployeeRegistration/GetEmployeeRegistrationInfo"
                                    xmlns="http://schemas.xmlsoap.org/wsdl/soap/"/>
                              
                              
                              <output name=""/>
                              
                              
                              <input name=""/>
                              
                           
                           </operation>
                           
                           
                           <operation name="ProcessEmpRegistration">
                              
                              
                              <soap soapAction="http://www.darden.com/OSB-Service/EmployeeRegistration/ProcessEmpRegistration"
                                    xmlns="http://schemas.xmlsoap.org/wsdl/soap/"/>
                              
                              
                              <output name=""/>
                              
                              
                              <input name=""/>
                              
                           
                           </operation>
                           
                        
                        </port>
                        
                     
                     </service>
                     
                  
                  </model>
                  
               
               </wsconnection>
            </Contents>
         </XmlRefAddr>
      </RefAddresses>
   </Reference>
   <Reference name="ManagerLinks" className="oracle.adf.model.connection.webservice.impl.WebServiceConnectionImpl"
              partial="false" manageInOracleEnterpriseManager="true" deployable="true" xmlns="">
      <Factory className="oracle.adf.model.connection.webservice.api.WebServiceConnectionFactory"/>
      <RefAddresses>
         <XmlRefAddr addrType="WebServiceConnection">
            <Contents>
               <wsconnection description="https://pssoadev.darden.com/PSIGW/PeopleSoftServiceListeningConnector/ManagerLinks.1.wsdl"
                             service="{http://xmlns.oracle.com/Enterprise/Tools/services}ManagerLinks">
                  
                  
                  <model name="{http://xmlns.oracle.com/Enterprise/Tools/services}ManagerLinks"
                         xmlns="http://oracle.com/ws/model">
                     
                     
                     <service name="{http://xmlns.oracle.com/Enterprise/Tools/services}ManagerLinks">
                        
                        
                        <port name="ManagerLinks_Port"
                              binding="{http://xmlns.oracle.com/Enterprise/Tools/services}ManagerLinks_Binding">
                           
                           
                           <soap addressUrl="https://pssoadev.darden.com/PSIGW/PeopleSoftServiceListeningConnector"
                                 xmlns="http://schemas.xmlsoap.org/wsdl/soap/"/>
                           
                           
                           <operation name="GetMgrLinks">
                              
                              
                              <soap soapAction="GetMgrLinks.v1" xmlns="http://schemas.xmlsoap.org/wsdl/soap/"/>
                              
                              
                              <output name="PSMgrLinksResponse.v1"/>
                              
                              
                              <input name="PSMgrLinksRequest.v1"/>
                              
                           
                           </operation>
                           
                        
                        </port>
                        
                     
                     </service>
                     
                  
                  </model>
                  
               
               </wsconnection>
            </Contents>
         </XmlRefAddr>
      </RefAddresses>
   </Reference>
   <Reference name="Discussions" className="oracle.adf.mbean.share.connection.webcenter.forum.ForumConnection"
              partial="false" manageInOracleEnterpriseManager="true" deployable="true" xmlns="">
      <Factory className="oracle.adf.mbean.share.connection.webcenter.forum.ForumConnectionFactory"/>
      <RefAddresses>
         <StringRefAddr addrType="forum.url">
            <Contents>http://pawebd1.darden.com:8890/owc_discussions</Contents>
         </StringRefAddr>
         <StringRefAddr addrType="admin.user">
            <Contents>oracleldap</Contents>
         </StringRefAddr>
         <StringRefAddr addrType="connection.time.out">
            <Contents></Contents>
         </StringRefAddr>
         <StringRefAddr addrType="policy.uri.for.auth.access">
            <Contents>oracle/wss10_saml_token_client_policy</Contents>
         </StringRefAddr>
         <StringRefAddr addrType="policy.uri.for.public.access">
            <Contents></Contents>
         </StringRefAddr>
         <StringRefAddr addrType="recipient.key.alias">
            <Contents></Contents>
         </StringRefAddr>
         <StringRefAddr addrType="adapter.name">
            <Contents>Jive</Contents>
         </StringRefAddr>
      </RefAddresses>
   </Reference>
   <Reference name="SESConnection"
              className="oracle.adf.mbean.share.connection.webcenter.search.SesConnectionReferenceable" partial="true"
              manageInOracleEnterpriseManager="true" deployable="true" xmlns="">
      <Factory className="oracle.adf.mbean.share.connection.webcenter.search.SesConnectionFactory"/>
      <RefAddresses>
         <XmlRefAddr addrType="SesConfig">
            <Contents>
               <SesConfig>
                  
                  
                  <AttributeMap>
                     
                     
                     <Attribute name="date">
                        
                        
                        <SesAttribute>LastModifiedDate</SesAttribute>
                        
                     
                     </Attribute>
                     
                     
                     <Attribute name="person">
                        
                        
                        <SesAttribute>Author</SesAttribute>
                        
                     
                     </Attribute>
                     
                  
                  </AttributeMap>
                  
                  
                  <SoapUrl>http://seswebd1.darden.com:7777/search/query/OracleSearch</SoapUrl>
                  
               
               </SesConfig>
            </Contents>
         </XmlRefAddr>
         <StringRefAddr addrType="appUsername">
            <Contents>devsearch</Contents>
         </StringRefAddr>
      </RefAddresses>
   </Reference>
   <Reference name="webcenter/OperationsReport" className="oracle.jdeveloper.db.adapter.DatabaseProvider"
              partial="false" manageInOracleEnterpriseManager="true" deployable="true" xmlns="">
      <Factory className="oracle.jdeveloper.db.adapter.DatabaseProviderFactory"/>
      <RefAddresses>
         <StringRefAddr addrType="sid">
            <Contents>PADBDEV</Contents>
         </StringRefAddr>
         <StringRefAddr addrType="oraDriverType">
            <Contents>thin</Contents>
         </StringRefAddr>
         <StringRefAddr addrType="port">
            <Contents>1521</Contents>
         </StringRefAddr>
         <StringRefAddr addrType="DeployPassword">
            <Contents>true</Contents>
         </StringRefAddr>
         <StringRefAddr addrType="user">
            <Contents>portal_read</Contents>
         </StringRefAddr>
         <StringRefAddr addrType="subtype">
            <Contents>oraJDBC</Contents>
         </StringRefAddr>
         <StringRefAddr addrType="hostname">
            <Contents>172.20.210.41</Contents>
         </StringRefAddr>
         <StringRefAddr addrType="SavePassword">
            <Contents>false</Contents>
         </StringRefAddr>
      </RefAddresses>
   </Reference>
   <Reference name="WebCenterDS" className="oracle.jdeveloper.db.adapter.DatabaseProvider" partial="true"
              manageInOracleEnterpriseManager="true" deployable="true" xmlns="">
      <Factory className="oracle.jdeveloper.db.adapter.DatabaseProviderFactory"/>
      <RefAddresses>
         <StringRefAddr addrType="sid">
            <Contents>padbdev</Contents>
         </StringRefAddr>
         <StringRefAddr addrType="oraDriverType">
            <Contents>thin</Contents>
         </StringRefAddr>
         <StringRefAddr addrType="port">
            <Contents>1521</Contents>
         </StringRefAddr>
         <StringRefAddr addrType="DeployPassword">
            <Contents>true</Contents>
         </StringRefAddr>
         <StringRefAddr addrType="user">
            <Contents>dev_webcenter</Contents>
         </StringRefAddr>
         <StringRefAddr addrType="role">
            <Contents></Contents>
         </StringRefAddr>
         <StringRefAddr addrType="subtype">
            <Contents>oraJDBC</Contents>
         </StringRefAddr>
         <StringRefAddr addrType="hostname">
            <Contents>padbd1.darden.com</Contents>
         </StringRefAddr>
      </RefAddresses>
   </Reference>
   <Reference name="GetEmployeesByJobClassBindingQSService"
              className="oracle.adf.model.connection.webservice.impl.WebServiceConnectionImpl" partial="false"
              manageInOracleEnterpriseManager="true" deployable="true" xmlns="">
      <Factory className="oracle.adf.model.connection.webservice.api.WebServiceConnectionFactory"/>
      <RefAddresses>
         <XmlRefAddr addrType="WebServiceConnection">
            <Contents>
               <wsconnection description="https://osbwlstst1.darden.com/osb/RestaurantStaffService?Wsdl"
                             service="{http://www.darden.com/OSB-Service/EmployeeRegistration}GetEmployeesByJobClassBindingQSService">
                  
                  
                  <model name="{http://www.darden.com/OSB-Service/EmployeeRegistration}GetEmployeesByJobClassBindingQSService"
                         xmlns="http://oracle.com/ws/model">
                     
                     
                     <service name="{http://www.darden.com/OSB-Service/EmployeeRegistration}GetEmployeesByJobClassBindingQSService">
                        
                        
                        <port name="GetEmployeesByJobClassBindingQSPort"
                              binding="{http://www.darden.com/OSB-Service/EmployeeRegistration}GetEmployeesByJobClassBinding">
                           
                           
                           <soap addressUrl="https://osbwlstst1.darden.com/osb/RestaurantStaffService"
                                 xmlns="http://schemas.xmlsoap.org/wsdl/soap/"/>
                           
                           
                           <operation name="GetEmployeesByJobClass">
                              
                              
                              <soap soapAction="http://www.darden.com/OSB-Service/EmployeeRegistration/GetEmployeesByJobClass"
                                    xmlns="http://schemas.xmlsoap.org/wsdl/soap/"/>
                              
                              
                              <output name=""/>
                              
                              
                              <input name=""/>
                              
                           
                           </operation>
                           
                        
                        </port>
                        
                     
                     </service>
                     
                  
                  </model>
                  
               
               </wsconnection>
            </Contents>
         </XmlRefAddr>
      </RefAddresses>
   </Reference>
   <Reference name="EmployeeOnTheMovesService"
              className="oracle.adf.model.connection.webservice.impl.WebServiceConnectionImpl" partial="false"
              manageInOracleEnterpriseManager="true" deployable="true" xmlns="">
      <Factory className="oracle.adf.model.connection.webservice.api.WebServiceConnectionFactory"/>
      <RefAddresses>
         <XmlRefAddr addrType="WebServiceConnection">
            <Contents>
               <wsconnection description="https://osbwlstst1.darden.com/osb/EmployeeOnTheMoveServiceV2?wsdl"
                             service="{http://www.darden.com/OSB-Service/EmployeeOnTheMoves}EmployeeOnTheMovesService">
                  
                  
                  <model name="{http://www.darden.com/OSB-Service/EmployeeOnTheMoves}EmployeeOnTheMovesService"
                         xmlns="http://oracle.com/ws/model">
                     
                     
                     <service name="{http://www.darden.com/OSB-Service/EmployeeOnTheMoves}EmployeeOnTheMovesService">
                        
                        
                        <port name="OnTheMovesPort"
                              binding="{http://www.darden.com/OSB-Service/EmployeeOnTheMoves}OnTheMovesBinding">
                           
                           
                           <soap addressUrl="https://osbwlstst1.darden.com/osb/EmployeeOnTheMoveServiceV2"
                                 xmlns="http://schemas.xmlsoap.org/wsdl/soap/"/>
                           
                           
                           <operation name="GetOnTheMoves">
                              
                              
                              <soap xmlns="http://schemas.xmlsoap.org/wsdl/soap/"/>
                              
                              
                              <input name=""/>
                              
                              
                              <output name=""/>
                              
                           
                           </operation>
                           
                        
                        </port>
                        
                     
                     </service>
                     
                  
                  </model>
                  
               
               </wsconnection>
            </Contents>
         </XmlRefAddr>
      </RefAddresses>
   </Reference>
   <Reference name="ESSLinks" className="oracle.adf.model.connection.webservice.impl.WebServiceConnectionImpl"
              partial="true" manageInOracleEnterpriseManager="true" deployable="true" xmlns="">
      <Factory className="oracle.adf.model.connection.webservice.api.WebServiceConnectionFactory"/>
   </Reference>
   <Reference name="SpacesWebServiceEndpoint" className="oracle.adf.model.connection.url.HttpURLConnection"
              partial="false" manageInOracleEnterpriseManager="true" deployable="true" xmlns="">
      <Factory className="oracle.adf.model.connection.url.URLConnectionFactory"/>
      <RefAddresses>
         <XmlRefAddr addrType="SpacesWebServiceEndpoint">
            <Contents>
               <urlconnection name="SpacesWebServiceEndpoint"
                              url="http://pawebd1.darden.com:8888/webcenter/SpacesWebService"/>
            </Contents>
         </XmlRefAddr>
      </RefAddresses>
   </Reference>
   <Reference name="RestaurantEmployeeTimeOffService"
              className="oracle.adf.model.connection.webservice.impl.WebServiceConnectionImpl" partial="false"
              manageInOracleEnterpriseManager="true" deployable="true" xmlns="">
      <Factory className="oracle.adf.model.connection.webservice.api.WebServiceConnectionFactory"/>
      <RefAddresses>
         <XmlRefAddr addrType="WebServiceConnection">
            <Contents>
               <wsconnection description="https://osbwlstst1.darden.com/osb/RestaurantEmployeeTimeOffService?Wsdl"
                             service="{http://www.darden.com/OSB-Service/RestaurantEmployeeTimeOff}RestaurantEmployeeTimeOffService">
                  
                  
                  <model name="{http://www.darden.com/OSB-Service/RestaurantEmployeeTimeOff}RestaurantEmployeeTimeOffService"
                         xmlns="http://oracle.com/ws/model">
                     
                     
                     <service name="{http://www.darden.com/OSB-Service/RestaurantEmployeeTimeOff}RestaurantEmployeeTimeOffService">
                        
                        
                        <port name="RestaurantEmployeeTimeOffPort"
                              binding="{http://www.darden.com/OSB-Service/RestaurantEmployeeTimeOff}RestaurantEmployeeTimeOffBinding">
                           
                           
                           <soap addressUrl="https://osbwlstst1.darden.com/osb/RestaurantEmployeeTimeOffService"
                                 xmlns="http://schemas.xmlsoap.org/wsdl/soap/"/>
                           
                           
                           <operation name="GetTimeOffBlockedDates">
                              
                              
                              <soap xmlns="http://schemas.xmlsoap.org/wsdl/soap/"/>
                              
                              
                              <input name=""/>
                              
                              
                              <output name=""/>
                              
                           
                           </operation>
                           
                           
                           <operation name="ProcessTimeOff">
                              
                              
                              <soap xmlns="http://schemas.xmlsoap.org/wsdl/soap/"/>
                              
                              
                              <input name=""/>
                              
                              
                              <output name=""/>
                              
                           
                           </operation>
                           
                        
                        </port>
                        
                     
                     </service>
                     
                  
                  </model>
                  
               
               </wsconnection>
            </Contents>
         </XmlRefAddr>
      </RefAddresses>
   </Reference>
   <Reference name="GiftCardServiceV3" className="oracle.adf.model.connection.webservice.impl.WebServiceConnectionImpl"
              partial="false" manageInOracleEnterpriseManager="true" deployable="true" xmlns="">
      <Factory className="oracle.adf.model.connection.webservice.api.WebServiceConnectionFactory"/>
      <RefAddresses>
         <XmlRefAddr addrType="WebServiceConnection">
            <Contents>
               <wsconnection description="https://osbwlsstg.darden.com/osb/RestaurantInformationService?Wsdl"
                             service="{http://www.darden.com/Global/GiftCardService/V1}GiftCardServiceSOAP11BindingQSService1">
                  
                  
                  <model name="{http://www.darden.com/Global/GiftCardService/V1}GiftCardServiceSOAP11BindingQSService1"
                         xmlns="http://oracle.com/ws/model">
                     
                     
                     <service name="{http://www.darden.com/Global/GiftCardService/V1}GiftCardServiceSOAP11BindingQSService1">
                        
                        
                        <port name="GiftCardServiceSOAP11BindingQSPort1"
                              binding="{http://www.darden.com/Global/GiftCardService/V1}GiftCardServiceSOAP11Binding"
                              portType="{http://www.darden.com/Global/GiftCardService/V1}GiftCardServicePortType">
                           
                           
                           <soap addressUrl="https://osbwlsstg.darden.com/osb/GiftCardServiceV3?wsdl"
                                 xmlns="http://schemas.xmlsoap.org/wsdl/soap/"/>
                           
                           
                           <operation name="CheckBalance">
                              
                              
                              <soap soapAction="http://www.darden.com/Global/GiftCardService/V1/CheckBalance"
                                    xmlns="http://schemas.xmlsoap.org/wsdl/soap/"/>
                              
                              
                              <input name=""/>
                              
                              
                              <output name=""/>
                              
                           
                           </operation>
                           
                           
                           <operation name="GetTransactionHistory">
                              
                              
                              <soap soapAction="http://www.darden.com/Global/GiftCardService/V1/TransactionHistory"
                                    xmlns="http://schemas.xmlsoap.org/wsdl/soap/"/>
                              
                              
                              <input name=""/>
                              
                              
                              <output name=""/>
                              
                           
                           </operation>
                           
                        
                        </port>
                        
                     
                     </service>
                     
                  
                  </model>
                  
               
               </wsconnection>
            </Contents>
         </XmlRefAddr>
      </RefAddresses>
   </Reference>
   <Reference name="RestaurantEmployeeLaborService"
              className="oracle.adf.model.connection.webservice.impl.WebServiceConnectionImpl" partial="false"
              manageInOracleEnterpriseManager="true" deployable="true" xmlns="">
      <Factory className="oracle.adf.model.connection.webservice.api.WebServiceConnectionFactory"/>
      <RefAddresses>
         <XmlRefAddr addrType="WebServiceConnection">
            <Contents>
               <wsconnection description="https://osbwlstst1.darden.com/osb/RestaurantEmployeeLaborService?Wsdl"
                             service="{http://www.darden.com/OSB-Service/RestaurantEmployeeLabor}RestaurantEmployeeLaborService">
                  
                  
                  <model name="{http://www.darden.com/OSB-Service/RestaurantEmployeeLabor}RestaurantEmployeeLaborService"
                         xmlns="http://oracle.com/ws/model">
                     
                     
                     <service name="{http://www.darden.com/OSB-Service/RestaurantEmployeeLabor}RestaurantEmployeeLaborService">
                        
                        
                        <port name="RestaurantEmployeeLaborPort"
                              binding="{http://www.darden.com/OSB-Service/RestaurantEmployeeLabor}RestaurantEmployeeLaborBinding">
                           
                           
                           <soap addressUrl="https://osbwlstst1.darden.com/osb/RestaurantEmployeeLaborService"
                                 xmlns="http://schemas.xmlsoap.org/wsdl/soap/"/>
                           
                           
                           <operation name="CancelShift">
                              
                              
                              <soap xmlns="http://schemas.xmlsoap.org/wsdl/soap/"/>
                              
                              
                              <output name=""/>
                              
                              
                              <input name=""/>
                              
                           
                           </operation>
                           
                           
                           <operation name="GetEmployeeSchedule">
                              
                              
                              <soap xmlns="http://schemas.xmlsoap.org/wsdl/soap/"/>
                              
                              
                              <output name=""/>
                              
                              
                              <input name=""/>
                              
                           
                           </operation>
                           
                           
                           <operation name="ProcessShift">
                              
                              
                              <soap xmlns="http://schemas.xmlsoap.org/wsdl/soap/"/>
                              
                              
                              <output name=""/>
                              
                              
                              <input name=""/>
                              
                           
                           </operation>
                           
                           
                           <operation name="ProcessInitiateShift">
                              
                              
                              <soap xmlns="http://schemas.xmlsoap.org/wsdl/soap/"/>
                              
                              
                              <output name=""/>
                              
                              
                              <input name=""/>
                              
                           
                           </operation>
                           
                           
                           <operation name="GetEmployeeDashboard">
                              
                              
                              <soap xmlns="http://schemas.xmlsoap.org/wsdl/soap/"/>
                              
                              
                              <output name=""/>
                              
                              
                              <input name=""/>
                              
                           
                           </operation>
                           
                        
                        </port>
                        
                     
                     </service>
                     
                  
                  </model>
                  
               
               </wsconnection>
            </Contents>
         </XmlRefAddr>
      </RefAddresses>
   </Reference>
   <Reference name="RestaurantInformationService"
              className="oracle.adf.model.connection.webservice.impl.WebServiceConnectionImpl" partial="false"
              manageInOracleEnterpriseManager="true" deployable="true" xmlns="">
      <Factory className="oracle.adf.model.connection.webservice.api.WebServiceConnectionFactory"/>
      <RefAddresses>
         <XmlRefAddr addrType="WebServiceConnection">
            <Contents>
               <wsconnection description="https://osbwlstst1.darden.com/osb/RestaurantInformationService?wsdl"
                             service="{http://darden.com/Global/RestaurantInformationService/V1}RestaurantInformationService">
                  
                  
                  <model name="{http://darden.com/Global/RestaurantInformationService/V1}RestaurantInformationService"
                         xmlns="http://oracle.com/ws/model">
                     
                     
                     <service name="{http://darden.com/Global/RestaurantInformationService/V1}RestaurantInformationService">
                        
                        
                        <port name="RestaurantInformationServicePort"
                              binding="{http://darden.com/Global/RestaurantInformationService/V1}RestaurantInformationBinding">
                           
                           
                           <soap addressUrl="https://osbwlstst1.darden.com/osb/RestaurantInformationService"
                                 xmlns="http://schemas.xmlsoap.org/wsdl/soap/"/>
                           
                           
                           <operation name="GetCorporations">
                              
                              
                              <soap xmlns="http://schemas.xmlsoap.org/wsdl/soap/"/>
                              
                              
                              <input name=""/>
                              
                              
                              <output name=""/>
                              
                           
                           </operation>
                           
                           
                           <operation name="GetDivisions">
                              
                              
                              <soap xmlns="http://schemas.xmlsoap.org/wsdl/soap/"/>
                              
                              
                              <input name=""/>
                              
                              
                              <output name=""/>
                              
                           
                           </operation>
                           
                           
                           <operation name="GetRegions">
                              
                              
                              <soap xmlns="http://schemas.xmlsoap.org/wsdl/soap/"/>
                              
                              
                              <input name=""/>
                              
                              
                              <output name=""/>
                              
                           
                           </operation>
                           
                           
                           <operation name="GetLocations">
                              
                              
                              <soap xmlns="http://schemas.xmlsoap.org/wsdl/soap/"/>
                              
                              
                              <input name=""/>
                              
                              
                              <output name=""/>
                              
                           
                           </operation>
                           
                           
                           <operation name="GetAreas">
                              
                              
                              <soap xmlns="http://schemas.xmlsoap.org/wsdl/soap/"/>
                              
                              
                              <input name=""/>
                              
                              
                              <output name=""/>
                              
                           
                           </operation>
                           
                        
                        </port>
                        
                     
                     </service>
                     
                  
                  </model>
                  
               
               </wsconnection>
            </Contents>
         </XmlRefAddr>
      </RefAddresses>
   </Reference>
   <Reference name="Worklist" className="oracle.adf.mbean.share.connection.webcenter.bpel.BPELConnection"
              partial="false" manageInOracleEnterpriseManager="true" deployable="true" xmlns="">
      <Factory className="oracle.webcenter.bpel.config.BPELConnectionFactory"/>
      <RefAddresses>
         <StringRefAddr addrType="URL">
            <Contents>http://172.20.210.94:8010</Contents>
         </StringRefAddr>
         <StringRefAddr addrType="PolicyURI">
            <Contents>oracle/wss10_saml_token_client_policy</Contents>
         </StringRefAddr>
         <StringRefAddr addrType="RecipientKeyAlias">
            <Contents></Contents>
         </StringRefAddr>
         <StringRefAddr addrType="LinkURL">
            <Contents></Contents>
         </StringRefAddr>
      </RefAddresses>
   </Reference>
   <Reference name="EmployeeProfileService"
              className="oracle.adf.model.connection.webservice.impl.WebServiceConnectionImpl" partial="false"
              manageInOracleEnterpriseManager="true" deployable="true" xmlns="">
      <Factory className="oracle.adf.model.connection.webservice.api.WebServiceConnectionFactory"/>
      <RefAddresses>
         <XmlRefAddr addrType="WebServiceConnection">
            <Contents>
               <wsconnection description="https://osbwlstst1.darden.com/osb/EmployeeProfileService?Wsdl"
                             service="{http://www.darden.com/OSB-Service/EmployeeProfile}EmployeeProfileService">
                  
                  
                  <model name="{http://www.darden.com/OSB-Service/EmployeeProfile}EmployeeProfileService"
                         xmlns="http://oracle.com/ws/model">
                     
                     
                     <service name="{http://www.darden.com/OSB-Service/EmployeeProfile}EmployeeProfileService">
                        
                        
                        <port name="EmployeeProfilePort"
                              binding="{http://www.darden.com/OSB-Service/EmployeeProfile}EmployeeProfileBinding">
                           
                           
                           <soap addressUrl="https://osbwlstst1.darden.com/osb/EmployeeProfileService"
                                 xmlns="http://schemas.xmlsoap.org/wsdl/soap/"/>
                           
                           
                           <operation name="ProcessEmpProfile">
                              
                              
                              <soap xmlns="http://schemas.xmlsoap.org/wsdl/soap/"/>
                              
                              
                              <input name=""/>
                              
                              
                              <output name=""/>
                              
                           
                           </operation>
                           
                           
                           <operation name="GetEmpProfile">
                              
                              
                              <soap xmlns="http://schemas.xmlsoap.org/wsdl/soap/"/>
                              
                              
                              <input name=""/>
                              
                              
                              <output name=""/>
                              
                           
                           </operation>
                           
                        
                        </port>
                        
                     
                     </service>
                     
                  
                  </model>
                  
               
               </wsconnection>
            </Contents>
         </XmlRefAddr>
      </RefAddresses>
   </Reference>
   <Reference name="LocationQueryService"
              className="oracle.adf.model.connection.webservice.impl.WebServiceConnectionImpl" partial="false"
              manageInOracleEnterpriseManager="true" deployable="true" xmlns="">
      <Factory className="oracle.adf.model.connection.webservice.api.WebServiceConnectionFactory"/>
      <RefAddresses>
         <XmlRefAddr addrType="WebServiceConnection">
            <Contents>
               <wsconnection description="https://osbtest.darden.com/osb/LocationQueryServiceV1?wsdl"
                             service="{http://www.darden.com/LocationQueryService}LocationQueryService">
                  
                  
                  <model name="{http://www.darden.com/LocationQueryService}LocationQueryService"
                         xmlns="http://oracle.com/ws/model">
                     
                     
                     <service name="{http://www.darden.com/LocationQueryService}LocationQueryService">
                        
                        
                        <port name="LocationQueryServicePort"
                              binding="{http://www.darden.com/LocationQueryService}LocationQueryService_SOAPBinding">
                           
                           
                           <soap addressUrl="https://osbtest.darden.com:443/osb/LocationQueryServiceV1"
                                 xmlns="http://schemas.xmlsoap.org/wsdl/soap/"/>
                           
                           
                           <operation name="Search">
                              
                              
                              <soap soapAction="Search" xmlns="http://schemas.xmlsoap.org/wsdl/soap/"/>
                              
                              
                              <input name="Search"/>
                              
                              
                              <output name="SearchResponse"/>
                              
                           
                           </operation>
                           
                        
                        </port>
                        
                     
                     </service>
                     
                  
                  </model>
                  
               
               </wsconnection>
            </Contents>
         </XmlRefAddr>
      </RefAddresses>
   </Reference>
   <Reference name="ActivitiesDS" className="oracle.jdeveloper.db.adapter.DatabaseProvider" partial="true"
              manageInOracleEnterpriseManager="true" deployable="true" xmlns="">
      <Factory className="oracle.jdeveloper.db.adapter.DatabaseProviderFactory"/>
      <RefAddresses>
         <StringRefAddr addrType="sid">
            <Contents>padbdev</Contents>
         </StringRefAddr>
         <StringRefAddr addrType="oraDriverType">
            <Contents>thin</Contents>
         </StringRefAddr>
         <StringRefAddr addrType="port">
            <Contents>1521</Contents>
         </StringRefAddr>
         <StringRefAddr addrType="DeployPassword">
            <Contents>true</Contents>
         </StringRefAddr>
         <StringRefAddr addrType="user">
            <Contents>dev_activities</Contents>
         </StringRefAddr>
         <StringRefAddr addrType="subtype">
            <Contents>oraJDBC</Contents>
         </StringRefAddr>
         <StringRefAddr addrType="hostname">
            <Contents>padbd1.darden.com</Contents>
         </StringRefAddr>
      </RefAddresses>
   </Reference>
   <Reference name="GiftCardServiceSOAP11BindingQSService"
              className="oracle.adf.model.connection.webservice.impl.WebServiceConnectionImpl" partial="true"
              manageInOracleEnterpriseManager="true" deployable="true" xmlns="">
      <Factory className="oracle.adf.model.connection.webservice.api.WebServiceConnectionFactory"/>
   </Reference>
   <Reference name="UCM" className="oracle.vcr.jam.JamRepository" partial="false" manageInOracleEnterpriseManager="true"
              deployable="true" xmlns="">
      <Factory className="oracle.vcr.jam.JamRepositoryFactory"/>
      <RefAddresses>
         <StringRefAddr addrType="oracle.vcr.jam.factoryClassName">
            <Contents>oracle.jcr.OracleRepositoryFactory</Contents>
         </StringRefAddr>
         <StringRefAddr addrType="oracle.vcr.jam.repositoryClassName">
            <Contents>javax.jcr.Repository</Contents>
         </StringRefAddr>
         <StringRefAddr addrType="oracle.vcr.jam.repositoryTypeID">
            <Contents>oracle.stellent.jcr</Contents>
         </StringRefAddr>
         <StringRefAddr addrType="oracle.vcr.jam.authenticationMethod">
            <Contents>IDENTITY_PROPAGATION</Contents>
         </StringRefAddr>
         <StringRefAddr addrType="oracle.jcr.framework.version">
            <Contents>11.1.0.0.0</Contents>
         </StringRefAddr>
         <StringRefAddr addrType="oracle.jcr.configuration.className">
            <Contents>oracle.stellent.jcr.IdcRepositoryConfiguration</Contents>
         </StringRefAddr>
         <StringRefAddr addrType="oracle.jcr.configuration.factoryClassName">
            <Contents>oracle.stellent.jcr.IdcRepositoryConfigurationFactory</Contents>
         </StringRefAddr>
         <StringRefAddr addrType="jcr.repository.version">
            <Contents>10.1.3.2.0</Contents>
         </StringRefAddr>
         <StringRefAddr addrType="oracle.stellent.jcr.configuration.cis.config.socket.type">
            <Contents>socket</Contents>
         </StringRefAddr>
         <StringRefAddr addrType="oracle.stellent.jcr.configuration.server.host">
            <Contents>ecmwebd1a.darden.com</Contents>
         </StringRefAddr>
         <StringRefAddr addrType="oracle.stellent.jcr.configuration.server.port">
            <Contents>4442</Contents>
         </StringRefAddr>
         <StringRefAddr addrType="oracle.stellent.jcr.configuration.server.web.contextRoot">
            <Contents>/cs</Contents>
         </StringRefAddr>
         <StringRefAddr addrType="oracle.stellent.jcr.configuration.server.admin.username">
            <Contents>sysadmin</Contents>
         </StringRefAddr>
      </RefAddresses>
   </Reference>
   <Reference name="DishDB" className="oracle.jdeveloper.db.adapter.DatabaseProvider" partial="true"
              manageInOracleEnterpriseManager="true" deployable="true" xmlns="">
      <Factory className="oracle.jdeveloper.db.adapter.DatabaseProviderFactory"/>
      <RefAddresses>
         <StringRefAddr addrType="instanceName">
            <Contents>sql2012test</Contents>
         </StringRefAddr>
         <StringRefAddr addrType="subtype">
            <Contents>SQLServer</Contents>
         </StringRefAddr>
         <StringRefAddr addrType="user">
            <Contents>iisuser</Contents>
         </StringRefAddr>
         <StringRefAddr addrType="hostname">
            <Contents>rscsqldv02</Contents>
         </StringRefAddr>
         <StringRefAddr addrType="DeployPassword">
            <Contents>true</Contents>
         </StringRefAddr>
         <StringRefAddr addrType="driver">
            <Contents>com.microsoft.sqlserver.jdbc.SQLServerDriver</Contents>
         </StringRefAddr>
         <StringRefAddr addrType="dataSourceName">
            <Contents>dish</Contents>
         </StringRefAddr>
      </RefAddresses>
   </Reference>
</References>