<?xml version="1.0" encoding="UTF-8" ?>
<pageDefinition xmlns="http://xmlns.oracle.com/adfm/uimodel" version="12.2.1.22.48" id="ffataContentPageDef"
                Package="fragments.ffatarejects">
  <parameters/>
   <executables>
    <variableIterator id="variables"/>
    <iterator Binds="FfataMessageLogView" RangeSize="25" DataControl="GACommonServiceDataControl"
              id="FfataMessageLogViewIterator"/>
  </executables>
   
  <bindings>
    <action IterBinding="FfataMessageLogViewIterator" id="Delete1" RequiresUpdateModel="false"
            Action="removeCurrentRow"/>
    <action IterBinding="FfataMessageLogViewIterator" id="CreateInsert" RequiresUpdateModel="true"
            Action="createInsertRow"/>
    <tree IterBinding="FfataMessageLogViewIterator" id="FfataMessageLogView">
      <nodeDefinition DefName="gov.usda.fs.nrm.gacommon.model.dataaccess.ffatarejects.FfataMessageLogView"
                      Name="FfataMessageLogView0">
        <AttrNames>
          <Item Value="Agency"/>
          <Item Value="TransmissionNum"/>
          <Item Value="ErrorNum"/>
          <Item Value="Fain"/>
          <Item Value="ErrorField"/>
          <Item Value="ErrorFieldData"/>
          <Item Value="Status"/>
          <Item Value="Loc"/>
          <Item Value="StatusDate"/>
          <Item Value="InternalMessage"/>
        </AttrNames>
      </nodeDefinition>
    </tree>
  </bindings>
</pageDefinition>
