<?xml version='1.0' encoding='windows-1252' ?>
<!DOCTYPE ViewObject SYSTEM "jbo_03_01.dtd">
<!---->

<ViewObject
   xmlns="http://xmlns.oracle.com/bc4j"
   Name="ContactGrantView"
   Version="12.2.1.22.48"
   BindingStyle="OracleName"
   CustomQuery="true"
   ComponentClass="gov.usda.fs.nrm.gacommon.model.dataaccess.contreplace.ContactGrantViewImpl"
   PageIterMode="Partial"
   AccessMode="DEFAULT">
   <DesignTime>
      <Attr Name="_codeGenFlag2" Value="Coll|VarAccess" />
      <Attr Name="_isExpertMode" Value="true" />
   </DesignTime>
   <Variable
      Name="contactCn"
      Kind="where"
      Type="java.lang.String"
      DefaultValue="0" >
      <Properties>
         <SchemaBasedProperties>
            <LABEL
               ResId="gov.usda.fs.nrm.gacommon.model.dataaccess.contreplace.ContactGrantView.contactCn_LABEL" >
            </LABEL>
         </SchemaBasedProperties>
      </Properties>
   </Variable>
   <Variable
      Name="managingContCn"
      Kind="where"
      Type="java.lang.String"
      DefaultValue="0" >
      <Properties>
         <SchemaBasedProperties>
            <LABEL
               ResId="gov.usda.fs.nrm.gacommon.model.dataaccess.contreplace.ContactGrantView.managingContCn_LABEL" >
            </LABEL>
         </SchemaBasedProperties>
      </Properties>
   </Variable>
   <SQLQuery><![CDATA[select /* +choose */ grants.CN    
      ,grants.APPLICATION_ID   
      ,decode (grants.fed_id_fy, null, null,     
       (substr(grants.fed_id_fy, 3,4) || '-' ||grants.fed_id_type || '-' || grants.fed_id_agency ||    
       grants.fed_id_region || grants.fed_id_unit || grants.fed_id_subunit|| '-' ||    
       trim(to_char (grants.fed_id_seq, '099')))) as ID     
      ,grants.applicant_name   
      ,grants.PROJ_TITLE  
      ,(select id from ii_contacts where cn = grants.managing_cont_cn) MANAGING_ORG   
      ,grants.APP_RECEIVED_DATE   
      ,replace (grants.STATUS, 'APP-', 'PROP-') as STATUS   
      ,grants.STATUS_DATE                 
      ,grants.proj_expiration_dt as ExpDate   
      ,trunc(sysdate) - trunc(grants.STATUS_DATE) AS RecordAge   
      ,grants.NAME   
      ,grants.Cn as grant_cn   
      ,grants.FED_ID_FY   
      ,grants.FED_ID_TYPE   
      ,grants.FED_ID_AGENCY   
      ,grants.FED_ID_REGION   
      ,grants.FED_ID_UNIT   
      ,grants.FED_ID_SUBUNIT   
      ,grants.FED_ID_SEQ   
      ,grants.Managing_cont_cn   
      ,grants.MASTER_FED_ID   
      ,grants.OBJ_NAME    
from II_AI_GA_APP_V grants    
where grants.cn in    
(select links.ACCINST_CN from ii_accinst_cont_links links    
where links.CONT_CN like :contactCn)   
and grants.MANAGING_CONT_CN like :managingContCn    
and grants.STATUS not in ('GA-CLOSED','GA-CANCELLED')    
AND grants.CN NOT IN   
                  (SELECT   cc.grant_cn   
                     FROM   ii_contacts_cleanup cc   
                    WHERE   cc.status = 'PENDING' AND cc.ga_ind = 'Y'    
                            and cc.REASSIGN_IND = 'Y')]]></SQLQuery>
   <ViewAttribute
      Name="Cn"
      IsUpdateable="false"
      IsPersistent="false"
      IsNotNull="true"
      Precision="34"
      Type="java.lang.String"
      ColumnType="VARCHAR2"
      AliasName="CN"
      Expression="CN"
      SQLType="VARCHAR">
      <DesignTime>
         <Attr Name="_DisplaySize" Value="34" />
      </DesignTime>
      <Properties>
         <SchemaBasedProperties>
            <LABEL
               ResId="Cn_LABEL"/>
         </SchemaBasedProperties>
      </Properties>
   </ViewAttribute>
   <ViewAttribute
      Name="ApplicationId"
      IsUpdateable="false"
      IsPersistent="false"
      Precision="34"
      Type="java.lang.String"
      ColumnType="VARCHAR2"
      AliasName="APPLICATION_ID"
      Expression="APPLICATION_ID"
      SQLType="VARCHAR" >
      <DesignTime>
         <Attr Name="_DisplaySize" Value="34" />
      </DesignTime>
      <Properties>
         <SchemaBasedProperties>
            <LABEL
               ResId="gov.usda.fs.nrm.gacommon.model.dataaccess.contreplace.ContactGrantView.ApplicationId_LABEL" >
            </LABEL>
         </SchemaBasedProperties>
      </Properties>
   </ViewAttribute>
   <ViewAttribute
      Name="Id"
      IsUpdateable="false"
      IsPersistent="false"
      Precision="19"
      Type="java.lang.String"
      ColumnType="VARCHAR2"
      AliasName="ID"
      Expression="ID"
      SQLType="VARCHAR" >
      <DesignTime>
         <Attr Name="_DisplaySize" Value="19" />
      </DesignTime>
      <Properties>
         <SchemaBasedProperties>
            <LABEL
               ResId="gov.usda.fs.nrm.gacommon.model.dataaccess.contreplace.ContactGrantView.Id_LABEL" >
            </LABEL>
         </SchemaBasedProperties>
      </Properties>
   </ViewAttribute>
   <ViewAttribute
      Name="ApplicantName"
      IsUpdateable="false"
      IsPersistent="false"
      Precision="200"
      Type="java.lang.String"
      ColumnType="VARCHAR2"
      AliasName="APPLICANT_NAME"
      Expression="APPLICANT_NAME"
      SQLType="VARCHAR" >
      <DesignTime>
         <Attr Name="_DisplaySize" Value="200" />
      </DesignTime>
      <Properties>
         <SchemaBasedProperties>
            <LABEL
               ResId="gov.usda.fs.nrm.gacommon.model.dataaccess.contreplace.ContactGrantView.ApplicantName_LABEL" >
            </LABEL>
         </SchemaBasedProperties>
      </Properties>
   </ViewAttribute>
   <ViewAttribute
      Name="ProjTitle"
      IsUpdateable="false"
      IsPersistent="false"
      Precision="200"
      Type="java.lang.String"
      ColumnType="VARCHAR2"
      AliasName="PROJ_TITLE"
      Expression="PROJ_TITLE"
      SQLType="VARCHAR" >
      <DesignTime>
         <Attr Name="_DisplaySize" Value="200" />
      </DesignTime>
      <Properties>
         <SchemaBasedProperties>
            <LABEL
               ResId="gov.usda.fs.nrm.gacommon.model.dataaccess.contreplace.ContactGrantView.ProjTitle_LABEL" >
            </LABEL>
         </SchemaBasedProperties>
      </Properties>
   </ViewAttribute>
   <ViewAttribute
      Name="ManagingOrg"
      IsUpdateable="false"
      IsPersistent="false"
      Precision="30"
      Type="java.lang.String"
      ColumnType="VARCHAR2"
      AliasName="MANAGING_ORG"
      Expression="MANAGING_ORG"
      SQLType="VARCHAR">
      <DesignTime>
         <Attr Name="_DisplaySize" Value="30" />
      </DesignTime>
      <Properties>
         <SchemaBasedProperties>
            <LABEL
               ResId="gov.usda.fs.nrm.gacommon.model.dataaccess.contreplace.ContactGrantView.ManagingOrg_LABEL" >
            </LABEL>
         </SchemaBasedProperties>
      </Properties>
   </ViewAttribute>
   <ViewAttribute
      Name="AppReceivedDate"
      IsUpdateable="false"
      IsPersistent="false"
      Type="oracle.jbo.domain.Date"
      ColumnType="DATE"
      AliasName="APP_RECEIVED_DATE"
      Expression="APP_RECEIVED_DATE"
      SQLType="DATE" >
      <DesignTime>
         <Attr Name="_DisplaySize" Value="7" />
      </DesignTime>
      <Properties>
         <SchemaBasedProperties>
            <FMT_FORMAT
               ResId="gov.usda.fs.nrm.gacommon.model.dataaccess.contreplace.ContactGrantView.AppReceivedDate_FMT_FORMAT" >
            </FMT_FORMAT>
            <FMT_FORMATTER
               ResId="gov.usda.fs.nrm.gacommon.model.dataaccess.contreplace.ContactGrantView.AppReceivedDate_FMT_FORMATTER" >
            </FMT_FORMATTER>
            <LABEL
               ResId="gov.usda.fs.nrm.gacommon.model.dataaccess.contreplace.ContactGrantView.AppReceivedDate_LABEL" >
            </LABEL>
         </SchemaBasedProperties>
      </Properties>
   </ViewAttribute>
   <ViewAttribute
      Name="Status"
      IsUpdateable="false"
      IsPersistent="false"
      Precision="200"
      Type="java.lang.String"
      ColumnType="VARCHAR2"
      AliasName="STATUS"
      Expression="STATUS"
      SQLType="VARCHAR" >
      <DesignTime>
         <Attr Name="_DisplaySize" Value="200" />
      </DesignTime>
   </ViewAttribute>
   <ViewAttribute
      Name="StatusDate"
      IsUpdateable="false"
      IsPersistent="false"
      Type="oracle.jbo.domain.Date"
      ColumnType="DATE"
      AliasName="STATUS_DATE"
      Expression="STATUS_DATE"
      SQLType="DATE" >
      <DesignTime>
         <Attr Name="_DisplaySize" Value="7" />
      </DesignTime>
      <Properties>
         <SchemaBasedProperties>
            <LABEL
               ResId="gov.usda.fs.nrm.gacommon.model.dataaccess.contreplace.ContactGrantView.StatusDate_LABEL" >
            </LABEL>
            <FMT_FORMATTER
               ResId="gov.usda.fs.nrm.gacommon.model.dataaccess.contreplace.ContactGrantView.StatusDate_FMT_FORMATTER" >
            </FMT_FORMATTER>
            <FMT_FORMAT
               ResId="gov.usda.fs.nrm.gacommon.model.dataaccess.contreplace.ContactGrantView.StatusDate_FMT_FORMAT" >
            </FMT_FORMAT>
         </SchemaBasedProperties>
      </Properties>
   </ViewAttribute>
   <ViewAttribute
      Name="Expdate"
      IsUpdateable="false"
      IsPersistent="false"
      Type="oracle.jbo.domain.Date"
      ColumnType="DATE"
      AliasName="EXPDATE"
      Expression="EXPDATE"
      SQLType="DATE" >
      <DesignTime>
         <Attr Name="_DisplaySize" Value="7" />
      </DesignTime>
      <Properties>
         <SchemaBasedProperties>
            <LABEL
               ResId="gov.usda.fs.nrm.gacommon.model.dataaccess.contreplace.ContactGrantView.Expdate_LABEL" >
            </LABEL>
            <FMT_FORMATTER
               ResId="gov.usda.fs.nrm.gacommon.model.dataaccess.contreplace.ContactGrantView.Expdate_FMT_FORMATTER" >
            </FMT_FORMATTER>
            <FMT_FORMAT
               ResId="gov.usda.fs.nrm.gacommon.model.dataaccess.contreplace.ContactGrantView.Expdate_FMT_FORMAT" >
            </FMT_FORMAT>
         </SchemaBasedProperties>
      </Properties>
   </ViewAttribute>
   <ViewAttribute
      Name="Recordage"
      IsUpdateable="false"
      IsPersistent="false"
      Type="oracle.jbo.domain.Number"
      ColumnType="NUMBER"
      AliasName="RECORDAGE"
      Expression="RECORDAGE"
      SQLType="NUMERIC" >
      <DesignTime>
         <Attr Name="_DisplaySize" Value="22" />
      </DesignTime>
   </ViewAttribute>
   <ViewAttribute
      Name="Name"
      IsUpdateable="false"
      IsPersistent="false"
      Precision="200"
      Type="java.lang.String"
      ColumnType="VARCHAR2"
      AliasName="NAME"
      Expression="NAME"
      SQLType="VARCHAR" >
      <DesignTime>
         <Attr Name="_DisplaySize" Value="200" />
      </DesignTime>
   </ViewAttribute>
   <ViewAttribute
      Name="GrantCn"
      IsUpdateable="false"
      IsPersistent="false"
      IsNotNull="true"
      Precision="34"
      Type="java.lang.String"
      ColumnType="VARCHAR2"
      AliasName="GRANT_CN"
      Expression="GRANT_CN"
      SQLType="VARCHAR" >
      <DesignTime>
         <Attr Name="_DisplaySize" Value="34" />
      </DesignTime>
   </ViewAttribute>
   <ViewAttribute
      Name="FedIdFy"
      IsUpdateable="false"
      IsPersistent="false"
      Precision="4"
      Type="java.lang.String"
      ColumnType="VARCHAR2"
      AliasName="FED_ID_FY"
      Expression="FED_ID_FY"
      SQLType="VARCHAR" >
      <DesignTime>
         <Attr Name="_DisplaySize" Value="4" />
      </DesignTime>
   </ViewAttribute>
   <ViewAttribute
      Name="FedIdType"
      IsUpdateable="false"
      IsPersistent="false"
      Precision="2"
      Type="java.lang.String"
      ColumnType="VARCHAR2"
      AliasName="FED_ID_TYPE"
      Expression="FED_ID_TYPE"
      SQLType="VARCHAR" >
      <DesignTime>
         <Attr Name="_DisplaySize" Value="2" />
      </DesignTime>
   </ViewAttribute>
   <ViewAttribute
      Name="FedIdAgency"
      IsUpdateable="false"
      IsPersistent="false"
      Precision="2"
      Type="java.lang.String"
      ColumnType="VARCHAR2"
      AliasName="FED_ID_AGENCY"
      Expression="FED_ID_AGENCY"
      SQLType="VARCHAR" >
      <DesignTime>
         <Attr Name="_DisplaySize" Value="2" />
      </DesignTime>
   </ViewAttribute>
   <ViewAttribute
      Name="FedIdRegion"
      IsUpdateable="false"
      IsPersistent="false"
      Precision="2"
      Type="java.lang.String"
      ColumnType="VARCHAR2"
      AliasName="FED_ID_REGION"
      Expression="FED_ID_REGION"
      SQLType="VARCHAR" >
      <DesignTime>
         <Attr Name="_DisplaySize" Value="2" />
      </DesignTime>
      <Properties>
         <SchemaBasedProperties>
            <LABEL
               ResId="gov.usda.fs.nrm.gacommon.model.dataaccess.contreplace.ContactGrantView.FedIdRegion_LABEL" >
            </LABEL>
         </SchemaBasedProperties>
      </Properties>
   </ViewAttribute>
   <ViewAttribute
      Name="FedIdUnit"
      IsUpdateable="false"
      IsPersistent="false"
      Precision="2"
      Type="java.lang.String"
      ColumnType="VARCHAR2"
      AliasName="FED_ID_UNIT"
      Expression="FED_ID_UNIT"
      SQLType="VARCHAR" >
      <DesignTime>
         <Attr Name="_DisplaySize" Value="2" />
      </DesignTime>
      <Properties>
         <SchemaBasedProperties>
            <LABEL
               ResId="gov.usda.fs.nrm.gacommon.model.dataaccess.contreplace.ContactGrantView.FedIdUnit_LABEL" >
            </LABEL>
         </SchemaBasedProperties>
      </Properties>
   </ViewAttribute>
   <ViewAttribute
      Name="FedIdSubunit"
      IsUpdateable="false"
      IsPersistent="false"
      Precision="2"
      Type="java.lang.String"
      ColumnType="VARCHAR2"
      AliasName="FED_ID_SUBUNIT"
      Expression="FED_ID_SUBUNIT"
      SQLType="VARCHAR" >
      <DesignTime>
         <Attr Name="_DisplaySize" Value="2" />
      </DesignTime>
      <Properties>
         <SchemaBasedProperties>
            <LABEL
               ResId="gov.usda.fs.nrm.gacommon.model.dataaccess.contreplace.ContactGrantView.FedIdSubunit_LABEL" >
            </LABEL>
         </SchemaBasedProperties>
      </Properties>
   </ViewAttribute>
   <ViewAttribute
      Name="FedIdSeq"
      IsUpdateable="false"
      IsPersistent="false"
      Precision="3"
      Scale="0"
      Type="oracle.jbo.domain.Number"
      ColumnType="NUMBER"
      AliasName="FED_ID_SEQ"
      Expression="FED_ID_SEQ"
      SQLType="NUMERIC" >
      <DesignTime>
         <Attr Name="_DisplaySize" Value="22" />
      </DesignTime>
   </ViewAttribute>
   <ViewAttribute
      Name="ManagingContCn"
      IsUpdateable="false"
      IsPersistent="false"
      Precision="34"
      Type="java.lang.String"
      ColumnType="VARCHAR2"
      AliasName="MANAGING_CONT_CN"
      Expression="MANAGING_CONT_CN"
      SQLType="VARCHAR">
      <DesignTime>
         <Attr Name="_DisplaySize" Value="34" />
      </DesignTime>
      <Properties>
         <SchemaBasedProperties>
            <LABEL
               ResId="ManagingContCn_LABEL"/>
         </SchemaBasedProperties>
      </Properties>
   </ViewAttribute>
   <ViewAttribute
      Name="MasterFedId"
      IsUpdateable="false"
      IsPersistent="false"
      Precision="120"
      Type="java.lang.String"
      ColumnType="VARCHAR2"
      AliasName="MASTER_FED_ID"
      Expression="MASTER_FED_ID"
      SQLType="VARCHAR" >
      <DesignTime>
         <Attr Name="_DisplaySize" Value="120" />
      </DesignTime>
   </ViewAttribute>
   <ViewAttribute
      Name="ObjName"
      IsUpdateable="false"
      IsPersistent="false"
      IsNotNull="true"
      Precision="30"
      Type="java.lang.String"
      ColumnType="VARCHAR2"
      AliasName="OBJ_NAME"
      Expression="OBJ_NAME"
      SQLType="VARCHAR" >
      <DesignTime>
         <Attr Name="_DisplaySize" Value="30" />
      </DesignTime>
   </ViewAttribute>
   <AttrArray Name="KeyAttributes">
      <Item Value="Cn" />
   </AttrArray>
   <ResourceBundle>
      <PropertiesBundle
         PropertiesFile="gov.usda.fs.nrm.gacommon.model.ModelBundle"/>
   </ResourceBundle>
</ViewObject>
