<?xml version='1.0' encoding='windows-1252' ?>
<!DOCTYPE ViewObject SYSTEM "jbo_03_01.dtd">

<ViewObject
   xmlns="http://xmlns.oracle.com/bc4j"
   Name="ContactsCleanupView"
   Version="12.2.1.22.48"
   SelectList="ContactsCleanup.CN, 
       ContactsCleanup.NEW_CN, 
       ContactsCleanup.OLD_CN, 
       ContactsCleanup.STATUS, 
       ContactsCleanup.ERROR_MESSAGE, 
       ContactsCleanup.GA_IND, 
       ContactsCleanup.REASSIGN_IND, 
       ContactsCleanup.ORG_CN, 
       ContactsCleanup.GRANT_CN"
   FromList="II_CONTACTS_CLEANUP ContactsCleanup"
   BindingStyle="OracleName"
   CustomQuery="false"
   RowClass="gov.usda.fs.nrm.gacommon.model.dataaccess.contreplace.ContactsCleanupViewRowImpl"
   ComponentClass="gov.usda.fs.nrm.gacommon.model.dataaccess.contreplace.ContactsCleanupViewImpl"
   PageIterMode="Partial" >
   <DesignTime>
      <Attr Name="_codeGenFlag2" Value="Access|Coll|VarAccess" />
      <Attr Name="_isCodegen" Value="true" />
   </DesignTime>
   <EntityUsage
      Name="ContactsCleanup"
      Entity="gov.usda.fs.nrm.gacommon.model.entity.contreplace.ContactsCleanup" >
   </EntityUsage>
   <ViewAttribute
      Name="Cn"
      IsNotNull="true"
      EntityAttrName="Cn"
      EntityUsage="ContactsCleanup"
      AliasName="CN" >
   </ViewAttribute>
   <ViewAttribute
      Name="NewCn"
      IsNotNull="true"
      EntityAttrName="NewCn"
      EntityUsage="ContactsCleanup"
      AliasName="NEW_CN" >
   </ViewAttribute>
   <ViewAttribute
      Name="OldCn"
      IsNotNull="true"
      EntityAttrName="OldCn"
      EntityUsage="ContactsCleanup"
      AliasName="OLD_CN" >
   </ViewAttribute>
   <ViewAttribute
      Name="Status"
      IsNotNull="true"
      EntityAttrName="Status"
      EntityUsage="ContactsCleanup"
      AliasName="STATUS" >
   </ViewAttribute>
   <ViewAttribute
      Name="ErrorMessage"
      EntityAttrName="ErrorMessage"
      EntityUsage="ContactsCleanup"
      AliasName="ERROR_MESSAGE" >
   </ViewAttribute>
   <ViewAttribute
      Name="GaInd"
      EntityAttrName="GaInd"
      EntityUsage="ContactsCleanup"
      AliasName="GA_IND" >
   </ViewAttribute>
   <ViewAttribute
      Name="ReassignInd"
      EntityAttrName="ReassignInd"
      EntityUsage="ContactsCleanup"
      AliasName="REASSIGN_IND" >
   </ViewAttribute>
   <ViewAttribute
      Name="OrgCn"
      EntityAttrName="OrgCn"
      EntityUsage="ContactsCleanup"
      AliasName="ORG_CN" >
   </ViewAttribute>
   <ViewAttribute
      Name="GrantCn"
      EntityAttrName="GrantCn"
      EntityUsage="ContactsCleanup"
      AliasName="GRANT_CN" >
   </ViewAttribute>
</ViewObject>
