<?xml version="1.0" encoding="UTF-8" ?>
<pageDefinition xmlns="http://xmlns.oracle.com/adfm/uimodel" version="12.2.1.22.48" id="codevaluesPageDef"
                Package="fragments">
  <parameters/>
  <executables>
    <variableIterator id="variables"/>
    <iterator Binds="GACodesList" RangeSize="15" DataControl="GACommonServiceDataControl" id="GACodesListIterator"/>
    <searchRegion Binds="GACodesListIterator" Criteria=""
                  Customizer="oracle.jbo.uicli.binding.JUSearchBindingCustomizer" id="GACodesListQuery"/>
    <iterator Binds="CodesView" RangeSize="15" DataControl="GACommonServiceDataControl" id="CodesViewIterator"/>
    <searchRegion Binds="CodesViewIterator" Criteria="" Customizer="oracle.jbo.uicli.binding.JUSearchBindingCustomizer"
                  id="CodesViewQuery"/>
  </executables>
  <bindings>
    <tree IterBinding="GACodesListIterator" id="GACodesList">
      <nodeDefinition DefName="gov.usda.fs.nrm.gacommon.model.dataaccess.gacodeslib.GACodesList" Name="GACodesList0">
        <AttrNames>
          <Item Value="AttName"/>
          <Item Value="PromptPhrase"/>
        </AttrNames>
      </nodeDefinition>
    </tree>
    <tree IterBinding="CodesViewIterator" id="CodesView">
      <nodeDefinition DefName="gov.usda.fs.nrm.gacommon.model.dataaccess.gacodeslib.CodesView" Name="CodesView0">
        <AttrNames>
          <Item Value="AttName"/>
          <Item Value="Name"/>
          <Item Value="DisplaySeq"/>
          <Item Value="Description"/>
          <Item Value="Authority"/>
        </AttrNames>
      </nodeDefinition>
    </tree>
    <action IterBinding="CodesViewIterator" id="Delete" RequiresUpdateModel="false" Action="removeCurrentRow"/>
    <action IterBinding="CodesViewIterator" id="CreateInsert" RequiresUpdateModel="true" Action="createInsertRow"/>
  </bindings>
</pageDefinition>
