<?xml version="1.0" encoding="UTF-8" ?>
<pageDefinition xmlns="http://xmlns.oracle.com/adfm/uimodel" version="12.2.1.22.48" id="codemappingPageDef"
                Package="fragments">
  <parameters/>
  <executables>
    <variableIterator id="variables"/>
    <iterator Binds="CodeMappingsView" RangeSize="20" DataControl="GACommonServiceDataControl"
              id="CodeMappingsViewIterator"/>
    <searchRegion Binds="CodeMappingsViewIterator" Criteria="" 
                  Customizer="oracle.jbo.uicli.binding.JUSearchBindingCustomizer" id="CodeMappingsViewQuery"/>
  </executables>
  <bindings>
    <action IterBinding="CodeMappingsViewIterator" id="CreateInsert" RequiresUpdateModel="true"
            Action="createInsertRow"/>
    <action IterBinding="CodeMappingsViewIterator" id="Delete" RequiresUpdateModel="true" Action="removeCurrentRow"/>
    <tree IterBinding="CodeMappingsViewIterator" id="CodeMappingsView">
      <nodeDefinition DefName="gov.usda.fs.nrm.gacommon.model.dataaccess.gacodeslib.CodeMappingsView"
                      Name="CodeMappingsView0">
        <AttrNames>
          <Item Value="SetName"/>
          <Item Value="SetKey"/>
          <Item Value="SetValues"/>
          <Item Value="Description"/>
        </AttrNames>
      </nodeDefinition>
    </tree>
  </bindings>
</pageDefinition>
