<?xml version="1.0" encoding="UTF-8" ?>
<pageDefinition xmlns="http://xmlns.oracle.com/adfm/uimodel" version="12.2.1.22.48" id="zipcodePageDef"
                Package="fragments">
  <parameters/>
  <executables>
    <variableIterator id="variables"/>
    <iterator Binds="ZipcodesGeoView" RangeSize="10" DataControl="GACommonServiceDataControl"
              id="ZipcodesGeoViewIterator"/>
    <searchRegion Binds="ZipcodesGeoViewIterator" Criteria=""
                  Customizer="oracle.jbo.uicli.binding.JUSearchBindingCustomizer" id="ZipcodesGeoViewQuery"/>
  </executables>
  <bindings>
    <tree IterBinding="ZipcodesGeoViewIterator" id="ZipcodesGeoView">
      <nodeDefinition DefName="gov.usda.fs.nrm.gacommon.model.dataaccess.gacodeslib.ZipcodesGeoView"
                      Name="ZipcodesGeoView0">
        <AttrNames>
          <Item Value="StateCode"/>
          <Item Value="CongressionalDistrictCode"/>
          <Item Value="Zip"/>
          <Item Value="City"/>
          <Item Value="State"/>
          <Item Value="County"/>
          <Item Value="StateDescription"/>
          <Item Value="CongressionalDistrict"/>
          <Item Value="CountyCode"/>
          <Item Value="CityCode"/>
        </AttrNames>
      </nodeDefinition>
    </tree>
    <action IterBinding="ZipcodesGeoViewIterator" id="CreateInsert" RequiresUpdateModel="true"
            Action="createInsertRow"/>
    <action IterBinding="ZipcodesGeoViewIterator" id="Delete" RequiresUpdateModel="false" Action="removeCurrentRow"/>
  </bindings>
</pageDefinition>
