<?xml version = '1.0' encoding = 'windows-1252' standalone = 'yes'?>
<jazn-data xmlns:xsi="http://www.w3.org/2001/XMLSchema-instance" xsi:noNamespaceSchemaLocation="http://xmlns.oracle.com/oracleas/schema/jazn-data-10_0.xsd" filepath="" OC4J_INSTANCE_ID="">
    <jazn-realm>
        <realm>
            <name>jazn.com</name>
            <users>
                <user>
                    <name>DEVNRMGRA008</name>
                    <credentials>{903}L1ntVMymj0auoZVFHn8NQwsLetJbFYBKvFGTq9rYB1c=</credentials>
                </user>
                <user>
                    <name>gpetrakes</name>
                    <credentials>{903}OkB3pLN0eTkhaN89gsR9lAevVbhboV7t6eKQ7b3z93Q=</credentials>
                </user>
                <user>
                    <name>DataBase_User_ojvTWwnPVwnNTlBxlGtSkwgoswUlJD1Q</name>
                    <credentials>{903}ojvTWwnPVwnNTlBxlGtSkwgoswUlJD1Q</credentials>
                </user>
                <user>
                    <name>DataBase_User_hOjwmKZgFX1M7CUuuqpvlFo4lFMgK7aP</name>
                    <credentials>{903}hOjwmKZgFX1M7CUuuqpvlFo4lFMgK7aP</credentials>
                </user>
                <user>
                    <name>DataBase_User_PfvUwiPZ1nJUDRZ5yYAzYG8iFN1I_BW-</name>
                    <credentials>{903}PfvUwiPZ1nJUDRZ5yYAzYG8iFN1I/BW+</credentials>
                </user>
                <user>
                    <name>DataBase_User_nWiqyUhosWkd8e9k6OS7gF0lFyZPzRZw</name>
                    <credentials>{903}nWiqyUhosWkd8e9k6OS7gF0lFyZPzRZw</credentials>
                </user>
                <user>
                    <name>DataBase_User_B9jVyy1ixHvkKIQ9cYhtAIuyaVnEbyj8</name>
                    <credentials>{903}B9jVyy1ixHvkKIQ9cYhtAIuyaVnEbyj8</credentials>
                </user>
                <user>
                    <name>DataBase_User_QGv_o6GdUBjoQkDfHfeLExnOc5R_z7fJ</name>
                    <credentials>{903}QGv/o6GdUBjoQkDfHfeLExnOc5R/z7fJ</credentials>
                </user>
                <user>
                    <name>DataBase_User_IDU6vskQQL7N_y8eCgM2RXrdgM0TB-D7</name>
                    <credentials>{903}IDU6vskQQL7N/y8eCgM2RXrdgM0TB+D7</credentials>
                </user>
                <user>
                    <name>DataBase_User_O01EYAFok6WnJUcVClOLS5thLilP1lTO</name>
                    <credentials>{903}O01EYAFok6WnJUcVClOLS5thLilP1lTO</credentials>
                </user>
                <user>
                    <name>DataBase_User_N1G9vpoNgIdrH3pdnbHCk3tCOUgdSzUM</name>
                    <credentials>{903}N1G9vpoNgIdrH3pdnbHCk3tCOUgdSzUM</credentials>
                </user>
                <user>
                    <name>DataBase_User_524_Y9WSSp-7vmqQ1pVxV-8Lgcju-c6t</name>
                    <credentials>{903}524/Y9WSSp+7vmqQ1pVxV+8Lgcju+c6t</credentials>
                </user>
                <user>
                    <name>DataBase_User_izdCl6ykl28PahYDs3PCGAQg2aCyndb_</name>
                    <credentials>{903}izdCl6ykl28PahYDs3PCGAQg2aCyndb/</credentials>
                </user>
                <user>
                    <name>DataBase_User_GMFX_09AiLFMBLNuw49A6Il-ZGfmw4Ef</name>
                    <credentials>{903}GMFX/09AiLFMBLNuw49A6Il+ZGfmw4Ef</credentials>
                </user>
                <user>
                    <name>DataBase_User_xLne3E8q1q85kECSQIgHWVise-YsFtXk</name>
                    <credentials>{903}xLne3E8q1q85kECSQIgHWVise+YsFtXk</credentials>
                </user>
                <user>
                    <name>DataBase_User_ailqAOeh1s9ZHNrs9A86W09Cx8rb52lx</name>
                    <credentials>{903}ailqAOeh1s9ZHNrs9A86W09Cx8rb52lx</credentials>
                </user>
                <user>
                    <name>DataBase_User_HjcQSN8eWflWN_ndjFlzfnZD62vsL5Xx</name>
                    <credentials>{903}HjcQSN8eWflWN/ndjFlzfnZD62vsL5Xx</credentials>
                </user>
                <user>
                    <name>DataBase_User_k1PtADGpg-LSHNyjETzi3ZYS4yB1664L</name>
                    <credentials>{903}k1PtADGpg+LSHNyjETzi3ZYS4yB1664L</credentials>
                </user>
                <user>
                    <name>DataBase_User_6OH4RYA1hyWleeas_xGuXZtg9qkzjc3d</name>
                    <credentials>{903}6OH4RYA1hyWleeas/xGuXZtg9qkzjc3d</credentials>
                </user>
                <user>
                    <name>DataBase_User_WoIZ9yMJ8t9m3TH8omyftPGivY0hOIYb</name>
                    <credentials>{903}WoIZ9yMJ8t9m3TH8omyftPGivY0hOIYb</credentials>
                </user>
                <user>
                    <name>DataBase_User_AGFd5SaoFIuNdmNUvsHcTXFO-zpYmS1M</name>
                    <credentials>{903}AGFd5SaoFIuNdmNUvsHcTXFO+zpYmS1M</credentials>
                </user>
                <user>
                    <name>DataBase_User_t0qC6d1ghHhx6KBCcmOnw0QtHJrSCFLY</name>
                    <credentials>{903}t0qC6d1ghHhx6KBCcmOnw0QtHJrSCFLY</credentials>
                </user>
                <user>
                    <name>DataBase_User_aZImm7VgkpVeDMCd9xRW_pGiU4-oqv9a</name>
                    <credentials>{903}aZImm7VgkpVeDMCd9xRW/pGiU4+oqv9a</credentials>
                </user>
                <user>
                    <name>DataBase_User_aVGKLdsm-sA7jPaCcHHaPaNlWQLqFnl5</name>
                    <credentials>{903}aVGKLdsm+sA7jPaCcHHaPaNlWQLqFnl5</credentials>
                </user>
                <user>
                    <name>DataBase_User_Lq32an5MO4GcN4zHzHueBxVKN5jds8US</name>
                    <credentials>{903}Lq32an5MO4GcN4zHzHueBxVKN5jds8US</credentials>
                </user>
                <user>
                    <name>DataBase_User_UHREmDUxIgWU2W0IvpwkyHU9rWMQfTbZ</name>
                    <credentials>{903}UHREmDUxIgWU2W0IvpwkyHU9rWMQfTbZ</credentials>
                </user>
                <user>
                    <name>DataBase_User_FOKQjVwn-79Fa6CBoP3PDyFg8W2iuwAG_iOle3ei1bY=</name>
                    <credentials>{903}FOKQjVwn+79Fa6CBoP3PDyFg8W2iuwAG/iOle3ei1bY=</credentials>
                </user>
                <user>
                    <name>DataBase_User_3GrjQmd-TahxSYISptbHd7D1F8d2dVaWjTGqvTxL5gk=</name>
                    <credentials>{903}3GrjQmd+TahxSYISptbHd7D1F8d2dVaWjTGqvTxL5gk=</credentials>
                </user>
                <user>
                    <name>DataBase_User_0a6PzHNiQ5Zvn0ykbVD49tA0RDfS3ijg</name>
                    <credentials>{903}0a6PzHNiQ5Zvn0ykbVD49tA0RDfS3ijg</credentials>
                </user>
                <user>
                    <name>DataBase_User_pzG6gmrg36bgt3lV4new0SLAtZaAgZra</name>
                    <credentials>{903}pzG6gmrg36bgt3lV4new0SLAtZaAgZra</credentials>
                </user>
                <user>
                    <name>DataBase_User_H1xjUos316n-_Af5scL9iQRwzS9Sjja3jNXxamFqQxY=</name>
                    <credentials>{903}H1xjUos316n+/Af5scL9iQRwzS9Sjja3jNXxamFqQxY=</credentials>
                </user>
                <user>
                    <name>DataBase_User_LPGAlLC2rBDCURbwg5md__ldiimbT9O7estxibpHbnc=</name>
                    <credentials>{903}LPGAlLC2rBDCURbwg5md//ldiimbT9O7estxibpHbnc=</credentials>
                </user>
                <user>
                    <name>DataBase_User_HZ3IEbO-SiXSBmE7_iM9khBon9E6b2X1rZ3SZ976Prc=</name>
                    <credentials>{903}HZ3IEbO+SiXSBmE7/iM9khBon9E6b2X1rZ3SZ976Prc=</credentials>
                </user>
                <user>
                    <name>DataBase_User_OkwKJ6u8t2jVANfG9f4x6IdnNllbuAlzHTmuYqnaNck=</name>
                    <credentials>{903}OkwKJ6u8t2jVANfG9f4x6IdnNllbuAlzHTmuYqnaNck=</credentials>
                </user>
            </users>
            <roles>
                <role>
                    <name>IWEB_USERS</name>
                    <members>
                        <member>
                            <type>user</type>
                            <name>DEVNRMGRA008</name>
                        </member>
                        <member>
                            <type>user</type>
                            <name>gpetrakes</name>
                        </member>
                    </members>
                </role>
            </roles>
        </realm>
    </jazn-realm>
</jazn-data>
