<?xml version='1.0' encoding='windows-1252' ?>
<!DOCTYPE ViewObject SYSTEM "jbo_03_01.dtd">
<!---->

<ViewObject
   xmlns="http://xmlns.oracle.com/bc4j"
   Name="AccInstrumentsView"
   Version="12.2.1.22.48"
   SelectList="AccplishmentInstruments.CN, 
       AccplishmentInstruments.ID, 
       AccplishmentInstruments.NAME, 
       AccplishmentInstruments.MANAGING_CONT_CN, 
       AccplishmentInstruments.DESCRIPTION, 
       AccplishmentInstruments.SECURITY_ID, 
       AccplishmentInstruments.OBJ_NAME"
   FromList="ACCPLISHMENT_INSTRUMENTS AccplishmentInstruments"
   BindingStyle="OracleName"
   CustomQuery="false"
   RowClass="gov.usda.fs.nrm.gacommon.model.dataaccess.raca.AccInstrumentsViewRowImpl"
   ComponentClass="gov.usda.fs.nrm.gacommon.model.dataaccess.raca.AccInstrumentsViewImpl"
   PageIterMode="Partial" >
   <DesignTime>
      <Attr Name="_codeGenFlag2" Value="Access|Coll" />
      <Attr Name="_isCodegen" Value="true" />
   </DesignTime>
   <EntityUsage
      Name="AccplishmentInstruments"
      Entity="gov.usda.fs.nrm.gacommon.model.entity.raca.AccplishmentInstruments" >
   </EntityUsage>
   <ViewAttribute
      Name="Cn"
      IsNotNull="true"
      EntityAttrName="Cn"
      EntityUsage="AccplishmentInstruments"
      AliasName="CN" >
   </ViewAttribute>
   <ViewAttribute
      Name="Id"
      IsNotNull="true"
      EntityAttrName="Id"
      EntityUsage="AccplishmentInstruments"
      AliasName="ID" >
   </ViewAttribute>
   <ViewAttribute
      Name="Name"
      EntityAttrName="Name"
      EntityUsage="AccplishmentInstruments"
      AliasName="NAME" >
   </ViewAttribute>
   <ViewAttribute
      Name="ManagingContCn"
      EntityAttrName="ManagingContCn"
      EntityUsage="AccplishmentInstruments"
      AliasName="MANAGING_CONT_CN" >
   </ViewAttribute>
   <ViewAttribute
      Name="Description"
      EntityAttrName="Description"
      EntityUsage="AccplishmentInstruments"
      AliasName="DESCRIPTION" >
   </ViewAttribute>
   <ViewAttribute
      Name="SecurityId"
      IsNotNull="true"
      EntityAttrName="SecurityId"
      EntityUsage="AccplishmentInstruments"
      AliasName="SECURITY_ID" >
   </ViewAttribute>
   <ViewAttribute
      Name="ObjName"
      IsNotNull="true"
      EntityAttrName="ObjName"
      EntityUsage="AccplishmentInstruments"
      AliasName="OBJ_NAME" >
   </ViewAttribute>
</ViewObject>
