<?xml version='1.0' encoding='windows-1252' ?>
<!DOCTYPE ViewObject SYSTEM "jbo_03_01.dtd">
<!---->

<ViewObject
   xmlns="http://xmlns.oracle.com/bc4j"
   Name="GaSummaryTabView"
   Version="12.2.1.22.48"
   BindingStyle="OracleName"
   CustomQuery="true"
   RowClass="gov.usda.fs.nrm.gacommon.model.dataaccess.raca.GaSummaryTabViewRowImpl"
   ComponentClass="gov.usda.fs.nrm.gacommon.model.dataaccess.raca.GaSummaryTabViewImpl"
   PageIterMode="Partial" >
   <DesignTime>
      <Attr Name="_codeGenFlag2" Value="Access|Coll"/>
      <Attr Name="_isExpertMode" Value="true"/>
      <Attr Name="_isCodegen" Value="true"/>
   </DesignTime>
   <SQLQuery><![CDATA[select GA_CN,AI_ID,GA_NO,COMMITMENT_TO_DATE,OBLIGATION_TO_DATE,FS_OTHER_CONTRIBUTION,
	TOTAL_FS_CONTRIBUTION,NON_FS_CASH,NON_FS_OTHER,TOTAL_NON_FS_CONTRIBUTION,
	TOTAL_PROJECT_CONTRIBUTION,REQUESTED_TO_DATE,PAID_TO_DATE,REMAINING_BALANCE,
	OTHER_FEDERAL_CONTRIBUTION,OF_PERCENTAGE,NON_FEDERAL_CONTRIBUTION,
	NF_PERCENTAGE,STATE_CONTRIBUTION,ST_PERCENTAGE,FS_PERCENTAGE
from II_AI_GA_SUMMARY_TAB_V]]></SQLQuery>
   <ViewAttribute
      Name="GaCn"
      IsUpdateable="false"
      IsPersistent="false"
      IsNotNull="true"
      Precision="34"
      Type="java.lang.String"
      ColumnType="VARCHAR2"
      AliasName="GA_CN"
      Expression="GA_CN"
      SQLType="VARCHAR" >
      <DesignTime>
         <Attr Name="_DisplaySize" Value="34" />
      </DesignTime>
   </ViewAttribute>
   <ViewAttribute
      Name="AiId"
      IsUpdateable="false"
      IsPersistent="false"
      IsNotNull="true"
      Precision="40"
      Type="java.lang.String"
      ColumnType="VARCHAR2"
      AliasName="AI_ID"
      Expression="AI_ID"
      SQLType="VARCHAR" >
      <DesignTime>
         <Attr Name="_DisplaySize" Value="40" />
      </DesignTime>
   </ViewAttribute>
   <ViewAttribute
      Name="GaNo"
      IsUpdateable="false"
      IsPersistent="false"
      Precision="19"
      Type="java.lang.String"
      ColumnType="VARCHAR2"
      AliasName="GA_NO"
      Expression="GA_NO"
      SQLType="VARCHAR" >
      <DesignTime>
         <Attr Name="_DisplaySize" Value="19" />
      </DesignTime>
   </ViewAttribute>
   <ViewAttribute
      Name="CommitmentToDate"
      IsUpdateable="false"
      IsPersistent="false"
      Type="oracle.jbo.domain.Number"
      ColumnType="NUMBER"
      AliasName="COMMITMENT_TO_DATE"
      Expression="COMMITMENT_TO_DATE"
      SQLType="NUMERIC" >
      <DesignTime>
         <Attr Name="_DisplaySize" Value="22" />
      </DesignTime>
   </ViewAttribute>
   <ViewAttribute
      Name="ObligationToDate"
      IsUpdateable="false"
      IsPersistent="false"
      Type="oracle.jbo.domain.Number"
      ColumnType="NUMBER"
      AliasName="OBLIGATION_TO_DATE"
      Expression="OBLIGATION_TO_DATE"
      SQLType="NUMERIC" >
      <DesignTime>
         <Attr Name="_DisplaySize" Value="22" />
      </DesignTime>
   </ViewAttribute>
   <ViewAttribute
      Name="FsOtherContribution"
      IsUpdateable="false"
      IsPersistent="false"
      Type="oracle.jbo.domain.Number"
      ColumnType="NUMBER"
      AliasName="FS_OTHER_CONTRIBUTION"
      Expression="FS_OTHER_CONTRIBUTION"
      SQLType="NUMERIC" >
      <DesignTime>
         <Attr Name="_DisplaySize" Value="22" />
      </DesignTime>
   </ViewAttribute>
   <ViewAttribute
      Name="TotalFsContribution"
      IsUpdateable="false"
      IsPersistent="false"
      Type="oracle.jbo.domain.Number"
      ColumnType="NUMBER"
      AliasName="TOTAL_FS_CONTRIBUTION"
      Expression="TOTAL_FS_CONTRIBUTION"
      SQLType="NUMERIC" >
      <DesignTime>
         <Attr Name="_DisplaySize" Value="22" />
      </DesignTime>
   </ViewAttribute>
   <ViewAttribute
      Name="NonFsCash"
      IsUpdateable="false"
      IsPersistent="false"
      Type="oracle.jbo.domain.Number"
      ColumnType="NUMBER"
      AliasName="NON_FS_CASH"
      Expression="NON_FS_CASH"
      SQLType="NUMERIC" >
      <DesignTime>
         <Attr Name="_DisplaySize" Value="22" />
      </DesignTime>
   </ViewAttribute>
   <ViewAttribute
      Name="NonFsOther"
      IsUpdateable="false"
      IsPersistent="false"
      Type="oracle.jbo.domain.Number"
      ColumnType="NUMBER"
      AliasName="NON_FS_OTHER"
      Expression="NON_FS_OTHER"
      SQLType="NUMERIC" >
      <DesignTime>
         <Attr Name="_DisplaySize" Value="22" />
      </DesignTime>
   </ViewAttribute>
   <ViewAttribute
      Name="TotalNonFsContribution"
      IsUpdateable="false"
      IsPersistent="false"
      Type="oracle.jbo.domain.Number"
      ColumnType="NUMBER"
      AliasName="TOTAL_NON_FS_CONTRIBUTION"
      Expression="TOTAL_NON_FS_CONTRIBUTION"
      SQLType="NUMERIC" >
      <DesignTime>
         <Attr Name="_DisplaySize" Value="22" />
      </DesignTime>
   </ViewAttribute>
   <ViewAttribute
      Name="TotalProjectContribution"
      IsUpdateable="false"
      IsPersistent="false"
      Type="oracle.jbo.domain.Number"
      ColumnType="NUMBER"
      AliasName="TOTAL_PROJECT_CONTRIBUTION"
      Expression="TOTAL_PROJECT_CONTRIBUTION"
      SQLType="NUMERIC" >
      <DesignTime>
         <Attr Name="_DisplaySize" Value="22" />
      </DesignTime>
   </ViewAttribute>
   <ViewAttribute
      Name="RequestedToDate"
      IsUpdateable="false"
      IsPersistent="false"
      Type="oracle.jbo.domain.Number"
      ColumnType="NUMBER"
      AliasName="REQUESTED_TO_DATE"
      Expression="REQUESTED_TO_DATE"
      SQLType="NUMERIC" >
      <DesignTime>
         <Attr Name="_DisplaySize" Value="22" />
      </DesignTime>
   </ViewAttribute>
   <ViewAttribute
      Name="PaidToDate"
      IsUpdateable="false"
      IsPersistent="false"
      Type="oracle.jbo.domain.Number"
      ColumnType="NUMBER"
      AliasName="PAID_TO_DATE"
      Expression="PAID_TO_DATE"
      SQLType="NUMERIC" >
      <DesignTime>
         <Attr Name="_DisplaySize" Value="22" />
      </DesignTime>
   </ViewAttribute>
   <ViewAttribute
      Name="RemainingBalance"
      IsUpdateable="false"
      IsPersistent="false"
      Type="oracle.jbo.domain.Number"
      ColumnType="NUMBER"
      AliasName="REMAINING_BALANCE"
      Expression="REMAINING_BALANCE"
      SQLType="NUMERIC" >
      <DesignTime>
         <Attr Name="_DisplaySize" Value="22" />
      </DesignTime>
   </ViewAttribute>
   <ViewAttribute
      Name="OtherFederalContribution"
      IsUpdateable="false"
      IsPersistent="false"
      Type="oracle.jbo.domain.Number"
      ColumnType="NUMBER"
      AliasName="OTHER_FEDERAL_CONTRIBUTION"
      Expression="OTHER_FEDERAL_CONTRIBUTION"
      SQLType="NUMERIC" >
      <DesignTime>
         <Attr Name="_DisplaySize" Value="22" />
      </DesignTime>
   </ViewAttribute>
   <ViewAttribute
      Name="OfPercentage"
      IsUpdateable="false"
      IsPersistent="false"
      Type="oracle.jbo.domain.Number"
      ColumnType="NUMBER"
      AliasName="OF_PERCENTAGE"
      Expression="OF_PERCENTAGE"
      SQLType="NUMERIC" >
      <DesignTime>
         <Attr Name="_DisplaySize" Value="22" />
      </DesignTime>
   </ViewAttribute>
   <ViewAttribute
      Name="NonFederalContribution"
      IsUpdateable="false"
      IsPersistent="false"
      Type="oracle.jbo.domain.Number"
      ColumnType="NUMBER"
      AliasName="NON_FEDERAL_CONTRIBUTION"
      Expression="NON_FEDERAL_CONTRIBUTION"
      SQLType="NUMERIC" >
      <DesignTime>
         <Attr Name="_DisplaySize" Value="22" />
      </DesignTime>
   </ViewAttribute>
   <ViewAttribute
      Name="NfPercentage"
      IsUpdateable="false"
      IsPersistent="false"
      Type="oracle.jbo.domain.Number"
      ColumnType="NUMBER"
      AliasName="NF_PERCENTAGE"
      Expression="NF_PERCENTAGE"
      SQLType="NUMERIC" >
      <DesignTime>
         <Attr Name="_DisplaySize" Value="22" />
      </DesignTime>
   </ViewAttribute>
   <ViewAttribute
      Name="StateContribution"
      IsUpdateable="false"
      IsPersistent="false"
      Type="oracle.jbo.domain.Number"
      ColumnType="NUMBER"
      AliasName="STATE_CONTRIBUTION"
      Expression="STATE_CONTRIBUTION"
      SQLType="NUMERIC" >
      <DesignTime>
         <Attr Name="_DisplaySize" Value="22" />
      </DesignTime>
   </ViewAttribute>
   <ViewAttribute
      Name="StPercentage"
      IsUpdateable="false"
      IsPersistent="false"
      Type="oracle.jbo.domain.Number"
      ColumnType="NUMBER"
      AliasName="ST_PERCENTAGE"
      Expression="ST_PERCENTAGE"
      SQLType="NUMERIC" >
      <DesignTime>
         <Attr Name="_DisplaySize" Value="22" />
      </DesignTime>
   </ViewAttribute>
   <ViewAttribute
      Name="FsPercentage"
      IsUpdateable="false"
      IsPersistent="false"
      Type="oracle.jbo.domain.Number"
      ColumnType="NUMBER"
      AliasName="FS_PERCENTAGE"
      Expression="FS_PERCENTAGE"
      SQLType="NUMERIC" >
      <DesignTime>
         <Attr Name="_DisplaySize" Value="22" />
      </DesignTime>
   </ViewAttribute>
</ViewObject>
