<?xml version='1.0' encoding='windows-1252' ?>
<!DOCTYPE ViewLink SYSTEM "jbo_03_01.dtd">

<ViewLink
   xmlns="http://xmlns.oracle.com/bc4j"
   Name="GrantGaSummaryLk"
   Version="12.2.1.22.48" >
   <DesignTime>
      <Attr Name="_isCodegen" Value="true" />
   </DesignTime>
   <ViewLinkDefEnd
      Name="GrantView"
      Cardinality="1"
      Source="true"
      Owner="gov.usda.fs.nrm.gacommon.model.dataaccess.raca.GrantView" >
      <AttrArray Name="Attributes">
         <Item Value="gov.usda.fs.nrm.gacommon.model.dataaccess.raca.GrantView.Cn" />
      </AttrArray>
      <DesignTime>
         <Attr Name="_isUpdateable" Value="true" />
         <Attr Name="_finderName" Value="GrantView" />
      </DesignTime>
   </ViewLinkDefEnd>
   <ViewLinkDefEnd
      Name="GaSummaryTabView"
      Cardinality="-1"
      Owner="gov.usda.fs.nrm.gacommon.model.dataaccess.raca.GaSummaryTabView" >
      <AttrArray Name="Attributes">
         <Item Value="gov.usda.fs.nrm.gacommon.model.dataaccess.raca.GaSummaryTabView.GaCn" />
      </AttrArray>
      <DesignTime>
         <Attr Name="_isUpdateable" Value="true" />
         <Attr Name="_finderName" Value="GaSummaryTabView" />
      </DesignTime>
   </ViewLinkDefEnd>
</ViewLink>
