<?xml version='1.0' encoding='windows-1252' ?>
<!DOCTYPE ViewObject SYSTEM "jbo_03_01.dtd">
<!---->

<ViewObject
   xmlns="http://xmlns.oracle.com/bc4j"
   Name="HelpURLView"
   Version="12.2.1.22.48"
   BindingStyle="OracleName"
   CustomQuery="true"
   ComponentClass="gov.usda.fs.nrm.gacommon.model.dataaccess.raca.HelpURLViewImpl"
   PageIterMode="Partial" >
   <DesignTime>
      <Attr Name="_codeGenFlag2" Value="Coll"/>
      <Attr Name="_isExpertMode" Value="true"/>
   </DesignTime>
   <SQLQuery><![CDATA[select profile_value from ii_infra_site_profiles where  profile_type='IWEB_ONLINE_HELP_HOME']]></SQLQuery>
   <ViewAttribute
      Name="ProfileValue"
      IsUpdateable="false"
      IsPersistent="false"
      IsNotNull="true"
      Precision="240"
      Type="java.lang.String"
      ColumnType="VARCHAR2"
      AliasName="PROFILE_VALUE"
      Expression="PROFILE_VALUE"
      SQLType="VARCHAR" >
      <DesignTime>
         <Attr Name="_DisplaySize" Value="240" />
      </DesignTime>
   </ViewAttribute>
</ViewObject>
