<?xml version='1.0' encoding='windows-1252' ?>
<!DOCTYPE ViewObject SYSTEM "jbo_03_01.dtd">
<!---->

<ViewObject
   xmlns="http://xmlns.oracle.com/bc4j"
   Name="RacaSpecBillingReqView"
   Version="12.2.1.22.48"
   SelectList="RacaSpecBillingReq.CN, 
       RacaSpecBillingReq.RACA_AGMT_CN, 
       RacaSpecBillingReq.SPEC_BILL_REQ_CD, 
       RacaSpecBillingReq.SPEC_BILL_REQ_DESC, 
       RacaSpecBillingReq.COMMENTS"
   FromList="II_RACA_SPEC_BILLING_REQ RacaSpecBillingReq"
   BindingStyle="OracleName"
   CustomQuery="false"
   ComponentClass="gov.usda.fs.nrm.gacommon.model.dataaccess.raca.RacaSpecBillingReqViewImpl"
   PageIterMode="Partial" >
   <DesignTime>
      <Attr Name="_codeGenFlag2" Value="Coll" />
   </DesignTime>
   <EntityUsage
      Name="RacaSpecBillingReq"
      Entity="gov.usda.fs.nrm.gacommon.model.entity.raca.RacaSpecBillingReq" >
   </EntityUsage>
   <ViewAttribute
      Name="Cn"
      IsNotNull="true"
      EntityAttrName="Cn"
      EntityUsage="RacaSpecBillingReq"
      AliasName="CN" >
   </ViewAttribute>
   <ViewAttribute
      Name="RacaAgmtCn"
      IsNotNull="true"
      EntityAttrName="RacaAgmtCn"
      EntityUsage="RacaSpecBillingReq"
      AliasName="RACA_AGMT_CN" >
   </ViewAttribute>
   <ViewAttribute
      Name="SpecBillReqCd"
      IsNotNull="true"
      EntityAttrName="SpecBillReqCd"
      EntityUsage="RacaSpecBillingReq"
      AliasName="SPEC_BILL_REQ_CD" >
   </ViewAttribute>
   <ViewAttribute
      Name="SpecBillReqDesc"
      EntityAttrName="SpecBillReqDesc"
      EntityUsage="RacaSpecBillingReq"
      AliasName="SPEC_BILL_REQ_DESC" >
   </ViewAttribute>
   <ViewAttribute
      Name="Comments"
      EntityAttrName="Comments"
      EntityUsage="RacaSpecBillingReq"
      AliasName="COMMENTS" >
   </ViewAttribute>
</ViewObject>
