<?xml version='1.0' encoding='windows-1252' ?>
<!DOCTYPE ViewObject SYSTEM "jbo_03_01.dtd">
<!---->

<ViewObject
   xmlns="http://xmlns.oracle.com/bc4j"
   Name="RacaReqStatusesView"
   Version="12.2.1.22.48"
   SelectList="RacaReqStatuses.CN, 
       RacaReqStatuses.RACA_REQ_CN, 
       RacaReqStatuses.STATUS_CODE, 
       RacaReqStatuses.STATUS_DATE, 
       RacaReqStatuses.COMMENTS"
   FromList="II_RACA_REQ_STATUSES RacaReqStatuses"
   BindingStyle="OracleName"
   CustomQuery="false"
   RowClass="gov.usda.fs.nrm.gacommon.model.dataaccess.raca.RacaReqStatusesViewRowImpl"
   ComponentClass="gov.usda.fs.nrm.gacommon.model.dataaccess.raca.RacaReqStatusesViewImpl"
   PageIterMode="Partial" >
   <DesignTime>
      <Attr Name="_codeGenFlag2" Value="Access|Coll" />
      <Attr Name="_isCodegen" Value="true" />
   </DesignTime>
   <EntityUsage
      Name="RacaReqStatuses"
      Entity="gov.usda.fs.nrm.gacommon.model.entity.raca.RacaReqStatuses" >
   </EntityUsage>
   <ViewAttribute
      Name="Cn"
      IsNotNull="true"
      EntityAttrName="Cn"
      EntityUsage="RacaReqStatuses"
      AliasName="CN" >
   </ViewAttribute>
   <ViewAttribute
      Name="RacaReqCn"
      IsNotNull="true"
      EntityAttrName="RacaReqCn"
      EntityUsage="RacaReqStatuses"
      AliasName="RACA_REQ_CN" >
   </ViewAttribute>
   <ViewAttribute
      Name="StatusCode"
      IsNotNull="true"
      EntityAttrName="StatusCode"
      EntityUsage="RacaReqStatuses"
      AliasName="STATUS_CODE" >
   </ViewAttribute>
   <ViewAttribute
      Name="StatusDate"
      IsNotNull="true"
      EntityAttrName="StatusDate"
      EntityUsage="RacaReqStatuses"
      AliasName="STATUS_DATE" >
   </ViewAttribute>
   <ViewAttribute
      Name="Comments"
      EntityAttrName="Comments"
      EntityUsage="RacaReqStatuses"
      AliasName="COMMENTS" >
   </ViewAttribute>
</ViewObject>
