<?xml version='1.0' encoding='windows-1252' ?>
<!DOCTYPE ViewObject SYSTEM "jbo_03_01.dtd">
<!---->

<ViewObject
   xmlns="http://xmlns.oracle.com/bc4j"
   Name="RacaAgmtStatusesView"
   Version="12.2.1.22.48"
   SelectList="RacaAgmtStatuses.CN, 
       RacaAgmtStatuses.RACA_AGMT_CN, 
       RacaAgmtStatuses.STATUS_CODE, 
       RacaAgmtStatuses.STATUS_DATE, 
       RacaAgmtStatuses.COMMENTS"
   FromList="II_RACA_AGMT_STATUSES RacaAgmtStatuses"
   BindingStyle="OracleName"
   CustomQuery="false"
   RowClass="gov.usda.fs.nrm.gacommon.model.dataaccess.raca.RacaAgmtStatusesViewRowImpl"
   ComponentClass="gov.usda.fs.nrm.gacommon.model.dataaccess.raca.RacaAgmtStatusesViewImpl"
   PageIterMode="Partial" >
   <DesignTime>
      <Attr Name="_codeGenFlag2" Value="Access|Coll" />
      <Attr Name="_isCodegen" Value="true" />
   </DesignTime>
   <EntityUsage
      Name="RacaAgmtStatuses"
      Entity="gov.usda.fs.nrm.gacommon.model.entity.raca.RacaAgmtStatuses" >
   </EntityUsage>
   <ViewAttribute
      Name="Cn"
      IsNotNull="true"
      EntityAttrName="Cn"
      EntityUsage="RacaAgmtStatuses"
      AliasName="CN" >
   </ViewAttribute>
   <ViewAttribute
      Name="RacaAgmtCn"
      IsNotNull="true"
      EntityAttrName="RacaAgmtCn"
      EntityUsage="RacaAgmtStatuses"
      AliasName="RACA_AGMT_CN" >
   </ViewAttribute>
   <ViewAttribute
      Name="StatusCode"
      IsNotNull="true"
      EntityAttrName="StatusCode"
      EntityUsage="RacaAgmtStatuses"
      AliasName="STATUS_CODE" >
   </ViewAttribute>
   <ViewAttribute
      Name="StatusDate"
      IsNotNull="true"
      EntityAttrName="StatusDate"
      EntityUsage="RacaAgmtStatuses"
      AliasName="STATUS_DATE" >
   </ViewAttribute>
   <ViewAttribute
      Name="Comments"
      EntityAttrName="Comments"
      EntityUsage="RacaAgmtStatuses"
      AliasName="COMMENTS" >
   </ViewAttribute>
</ViewObject>
