<?xml version='1.0' encoding='windows-1252' ?>
<!DOCTYPE ViewLink SYSTEM "jbo_03_01.dtd">

<ViewLink
   xmlns="http://xmlns.oracle.com/bc4j"
   Name="RacaClosReson2RacaAgmtFkLk"
   Version="12.2.1.22.48"
   EntityAssociation="gov.usda.fs.nrm.gacommon.model.entity.raca.ClosReson2RacaAgmtFkAssoc" >
   <DesignTime>
      <Attr Name="_isCodegen" Value="true" />
   </DesignTime>
   <ViewLinkDefEnd
      Name="RacaAgmtView"
      Cardinality="1"
      Source="true"
      Owner="gov.usda.fs.nrm.gacommon.model.dataaccess.raca.RacaAgmtView" >
      <AttrArray Name="Attributes">
         <Item Value="gov.usda.fs.nrm.gacommon.model.dataaccess.raca.RacaAgmtView.Cn" />
      </AttrArray>
      <DesignTime>
         <Attr Name="_isUpdateable" Value="true" />
         <Attr Name="_minCardinality" Value="1" />
         <Attr Name="_finderName" Value="RacaAgmtView" />
      </DesignTime>
   </ViewLinkDefEnd>
   <ViewLinkDefEnd
      Name="RacaCloseoutReasonsView"
      Cardinality="-1"
      Owner="gov.usda.fs.nrm.gacommon.model.dataaccess.raca.RacaCloseoutReasonsView" >
      <AttrArray Name="Attributes">
         <Item Value="gov.usda.fs.nrm.gacommon.model.dataaccess.raca.RacaCloseoutReasonsView.RacaAgmtCn" />
      </AttrArray>
      <DesignTime>
         <Attr Name="_isUpdateable" Value="true" />
         <Attr Name="_finderName" Value="RacaCloseoutReasonsView" />
      </DesignTime>
   </ViewLinkDefEnd>
</ViewLink>
