<?xml version='1.0' encoding='windows-1252' ?>
<!DOCTYPE ViewObject SYSTEM "jbo_03_01.dtd">
<!---->

<ViewObject
   xmlns="http://xmlns.oracle.com/bc4j"
   Name="RacaCloseoutReasonsView"
   Version="12.2.1.22.48"
   SelectList="RacaCloseoutReasons.CN, 
       RacaCloseoutReasons.RACA_AGMT_CN, 
       RacaCloseoutReasons.REASON, 
       RacaCloseoutReasons.REPORTED_DATE, 
       RacaCloseoutReasons.RESOLVED_DATE, 
       RacaCloseoutReasons.COMMENTS"
   FromList="II_RACA_CLOSEOUT_REASONS RacaCloseoutReasons"
   BindingStyle="OracleName"
   CustomQuery="false"
   RowClass="gov.usda.fs.nrm.gacommon.model.dataaccess.raca.RacaCloseoutReasonsViewRowImpl"
   ComponentClass="gov.usda.fs.nrm.gacommon.model.dataaccess.raca.RacaCloseoutReasonsViewImpl"
   PageIterMode="Partial" >
   <DesignTime>
      <Attr Name="_codeGenFlag2" Value="Access|Coll" />
      <Attr Name="_isCodegen" Value="true" />
   </DesignTime>
   <EntityUsage
      Name="RacaCloseoutReasons"
      Entity="gov.usda.fs.nrm.gacommon.model.entity.raca.RacaCloseoutReasons" >
   </EntityUsage>
   <ViewAttribute
      Name="Cn"
      IsNotNull="true"
      EntityAttrName="Cn"
      EntityUsage="RacaCloseoutReasons"
      AliasName="CN" >
   </ViewAttribute>
   <ViewAttribute
      Name="RacaAgmtCn"
      IsNotNull="true"
      EntityAttrName="RacaAgmtCn"
      EntityUsage="RacaCloseoutReasons"
      AliasName="RACA_AGMT_CN" >
   </ViewAttribute>
   <ViewAttribute
      Name="Reason"
      IsNotNull="true"
      EntityAttrName="Reason"
      EntityUsage="RacaCloseoutReasons"
      AliasName="REASON" >
   </ViewAttribute>
   <ViewAttribute
      Name="ReportedDate"
      EntityAttrName="ReportedDate"
      EntityUsage="RacaCloseoutReasons"
      AliasName="REPORTED_DATE" >
   </ViewAttribute>
   <ViewAttribute
      Name="ResolvedDate"
      EntityAttrName="ResolvedDate"
      EntityUsage="RacaCloseoutReasons"
      AliasName="RESOLVED_DATE" >
   </ViewAttribute>
   <ViewAttribute
      Name="Comments"
      EntityAttrName="Comments"
      EntityUsage="RacaCloseoutReasons"
      AliasName="COMMENTS" >
   </ViewAttribute>
</ViewObject>
