<References xmlns="http://xmlns.oracle.com/adf/jndi">
  <Reference name="iweb" className="oracle.jdeveloper.db.adapter.DatabaseProvider" credentialStoreKey="iweb" xmlns="">
    <Factory className="oracle.jdevimpl.db.adapter.DatabaseProviderFactory1212"/>
    <RefAddresses>
      <StringRefAddr addrType="oraDriverType">
        <Contents>thin</Contents>
      </StringRefAddr>
      <StringRefAddr addrType="hostname">
        <Contents>nrmyedb.fs.usda.gov</Contents>
      </StringRefAddr>
      <SecureRefAddr addrType="password"/>
      <StringRefAddr addrType="subtype">
        <Contents>oraJDBC</Contents>
      </StringRefAddr>
      <StringRefAddr addrType="port">
        <Contents>1521</Contents>
      </StringRefAddr>
      <StringRefAddr addrType="serviceName">
        <Contents>nrmdevn.fs.usda.gov</Contents>
      </StringRefAddr>
      <StringRefAddr addrType="user">
        <Contents>FSDBA</Contents>
      </StringRefAddr>
    </RefAddresses>
  </Reference>
</References>