<?xml version='1.0' encoding='windows-1252' ?>
<!DOCTYPE ViewLink SYSTEM "jbo_03_01.dtd">

<ViewLink
   xmlns="http://xmlns.oracle.com/bc4j"
   Name="RacaJobCodeNotifJCNLinesLk"
   Version="12.2.1.22.48" >
   <DesignTime>
      <Attr Name="_isCodegen" Value="true" />
   </DesignTime>
   <ViewLinkDefEnd
      Name="RacaJobCodeNotifView"
      Cardinality="1"
      Source="true"
      Owner="gov.usda.fs.nrm.gacommon.model.dataaccess.raca.jobcode.RacaJobCodeNotifView" >
      <AttrArray Name="Attributes">
         <Item Value="gov.usda.fs.nrm.gacommon.model.dataaccess.raca.jobcode.RacaJobCodeNotifView.Cn" />
      </AttrArray>
      <DesignTime>
         <Attr Name="_isUpdateable" Value="true" />
         <Attr Name="_finderName" Value="RacaJobCodeNotifView" />
      </DesignTime>
   </ViewLinkDefEnd>
   <ViewLinkDefEnd
      Name="RacaJobCodeNotifLinesView"
      Cardinality="-1"
      Owner="gov.usda.fs.nrm.gacommon.model.dataaccess.raca.jobcode.RacaJobCodeNotifLinesView" >
      <AttrArray Name="Attributes">
         <Item
            Value="gov.usda.fs.nrm.gacommon.model.dataaccess.raca.jobcode.RacaJobCodeNotifLinesView.JobCodeNotifCn" />
      </AttrArray>
      <DesignTime>
         <Attr Name="_isUpdateable" Value="true" />
         <Attr Name="_finderName" Value="RacaJobCodeNotifLinesView" />
      </DesignTime>
   </ViewLinkDefEnd>
</ViewLink>
