<?xml version='1.0' encoding='windows-1252' ?>
<!DOCTYPE ViewObject SYSTEM "jbo_03_01.dtd">
<!---->

<ViewObject
   xmlns="http://xmlns.oracle.com/bc4j"
   Name="RacaJobCodeNotifView"
   Version="12.2.1.22.48"
   SelectList="RacaJobCodeNotif.CN, 
       RacaJobCodeNotif.RACA_REQ_CN, 
       RacaJobCodeNotif.SOURCE, 
       RacaJobCodeNotif.AUTH_AMOUNT_DATE, 
       RacaJobCodeNotif.NOTE_1, 
       RacaJobCodeNotif.NOTE_2, 
       RacaJobCodeNotif.STATUS, 
       RacaJobCodeNotif.STATUS_DATE"
   FromList="II_RACA_JOB_CODE_NOTIF RacaJobCodeNotif"
   BindingStyle="OracleName"
   CustomQuery="false"
   RowClass="gov.usda.fs.nrm.gacommon.model.dataaccess.raca.jobcode.RacaJobCodeNotifViewRowImpl"
   ComponentClass="gov.usda.fs.nrm.gacommon.model.dataaccess.raca.jobcode.RacaJobCodeNotifViewImpl"
   PageIterMode="Partial" >
   <DesignTime>
      <Attr Name="_codeGenFlag2" Value="Access|Coll" />
      <Attr Name="_isCodegen" Value="true" />
   </DesignTime>
   <EntityUsage
      Name="RacaJobCodeNotif"
      Entity="gov.usda.fs.nrm.gacommon.model.entity.raca.RacaJobCodeNotif" >
   </EntityUsage>
   <ViewAttribute
      Name="Cn"
      IsNotNull="true"
      EntityAttrName="Cn"
      EntityUsage="RacaJobCodeNotif"
      AliasName="CN" >
   </ViewAttribute>
   <ViewAttribute
      Name="RacaReqCn"
      IsNotNull="true"
      EntityAttrName="RacaReqCn"
      EntityUsage="RacaJobCodeNotif"
      AliasName="RACA_REQ_CN" >
   </ViewAttribute>
   <ViewAttribute
      Name="Source"
      EntityAttrName="Source"
      EntityUsage="RacaJobCodeNotif"
      AliasName="SOURCE" >
   </ViewAttribute>
   <ViewAttribute
      Name="AuthAmountDate"
      EntityAttrName="AuthAmountDate"
      EntityUsage="RacaJobCodeNotif"
      AliasName="AUTH_AMOUNT_DATE" >
      <Properties>
         <SchemaBasedProperties>
            <LABEL
               ResId="gov.usda.fs.nrm.gacommon.model.dataaccess.raca.jobcode.RacaJobCodeNotifView.AuthAmountDate_LABEL"/>
         </SchemaBasedProperties>
      </Properties>
   </ViewAttribute>
   <ViewAttribute
      Name="Note1"
      EntityAttrName="Note1"
      EntityUsage="RacaJobCodeNotif"
      AliasName="NOTE_1" >
   </ViewAttribute>
   <ViewAttribute
      Name="Note2"
      EntityAttrName="Note2"
      EntityUsage="RacaJobCodeNotif"
      AliasName="NOTE_2" >
   </ViewAttribute>
   <ViewAttribute
      Name="Status"
      IsNotNull="true"
      EntityAttrName="Status"
      EntityUsage="RacaJobCodeNotif"
      AliasName="STATUS" >
   </ViewAttribute>
   <ViewAttribute
      Name="StatusDate"
      IsNotNull="true"
      EntityAttrName="StatusDate"
      EntityUsage="RacaJobCodeNotif"
      AliasName="STATUS_DATE" >
      <Properties>
         <SchemaBasedProperties>
            <LABEL
               ResId="gov.usda.fs.nrm.gacommon.model.dataaccess.raca.jobcode.RacaJobCodeNotifView.StatusDate_LABEL"/>
         </SchemaBasedProperties>
      </Properties>
   </ViewAttribute>
   <ViewLinkAccessor
      Name="RacaJobCodeNotifLinesView"
      ViewLink="gov.usda.fs.nrm.gacommon.model.dataaccess.raca.jobcode.RacaJobCodeNotifJCNLinesLk"
      Type="oracle.jbo.RowIterator"
      IsUpdateable="false" >
   </ViewLinkAccessor>
   <ViewLinkAccessor
      Name="RacaJCNotifStatusesView"
      ViewLink="gov.usda.fs.nrm.gacommon.model.dataaccess.raca.jobcode.RacaJobCodeNotifJCNStLk"
      Type="oracle.jbo.RowIterator"
      IsUpdateable="false" >
   </ViewLinkAccessor>
   <ResourceBundle>
      <PropertiesBundle
         PropertiesFile="model.ModelBundle"/>
   </ResourceBundle>
</ViewObject>
