<?xml version='1.0' encoding='windows-1252' ?>
<!DOCTYPE ViewObject SYSTEM "jbo_03_01.dtd">
<!---->

<ViewObject
   xmlns="http://xmlns.oracle.com/bc4j"
   Name="RacaJCNotifStatusesView"
   Version="12.2.1.22.48"
   SelectList="RacaJCNotifStatuses.CN, 
       RacaJCNotifStatuses.JOB_CODE_NOTIF_CN, 
       RacaJCNotifStatuses.STATUS_CODE, 
       RacaJCNotifStatuses.STATUS_DATE, 
       RacaJCNotifStatuses.COMMENTS"
   FromList="II_RACA_JC_NOTIF_STATUSES RacaJCNotifStatuses"
   BindingStyle="OracleName"
   CustomQuery="false"
   RowClass="gov.usda.fs.nrm.gacommon.model.dataaccess.raca.jobcode.RacaJCNotifStatusesViewRowImpl"
   ComponentClass="gov.usda.fs.nrm.gacommon.model.dataaccess.raca.jobcode.RacaJCNotifStatusesViewImpl"
   PageIterMode="Partial" >
   <DesignTime>
      <Attr Name="_codeGenFlag2" Value="Access|Coll" />
      <Attr Name="_isCodegen" Value="true" />
   </DesignTime>
   <EntityUsage
      Name="RacaJCNotifStatuses"
      Entity="gov.usda.fs.nrm.gacommon.model.entity.raca.RacaJCNotifStatuses" >
   </EntityUsage>
   <ViewAttribute
      Name="Cn"
      IsNotNull="true"
      EntityAttrName="Cn"
      EntityUsage="RacaJCNotifStatuses"
      AliasName="CN" >
   </ViewAttribute>
   <ViewAttribute
      Name="JobCodeNotifCn"
      IsNotNull="true"
      EntityAttrName="JobCodeNotifCn"
      EntityUsage="RacaJCNotifStatuses"
      AliasName="JOB_CODE_NOTIF_CN" >
   </ViewAttribute>
   <ViewAttribute
      Name="StatusCode"
      IsNotNull="true"
      EntityAttrName="StatusCode"
      EntityUsage="RacaJCNotifStatuses"
      AliasName="STATUS_CODE" >
   </ViewAttribute>
   <ViewAttribute
      Name="StatusDate"
      IsNotNull="true"
      EntityAttrName="StatusDate"
      EntityUsage="RacaJCNotifStatuses"
      AliasName="STATUS_DATE" >
   </ViewAttribute>
   <ViewAttribute
      Name="Comments"
      EntityAttrName="Comments"
      EntityUsage="RacaJCNotifStatuses"
      AliasName="COMMENTS" >
   </ViewAttribute>
</ViewObject>
