<?xml version='1.0' encoding='windows-1252' ?>
<!DOCTYPE ViewObject SYSTEM "jbo_03_01.dtd">
<!---->

<ViewObject
   xmlns="http://xmlns.oracle.com/bc4j"
   Name="RacaJobCodeNotifLinesView"
   Version="12.2.1.22.48"
   SelectList="RacaJobCodeNotifLines.CN, 
       RacaJobCodeNotifLines.JOB_CODE_NOTIF_CN, 
       RacaJobCodeNotifLines.JOB_CODE_FUND_TYPE, 
       RacaJobCodeNotifLines.RECIPIENT_CN, 
       RacaJobCodeNotifLines.AGMT_AMOUNT, 
       RacaJobCodeNotifLines.BURDEN_AMOUNT, 
       RacaJobCodeNotifLines.NET_SPENDING, 
       RacaJobCodeNotifLines.BURDEN_RATE, 
       RacaJobCodeNotifLines.JOB_CODE"
   FromList="II_RACA_JOB_CODE_NOTIF_LINES RacaJobCodeNotifLines"
   BindingStyle="OracleName"
   CustomQuery="false"
   RowClass="gov.usda.fs.nrm.gacommon.model.dataaccess.raca.jobcode.RacaJobCodeNotifLinesViewRowImpl"
   ComponentClass="gov.usda.fs.nrm.gacommon.model.dataaccess.raca.jobcode.RacaJobCodeNotifLinesViewImpl"
   PageIterMode="Partial" >
   <DesignTime>
      <Attr Name="_codeGenFlag2" Value="Access|Coll" />
      <Attr Name="_isCodegen" Value="true" />
   </DesignTime>
   <EntityUsage
      Name="RacaJobCodeNotifLines"
      Entity="gov.usda.fs.nrm.gacommon.model.entity.raca.RacaJobCodeNotifLines" >
   </EntityUsage>
   <ViewAttribute
      Name="Cn"
      IsNotNull="true"
      EntityAttrName="Cn"
      EntityUsage="RacaJobCodeNotifLines"
      AliasName="CN" >
   </ViewAttribute>
   <ViewAttribute
      Name="JobCodeNotifCn"
      IsNotNull="true"
      EntityAttrName="JobCodeNotifCn"
      EntityUsage="RacaJobCodeNotifLines"
      AliasName="JOB_CODE_NOTIF_CN" >
      <Properties>
         <SchemaBasedProperties>
            <LABEL
               ResId="JobCodeNotifCn_LABEL"/>
         </SchemaBasedProperties>
      </Properties>
   </ViewAttribute>
   <ViewAttribute
      Name="JobCodeFundType"
      EntityAttrName="JobCodeFundType"
      EntityUsage="RacaJobCodeNotifLines"
      AliasName="JOB_CODE_FUND_TYPE" >
      <Properties>
         <SchemaBasedProperties>
            <LABEL
               ResId="gov.usda.fs.nrm.gacommon.model.dataaccess.raca.jobcode.RacaJobCodeNotifLinesView.JobCodeFundType_LABEL"/>
         </SchemaBasedProperties>
      </Properties>
   </ViewAttribute>
   <ViewAttribute
      Name="RecipientCn"
      EntityAttrName="RecipientCn"
      EntityUsage="RacaJobCodeNotifLines"
      AliasName="RECIPIENT_CN" >
   </ViewAttribute>
   <ViewAttribute
      Name="AgmtAmount"
      EntityAttrName="AgmtAmount"
      EntityUsage="RacaJobCodeNotifLines"
      AliasName="AGMT_AMOUNT" >
      <Properties>
         <SchemaBasedProperties>
            <LABEL
               ResId="AgmtAmount_LABEL"/>
         </SchemaBasedProperties>
      </Properties>
   </ViewAttribute>
   <ViewAttribute
      Name="BurdenAmount"
      EntityAttrName="BurdenAmount"
      EntityUsage="RacaJobCodeNotifLines"
      AliasName="BURDEN_AMOUNT" >
      <Properties>
         <SchemaBasedProperties>
            <LABEL
               ResId="BurdenAmount_LABEL"/>
         </SchemaBasedProperties>
      </Properties>
   </ViewAttribute>
   <ViewAttribute
      Name="NetSpending"
      EntityAttrName="NetSpending"
      EntityUsage="RacaJobCodeNotifLines"
      AliasName="NET_SPENDING" >
      <Properties>
         <SchemaBasedProperties>
            <LABEL
               ResId="NetSpending_LABEL"/>
         </SchemaBasedProperties>
      </Properties>
   </ViewAttribute>
   <ViewAttribute
      Name="BurdenRate"
      EntityAttrName="BurdenRate"
      EntityUsage="RacaJobCodeNotifLines"
      AliasName="BURDEN_RATE" >
      <Properties>
         <SchemaBasedProperties>
            <LABEL
               ResId="BurdenRate_LABEL"/>
         </SchemaBasedProperties>
      </Properties>
   </ViewAttribute>
   <ViewAttribute
      Name="JobCode"
      IsNotNull="true"
      EntityAttrName="JobCode"
      EntityUsage="RacaJobCodeNotifLines"
      AliasName="JOB_CODE" >
      <Properties>
         <SchemaBasedProperties>
            <LABEL
               ResId="JobCode_LABEL"/>
         </SchemaBasedProperties>
      </Properties>
   </ViewAttribute>
   <ResourceBundle>
      <PropertiesBundle
         PropertiesFile="gov.usda.fs.nrm.gacommon.model.ModelBundle"/>
   </ResourceBundle>
</ViewObject>
