<?xml version="1.0" encoding="windows-1252" ?>
<!DOCTYPE ViewObject SYSTEM "jbo_03_01.dtd">
<!---->
<ViewObject
  xmlns="http://xmlns.oracle.com/bc4j"
  Name="SetNameCodeMappingLOV"
  Version="12.2.1.22.48"
  InheritPersonalization="merge"
  BindingStyle="OracleName"
  CustomQuery="true"
  ComponentClass="gov.usda.fs.nrm.gacommon.model.dataaccess.gacodeslib.lov.SetNameCodeMappingLOVImpl"
  PageIterMode="Full"
  AccessMode="DEFAULT">
  <DesignTime>
    <Attr Name="_codeGenFlag2" Value="Coll"/>
    <Attr Name="_isExpertMode" Value="true"/>
  </DesignTime>
  <Properties>
    <SchemaBasedProperties>
      <LABEL
        ResId="gov.usda.fs.nrm.gacommon.model.dataaccess.gacodeslib.lov.SetNameCodeMappingLOV_LABEL"/>
    </SchemaBasedProperties>
  </Properties>
  <SQLQuery><![CDATA[select Distinct Set_Name from II_GA_CODE_MAPPINGS ORDER BY Set_Name]]></SQLQuery>
  <ViewAttribute
    Name="SetName"
    IsUpdateable="false"
    IsPersistent="false"
    PrecisionRule="true"
    Precision="34"
    Type="java.lang.String"
    ColumnType="VARCHAR2"
    AliasName="SET_NAME"
    Expression="SET_NAME"
    SQLType="VARCHAR">
    <DesignTime>
      <Attr Name="_DisplaySize" Value="34"/>
    </DesignTime>
  </ViewAttribute>
  <AttrArray Name="KeyAttributes">
    <Item Value="SetName"/>
  </AttrArray>
  <ResourceBundle>
    <PropertiesBundle
      PropertiesFile="gov.usda.fs.nrm.gacommon.model.ModelBundle"/>
  </ResourceBundle>
</ViewObject>
